key,substructure,enrichment_strong,odds_ratio,fisher_pvalue_bh,neg_log10_fisher_bh,strong_specificity,support,count_strong,count_weak,count_inactive,dominant_class,category,sig_fdr,pA_effect,pA_sig,pA_spec,S_stat,disc2,share2,freq2,freq0,freq1,S_shap,_merge,evidence,consensus,label
cc(-c)cc(C)n,c-c(c)cc(C)n,5.850369725967812,50.90623276337562,4.5941275468061014e-20,12.0,0.9090909090909092,0.0111524163568773,30.0,3.0,0.0,2.0,Second_StrongWeak_NoInactive,True,0.988791032826261,0.9875900720576462,0.988791032826261,0.9883907125700562,7.117861,1.0,31.0,0.0,0.0,1.0,both,BOTH,0.9941784108348241,c-c(c)cc(C)n
cc([nH])C(=O)O,cc([nH])C(=O)O,5.148325358851674,23.672712550607287,5.7552533018685856e-27,12.0,0.8,0.0178438661710037,48.0,6.0,6.0,2.0,Medium_StrongEnriched,True,0.9743795036028823,0.9875900720576462,0.9743795036028823,0.9787830264211369,6.889599,0.9577,55.0,5.0,0.0,0.9991319444444444,both,BOTH,0.988905146299365,cc([nH])C(=O)O
cNC(=O)CN,cNC(=O)CN,5.056390977443609,19.78707925113978,5.455708601623032e-12,11.263148834115285,0.7857142857142857,0.00817843866171,22.0,3.0,3.0,2.0,Medium_StrongEnriched,True,0.9719775820656525,0.9703763010408326,0.9719775820656525,0.9714438217240459,1.928181,0.9992,13.0,0.0,1.0,0.9921875,both,BOTH,0.9817608756040479,cNC(=O)CN
cn(c)S(N)(=O)=O,cn(c)S(N)(=O)=O,6.435406698564593,94.11084043848965,4.297166474535827e-06,5.366817821188841,1.0,0.0029739776951672,8.0,0.0,0.0,2.0,Highest_StrongOnly,True,0.9951961569255404,0.9211369095276221,0.9951961569255404,0.9705097411262343,1.15487,1.0,8.0,0.0,0.0,0.9874131944444444,both,BOTH,0.9789249837065688,cn(c)S(N)(=O)=O
ccc(C)c(c)[nH],ccc(C)c(c)[nH],5.940375414059624,56.40278833967047,2.790701325272553e-16,12.0,0.9230769230769232,0.0089219330855018,24.0,2.0,0.0,2.0,Second_StrongWeak_NoInactive,True,0.9895916733386709,0.9875900720576462,0.9895916733386709,0.9889244729116626,0.320687,1.0,3.0,0.0,0.0,0.9657118055555556,both,BOTH,0.9772492201550216,ccc(C)c(c)[nH]
cc(c)S(=O)(=O)Nc,cNS(=O)(=O)c(c)c,4.4031730042810375,13.6233681916201,1.4021760862396689e-29,12.0,0.6842105263157895,0.0241635687732342,65.0,18.0,12.0,2.0,Medium_StrongEnriched,True,0.9539631705364291,0.9875900720576462,0.9539631705364291,0.9651721377101682,1.0838,0.967,14.0,3.0,5.0,0.9869791666666666,both,BOTH,0.9760147499741317,cNS(=O)(=O)c(c)c
cnc(c(c)N)c(c)c,cnc(c(c)N)c(c)c,4.144838212634823,10.595941692387616,4.600370027045758e-16,12.0,0.6440677966101694,0.0141263940520446,38.0,11.0,10.0,2.0,Medium_StrongEnriched,True,0.9399519615692554,0.9875900720576462,0.9399519615692554,0.9558313317320524,1.491159,0.8629,24.0,10.0,4.0,0.9904513888888888,both,BOTH,0.9729873946036133,cnc(c(c)N)c(c)c
cc(c)NS(c)(=O)=O,cS(=O)(=O)Nc(c)c,3.911717797166713,8.932022029897718,4.445455439198404e-12,11.352083738721152,0.6078431372549019,0.0115241635687732,31.0,8.0,12.0,2.0,Medium_StrongEnriched,True,0.9351481184947958,0.9711769415532426,0.9351481184947958,0.9471577261809448,3.429328,1.0,41.0,0.0,0.0,0.9952256944444444,both,BOTH,0.9708942814677877,cS(=O)(=O)Nc(c)c
ccc(c(c)-c)S(N)(=O)=O,c-c(c)c(cc)S(N)(=O)=O,5.148325358851674,18.805602923264317,9.886967599762812e-05,4.004936889052848,0.8,0.0029739776951672,8.0,2.0,0.0,2.0,Second_StrongWeak_NoInactive,True,0.9743795036028823,0.8831064851881505,0.9743795036028823,0.943955164131305,1.406196,0.9991,7.0,1.0,0.0,0.9900173611111112,both,BOTH,0.9667119532727835,c-c(c)c(cc)S(N)(=O)=O
CSS,CSS,5.516062884483937,23.862222222222226,0.0006260357105723,3.2034008928883155,0.8571428571428571,0.0022304832713754,6.0,1.0,0.0,2.0,Second_StrongWeak_NoInactive,True,0.9819855884707767,0.8574859887910328,0.9819855884707767,0.9404857219108621,1.660386,0.9458,6.0,0.0,1.0,0.9913194444444444,both,BOTH,0.9655681142998707,CSS
cNS,cNS,3.3870561571392592,7.218061427188917,3.879510391269678e-26,12.0,0.5263157894736842,0.0297397769516728,80.0,40.0,32.0,2.0,Medium_StrongEnriched,True,0.9079263410728583,0.9875900720576462,0.9079263410728583,0.9344809180677877,5.372117,1.0,105.0,0.0,0.0,0.9973958333333334,both,BOTH,0.9654260064916003,cNS
CSSC(N)=S,CSSC(N)=S,6.435406698564593,71.61818181818182,0.0001226317452109,3.911397091112006,1.0,0.0022304832713754,6.0,0.0,0.0,2.0,Highest_StrongOnly,True,0.9951961569255404,0.8811048839071257,0.9951961569255404,0.9571657325860689,0.444755,1.0,3.0,0.0,0.0,0.97265625,both,BOTH,0.964879905524863,CSSC(N)=S
N=C(N)N,N=C(N)N,4.950312845049687,16.667074663402694,1.5209867478757988e-05,4.817874569871713,0.7692307692307693,0.0037174721189591,10.0,2.0,1.0,2.0,Medium_StrongEnriched,True,0.9695756605284227,0.9039231385108086,0.9695756605284227,0.9476914865225513,0.698405,0.8987,8.0,0.0,1.0,0.98046875,both,BOTH,0.9639408110337521,N=C(N)N
ccc(F)c(c)N,ccc(F)c(c)N,4.756604951112959,15.198294855829102,1.3134992219915438e-08,7.881570180118017,0.7391304347826086,0.0063197026022304,17.0,4.0,2.0,2.0,Medium_StrongEnriched,True,0.9623698959167334,0.9551641313050441,0.9623698959167334,0.9599679743795037,0.315953,0.8481,4.0,4.0,0.0,0.96484375,both,BOTH,0.9624027744558015,ccc(F)c(c)N
ccc(CP)nc,ccc(CP)nc,5.148325358851674,19.939377965208223,8.776324592128554e-07,6.056687322766594,0.8,0.0044609665427509,12.0,2.0,1.0,2.0,Medium_StrongEnriched,True,0.9743795036028823,0.9399519615692554,0.9743795036028823,0.96290365625834,0.258815,0.859,4.0,2.0,0.0,0.9605034722222222,both,BOTH,0.9617028154537184,ccc(CP)nc
ccc(NC)c(c)F,CNc(cc)c(c)F,4.8265550239234445,15.836994480117156,9.124577782699047e-08,7.039787222311085,0.75,0.0055762081784386,15.0,4.0,1.0,2.0,Medium_StrongEnriched,True,0.9651721377101682,0.9495596477181746,0.9651721377101682,0.9599679743795037,0.29321,1.0,7.0,0.0,0.0,0.9631076388888888,both,BOTH,0.9615365251583494,CNc(cc)c(c)F
CN1C[C@@H](O)C1=O,CN1C[C@@H](O)C1=O,4.1830143540669855,10.056473489519112,8.613013799786382e-06,5.064844856955865,0.65,0.0048327137546468,13.0,5.0,2.0,2.0,Medium_StrongEnriched,True,0.9407526020816653,0.9127301841473179,0.9407526020816653,0.9314117961035495,1.655374,0.9426,18.0,1.0,1.0,0.9908854166666666,both,BOTH,0.9606884852387448,CN1C[C@@H](O)C1=O
ccc(cc)-c(c)c,ccc(cc)-c(c)c,3.012940408873423,6.017985635768959,1.1107980302520743e-28,12.0,0.4681818181818182,0.0382899628252788,103.0,54.0,63.0,2.0,Medium_StrongEnriched,True,0.8855084067253803,0.9875900720576462,0.8855084067253803,0.9195356285028023,7.056524,0.9393,91.0,1.0,42.0,0.9995659722222222,both,BOTH,0.9587160812760865,ccc(cc)-c(c)c
SCCCS,SCCCS,4.68029578077425,13.426657386462502,0.0002847576167301,3.5455246505337943,0.7272727272727273,0.0029739776951672,8.0,3.0,0.0,2.0,Second_StrongWeak_NoInactive,True,0.9611689351481185,0.8714971977582066,0.9611689351481185,0.9312783560181478,0.926842,1.0,9.0,0.0,0.0,0.9848090277777778,both,BOTH,0.9576697407669928,SCCCS
C=C(C)CSC,C=C(C)CSC,3.712734633787265,7.554172727762513,1.024514440275595e-05,4.989481915947207,0.5769230769230769,0.0055762081784386,15.0,7.0,4.0,2.0,Medium_StrongEnriched,True,0.9267413931144916,0.9099279423538831,0.9267413931144916,0.921136909527622,2.134793,0.9967,25.0,0.0,1.0,0.9943576388888888,both,BOTH,0.9570472937380337,C=C(C)CSC
cn(c)S,cn(c)S,6.435406698564593,94.11084043848965,4.297166474535827e-06,5.366817821188841,1.0,0.0029739776951672,8.0,0.0,0.0,2.0,Highest_StrongOnly,True,0.9951961569255404,0.9211369095276221,0.9951961569255404,0.9705097411262343,0.128981,1.0,1.0,0.0,0.0,0.9383680555555556,both,BOTH,0.9543035883189113,cn(c)S
cS(N)(=O)=O,cS(N)(=O)=O,2.7708001063264223,4.9995522304520605,1.8466363960891357e-22,12.0,0.4305555555555556,0.0345724907063197,93.0,46.0,77.0,2.0,Medium_StrongEnriched,True,0.8734987990392313,0.9875900720576462,0.8734987990392313,0.9115292233787029,5.842662,0.9985,122.0,0.0,3.0,0.9978298611111112,both,BOTH,0.9537038735177131,cS(N)(=O)=O
nc([nH])S,nc([nH])S,3.283370764573772,5.947332935715583,1.072586182625418e-07,6.969567802047748,0.5102040816326531,0.0092936802973977,25.0,7.0,17.0,2.0,Medium_StrongEnriched,True,0.9051240992794235,0.9483586869495596,0.9051240992794235,0.9195356285028021,0.962612,0.9979,20.0,0.0,1.0,0.9861111111111112,both,BOTH,0.9522417236863506,nc([nH])S
cc(C)nc(c)C,Cc(c)nc(c)C,3.677375256322625,7.413316770186335,5.533283119872831e-06,5.257017107799083,0.5714285714285714,0.0059479553903345,16.0,8.0,4.0,2.0,Medium_StrongEnriched,True,0.9239391513210569,0.9151321056845476,0.9239391513210569,0.9210034694422204,0.679359,0.875,15.0,0.0,18.0,0.9800347222222222,both,BOTH,0.9500607240279483,Cc(c)nc(c)C
cc(n)C(=O)O,cc(n)C(=O)O,2.66934875921168,5.123992712991223,1.335389963318921e-29,12.0,0.4147909967845659,0.0479553903345724,129.0,80.0,102.0,2.0,Medium_StrongEnriched,True,0.8622898318654924,0.9875900720576462,0.8622898318654924,0.9040565785962104,5.923262,0.9186,139.0,1.0,42.0,0.9982638888888888,both,BOTH,0.9499931767781473,cc(n)C(=O)O
csn,csn,3.861244019138756,8.192243687142755,6.342610544893867e-05,4.197731954753605,0.6,0.0044609665427509,12.0,4.0,4.0,2.0,Medium_StrongEnriched,True,0.932746196957566,0.8895116092874299,0.932746196957566,0.9183346677341873,0.722163,1.0,10.0,0.0,0.0,0.9809027777777778,both,BOTH,0.9491032749443534,csn
CSN,CSN,4.8265550239234445,14.311030303030304,0.0019023359028001,2.7207127955729367,0.75,0.0022304832713754,6.0,1.0,1.0,2.0,Medium_StrongEnriched,True,0.9651721377101682,0.8390712570056045,0.9651721377101682,0.9231385108086468,0.517507,1.0,8.0,0.0,0.0,0.9739583333333334,both,BOTH,0.9482080180124006,CSN
ccc(-c(n)[nH])c(c)N,ccc(-c(n)[nH])c(c)N,4.8265550239234445,14.311030303030304,0.0019023359028001,2.7207127955729367,0.75,0.0022304832713754,6.0,1.0,1.0,2.0,Medium_StrongEnriched,True,0.9651721377101682,0.8390712570056045,0.9651721377101682,0.9231385108086468,0.380872,1.0,7.0,0.0,0.0,0.9709201388888888,both,BOTH,0.9467279287778583,ccc(-c(n)[nH])c(c)N
cc(c)[nH],cc(c)[nH],2.601547388781431,4.119546269243045,5.897214594807528e-12,11.229353068314266,0.4042553191489361,0.0211895910780669,57.0,18.0,66.0,0.0,Medium_StrongEnriched,True,0.8590872698158527,0.9695756605284227,0.8590872698158527,0.8959167333867093,6.328436,0.9623,51.0,0.0,48.0,0.9986979166666666,both,BOTH,0.9459123506647495,cc(c)[nH]
cc(c)C1CCN1c,cN1CCC1c(c)c,3.2177033492822966,5.652446675031368,4.100904670771402e-06,5.387120326162196,0.5,0.0074349442379182,20.0,18.0,2.0,2.0,Medium_StrongEnriched,True,0.8967173738991193,0.9255404323458767,0.8967173738991193,0.9063250600480385,1.073253,1.0,7.0,0.0,0.0,0.9865451388888888,both,BOTH,0.9455847832127866,cN1CCC1c(c)c
COC(C)C,C[C@@H](C)OC,4.290271132376395,10.722395685495316,1.4826080867367392e-05,4.828973635392232,0.6666666666666666,0.0044609665427509,12.0,3.0,3.0,2.0,Medium_StrongEnriched,True,0.9471577261809447,0.9071257005604484,0.9471577261809447,0.9338137176407791,0.167029,1.0,3.0,0.0,0.0,0.9505208333333334,both,BOTH,0.942130242095015,C[C@@H](C)OC
cc(c)/N=C(\C)N,cc(c)/N=C(\C)N,3.2177033492822966,5.652446675031368,4.100904670771402e-06,5.387120326162196,0.5,0.0074349442379182,20.0,18.0,2.0,2.0,Medium_StrongEnriched,True,0.8967173738991193,0.9255404323458767,0.8967173738991193,0.9063250600480385,0.576665,1.0,17.0,0.0,0.0,0.9765625,both,BOTH,0.9407885343971634,cc(c)/N=C(\C)N
c/N=C1\CCN1c,c/N=C1\CCN1c,3.2177033492822966,5.652446675031368,4.100904670771402e-06,5.387120326162196,0.5,0.0074349442379182,20.0,18.0,2.0,2.0,Medium_StrongEnriched,True,0.8967173738991193,0.9255404323458767,0.8967173738991193,0.9063250600480385,0.376134,1.0,17.0,0.0,0.0,0.9700520833333334,both,BOTH,0.9376473285179285,c/N=C1\CCN1c
c[nH]c,c[nH]c,2.5689728353140917,4.423472084831546,4.566984622199664e-21,12.0,0.3991935483870967,0.0368029739776951,99.0,35.0,114.0,0.0,Medium_StrongEnriched,True,0.844675740592474,0.9875900720576462,0.844675740592474,0.8923138510808647,0.872776,0.9933,24.0,0.0,3.0,0.9839409722222222,both,BOTH,0.9370080886309686,c[nH]c
C=C(C)N,CC(=C)N,3.4069800168871374,6.317141451972913,4.926685151906997e-06,5.307445191156902,0.5294117647058824,0.0066914498141263,18.0,10.0,6.0,2.0,Medium_StrongEnriched,True,0.9095276220976781,0.9159327461969575,0.9095276220976781,0.9116626634641046,0.234505,1.0,12.0,0.0,0.0,0.9578993055555556,both,BOTH,0.9344950680625308,CC(=C)N
cc(C)n,Cc(c)n,2.3339074960127597,4.102540321835683,2.9427063845636047e-25,12.0,0.3626666666666667,0.0505576208178438,136.0,111.0,128.0,2.0,Medium_StrongEnriched,True,0.8214571657325861,0.9875900720576462,0.8214571657325861,0.8768348011742728,1.260771,0.4295,87.0,74.0,136.0,0.98828125,both,BOTH,0.9308917194539931,Cc(c)n
CC[C@@H](C(=O)O)N(C)C,CC[C@@H](C(=O)O)N(C)C,2.8848374855634384,4.552964914247282,0.0011025301083632,2.957609541798927,0.4482758620689655,0.0048327137546468,13.0,8.0,8.0,2.0,Medium_StrongEnriched,True,0.8791032826261009,0.8438751000800641,0.8791032826261009,0.8673605551107553,4.116641,1.0,28.0,0.0,0.0,0.99609375,both,BOTH,0.9295011715658855,CC[C@@H](C(=O)O)N(C)C
ccc(nc)C(=O)O,ccc(nc)C(=O)O,2.557115244462752,4.023466020379389,3.46497875529045e-12,11.460299423819391,0.3973509933774834,0.0223048327137546,60.0,39.0,52.0,2.0,Medium_StrongEnriched,True,0.8438751000800641,0.9723779023218575,0.8438751000800641,0.8867093674939951,0.37587,0.7099,26.0,9.0,2.0,0.9696180555555556,both,BOTH,0.9272375169029908,ccc(nc)C(=O)O
ccc(I)cc,ccc(I)cc,2.925184862983906,4.64827417380661,0.0048671530475092,2.312724997162348,0.4545454545454545,0.0037174721189591,10.0,4.0,8.0,2.0,Medium_StrongEnriched,True,0.8807045636509208,0.8206565252201762,0.8807045636509208,0.8606885508406726,1.335809,1.0,19.0,0.0,0.0,0.9887152777777778,both,BOTH,0.9224835606256562,ccc(I)cc
cccc(n)S,cccc(n)S,4.68029578077425,13.426657386462502,0.0002847576167301,3.5455246505337943,0.7272727272727273,0.0029739776951672,8.0,2.0,1.0,2.0,Medium_StrongEnriched,True,0.9611689351481185,0.8714971977582066,0.9611689351481185,0.9312783560181478,0.078369,1.0,1.0,0.0,0.0,0.9123263888888888,both,BOTH,0.9217536653555644,cccc(n)S
CCS[C@H](C)N,CCS[C@H](C)N,3.603827751196172,7.049336271295749,3.3669860617748865e-05,4.472758681445824,0.56,0.0052044609665427,14.0,6.0,5.0,2.0,Medium_StrongEnriched,True,0.9175340272217775,0.8943154523618895,0.9175340272217775,0.9097945022684816,0.116911,0.9513,4.0,4.0,0.0,0.9318576388888888,both,BOTH,0.920759988682175,CCS[C@H](C)N
ccc(c(c)Cl)c(c)n,ccc(c(c)Cl)c(c)n,3.677375256322625,7.220181767075799,0.0026324940194436,2.579632606780867,0.5714285714285714,0.0029739776951672,8.0,5.0,1.0,2.0,Medium_StrongEnriched,True,0.9239391513210569,0.8358686949559647,0.9239391513210569,0.8945823325326928,0.146544,0.9314,6.0,1.0,0.0,0.9466145833333334,both,BOTH,0.9202307764728348,ccc(c(c)Cl)c(c)n
cccc(c)S,cccc(c)S,2.1362345887351344,3.1092508837477304,1.864956505345705e-11,10.729331292385384,0.3319502074688796,0.0297397769516728,80.0,49.0,112.0,0.0,Medium_StrongEnriched,True,0.800640512409928,0.967173738991193,0.800640512409928,0.8561515879370162,0.752337,0.9692,29.0,1.0,5.0,0.9817708333333334,both,BOTH,0.9168122261120764,cccc(c)S
cc(c)N(C)C,cc(c)N(C)C,2.722672064777328,4.1102315456164655,0.0055503374979456,2.25568060804146,0.4230769230769231,0.004089219330855,11.0,7.0,8.0,2.0,Medium_StrongEnriched,True,0.8710968775020016,0.8190552441953562,0.8710968775020016,0.8537496663997866,0.587953,1.0,13.0,0.0,0.0,0.9774305555555556,both,BOTH,0.9134993216935159,cc(c)N(C)C
cc(c)C(c(c)c)P(=O)(O)O,cc(c)C(c(c)c)P(=O)(O)O,4.290271132376395,10.596973406030934,9.864610500229152e-05,4.005920057998277,0.6666666666666666,0.0037174721189591,10.0,5.0,0.0,2.0,Second_StrongWeak_NoInactive,True,0.9471577261809447,0.8851080864691754,0.9471577261809447,0.9264745129436882,0.044366,1.0,2.0,0.0,0.0,0.8980034722222222,both,BOTH,0.9121279129315275,cc(c)C(c(c)c)P(=O)(O)O
ccc(cc)C(C)N,ccc(cc)C(C)N,2.8391500140726147,4.4392654020906805,0.0004917509135657,3.308254824583614,0.4411764705882353,0.0055762081784386,15.0,16.0,3.0,1.0,Medium_StrongEnriched,True,0.8742994395516414,0.8638911128903123,0.8742994395516414,0.8708299973311983,0.198822,0.5257,15.0,1.0,3.0,0.9539930555555556,both,BOTH,0.911463531921835,ccc(cc)C(C)N
cC[C@@H](CS)C(N)=O,cC[C@@H](CS)C(N)=O,4.290271132376395,9.859831121833537,0.0293572089951024,1.5322852353922911,0.6666666666666666,0.0014869888475836,4.0,2.0,0.0,2.0,Second_StrongWeak_NoInactive,True,0.9471577261809447,0.765812650120096,0.9471577261809447,0.8867093674939953,0.117949,1.0,1.0,0.0,0.0,0.9327256944444444,both,BOTH,0.9094265284047034,cC[C@@H](CS)C(N)=O
cc(c)N,cc(c)N,1.8607166332910403,3.1348927875243664,2.592622008734457e-21,12.0,0.2891373801916932,0.0672862453531598,181.0,210.0,235.0,0.0,Medium_StrongEnriched,True,0.7734187349879904,0.9875900720576462,0.7734187349879904,0.8448091806778756,0.397192,0.4948,85.0,26.0,24.0,0.9717881944444444,both,BOTH,0.9060770322334868,cc(c)N
cccc(c)N,cccc(c)N,1.944029106858054,3.3167168387760544,9.464125945391873e-23,12.0,0.3020833333333333,0.0646840148698884,174.0,195.0,207.0,0.0,Medium_StrongEnriched,True,0.7878302642113691,0.9875900720576462,0.7878302642113691,0.8544168668267949,0.226237,0.3944,68.0,28.0,26.0,0.9574652777777778,both,BOTH,0.9044746998862576,cccc(c)N
CNC(=O)C(C)C,C[C@@H](C)C(=O)NC,3.2177033492822966,5.462093862815885,0.1666910694955296,0.7780876669548686,0.5,0.0011152416356877,3.0,3.0,0.0,1.0,Second_StrongWeak_NoInactive,False,0.8967173738991193,0.678142514011209,0.8967173738991193,0.8238590872698159,1.943174,0.8671,39.0,2.0,4.0,0.9926215277777778,both,BOTH,0.9043120401052782,C[C@@H](C)C(=O)NC
cc(N)cc(c)Cl,cc(N)cc(c)Cl,3.4652189915347806,6.355266847368913,0.0086716430276915,2.061898608376568,0.5384615384615384,0.0026022304832713,7.0,2.0,4.0,2.0,Medium_StrongEnriched,True,0.910728582866293,0.8134507606084868,0.910728582866293,0.8783026421136908,0.109115,1.0,2.0,0.0,0.0,0.9266493055555556,both,BOTH,0.9021521675317647,cc(N)cc(c)Cl
CSN(C)C,CN(C)SC,4.8265550239234445,14.311030303030304,0.0019023359028001,2.7207127955729367,0.75,0.0022304832713754,6.0,1.0,1.0,2.0,Medium_StrongEnriched,True,0.9651721377101682,0.8390712570056045,0.9651721377101682,0.9231385108086468,0.023281,1.0,2.0,0.0,0.0,0.8806423611111112,both,BOTH,0.9016401043604492,CN(C)SC
cc(C)cc(c)N,Cc(c)cc(c)N,3.003189792663477,4.855621470945608,0.021075099645651,1.6762303633008917,0.4666666666666667,0.0026022304832713,7.0,2.0,6.0,2.0,Medium_StrongEnriched,True,0.8835068054443554,0.7842273819055244,0.8835068054443554,0.8504136642647451,0.208832,0.6961,6.0,11.0,4.0,0.9557291666666666,both,BOTH,0.9015348815601597,Cc(c)cc(c)N
I,I,2.340147890387125,3.2202008066592294,0.0140638526167198,1.8518956934705784,0.3636363636363636,0.0044609665427509,12.0,8.0,13.0,0.0,Medium_StrongEnriched,True,0.8242594075260208,0.7994395516413131,0.8242594075260208,0.8159861222311182,1.979147,0.9996,33.0,1.0,0.0,0.9930555555555556,both,BOTH,0.9001775113486487,I
C=Nc(cc)cc,C=N/c(cc)cc,3.5962566844919786,7.109087972869313,9.621754992228783e-07,6.016745706140356,0.5588235294117647,0.0070631970260223,19.0,13.0,2.0,2.0,Medium_StrongEnriched,True,0.9167333867093675,0.9367493995196157,0.9167333867093675,0.9234053909794503,0.017942,1.0,1.0,0.0,0.0,0.8715277777777778,both,BOTH,0.8970916610850534,C=N/c(cc)cc
CNCCN,CNCCN,2.632666376685516,3.8828291050513273,0.0184230055235167,1.7346395176896,0.4090909090909091,0.0033457249070631,9.0,8.0,5.0,2.0,Medium_StrongEnriched,True,0.8606885508406725,0.7902321857485989,0.8606885508406725,0.8372030958099813,0.202417,0.9996,7.0,0.0,3.0,0.9548611111111112,both,BOTH,0.8940988079014426,CNCCN
[se],[se],2.681419457735247,4.017815397017332,0.1005644756555652,0.997555406471059,0.4166666666666667,0.0018587360594795,5.0,6.0,1.0,1.0,Medium_StrongEnriched,False,0.8654923939151321,0.7181745396317054,0.8654923939151321,0.8163864424873233,0.580615,1.0,12.0,0.0,0.0,0.9769965277777778,both,BOTH,0.8930883045001582,[se]
cI,cI,2.340147890387125,3.2202008066592294,0.0140638526167198,1.8518956934705784,0.3636363636363636,0.0044609665427509,12.0,8.0,13.0,0.0,Medium_StrongEnriched,True,0.8242594075260208,0.7994395516413131,0.8242594075260208,0.8159861222311182,0.554052,0.8347,11.0,12.0,0.0,0.9756944444444444,both,BOTH,0.8922741317580979,cI
cc(c)Cl,cc(c)Cl,1.9105113636363635,2.509148535468757,3.622750096399654e-06,5.440961623320668,0.296875,0.0211895910780669,57.0,59.0,76.0,0.0,Medium_StrongEnriched,True,0.7790232185748599,0.9287429943955164,0.7790232185748599,0.8289298105150787,0.23906,0.8883,45.0,14.0,0.0,0.9587673611111112,both,BOTH,0.8914879959785637,cc(c)Cl
ccc(-c(n)[nH])c(c)O,ccc(-c(n)[nH])c(c)O,2.7096449257114075,4.071969496372399,0.023680819898428,1.6256032651586303,0.4210526315789473,0.0029739776951672,8.0,1.0,10.0,0.0,Medium_StrongEnriched,True,0.8694955964771818,0.7794235388310649,0.8694955964771818,0.8394715772618095,0.13458,1.0,4.0,0.0,0.0,0.9418402777777778,both,BOTH,0.889183976190986,ccc(-c(n)[nH])c(c)O
cc(c)-c,c-c(c)c,1.3889958263823965,1.8335499314332488,1.04238478650807e-06,5.981971935729672,0.2158365261813537,0.0628252788104089,169.0,169.0,445.0,0.0,Neutral_Balanced,True,0.7165732586068855,0.9359487590072058,0.7165732586068855,0.7896984254069923,4.316544,1.0,403.0,0.0,0.0,0.9965277777777778,both,BOTH,0.8871056402624438,c-c(c)c
ccc(cc)S(N)(=O)=O,ccc(cc)S(N)(=O)=O,2.5326439265318723,3.9657453657453656,3.46497875529045e-12,11.460299423819391,0.3935483870967742,0.0226765799256505,61.0,35.0,59.0,2.0,Medium_StrongEnriched,True,0.8414731785428343,0.9723779023218575,0.8414731785428343,0.8851080864691755,0.028917,0.1414,21.0,19.0,0.0,0.8884548611111112,both,BOTH,0.8867798949188535,ccc(cc)S(N)(=O)=O
cC[C@H](CS)C(N)=O,cC[C@H](CS)C(N)=O,3.2177033492822966,5.462093862815885,0.1666910694955296,0.7780876669548686,0.5,0.0011152416356877,3.0,3.0,0.0,1.0,Second_StrongWeak_NoInactive,False,0.8967173738991193,0.678142514011209,0.8967173738991193,0.8238590872698159,0.190596,1.0,2.0,0.0,0.0,0.9522569444444444,both,BOTH,0.8857344619559204,cC[C@H](CS)C(N)=O
CCCN,CCCN,3.2177033492822966,5.472858866103739,0.09099583269786,1.0409784964455588,0.5,0.0014869888475836,4.0,1.0,3.0,2.0,Medium_StrongEnriched,False,0.8967173738991193,0.7237790232185749,0.8967173738991193,0.8390712570056045,0.119342,1.0,1.0,0.0,0.0,0.9340277777777778,both,BOTH,0.8852772794882694,CCCN
cc(c)C(=O)N(C)C,CN(C)C(=O)c(c)c,2.7096449257114075,4.071969496372399,0.023680819898428,1.6256032651586303,0.4210526315789473,0.0029739776951672,8.0,1.0,10.0,0.0,Medium_StrongEnriched,True,0.8694955964771818,0.7794235388310649,0.8694955964771818,0.8394715772618095,0.118636,0.7983,10.0,1.0,1.0,0.9331597222222222,both,BOTH,0.8850768688939289,CN(C)C(=O)c(c)c
cnc,cnc,1.3892068135757871,1.8906903990511288,1.38051767371802e-07,6.859958029047117,0.2158693115519253,0.0687732342007435,185.0,200.0,472.0,0.0,Neutral_Balanced,True,0.7173738991192954,0.9471577261809447,0.7173738991192954,0.7939685081398452,0.61953,0.5348,172.0,123.0,6.0,0.9782986111111112,both,BOTH,0.8813275717797393,cnc
cN(C)C,cN(C)C,2.037878787878788,2.6865527814279457,6.489786186658922e-05,4.187769611286507,0.3166666666666666,0.0141263940520446,38.0,38.0,44.0,0.0,Medium_StrongEnriched,True,0.7966373098478783,0.88871096877502,0.7966373098478783,0.8273285294902589,0.124947,1.0,5.0,0.0,0.0,0.9370659722222222,both,BOTH,0.8804893030775394,cN(C)C
c[se]n,c[se]n,2.681419457735247,4.017815397017332,0.1005644756555652,0.997555406471059,0.4166666666666667,0.0018587360594795,5.0,6.0,1.0,1.0,Medium_StrongEnriched,False,0.8654923939151321,0.7181745396317054,0.8654923939151321,0.8163864424873233,0.141643,1.0,5.0,0.0,0.0,0.9453125,both,BOTH,0.8784875120989472,c[se]n
cSCC(N)=O,cSCC(N)=O,1.9169296548915808,2.4216206328882386,0.0025320640458136,2.5965253135078843,0.2978723404255319,0.0104089219330855,28.0,21.0,45.0,0.0,Medium_StrongEnriched,True,0.7806244995996797,0.8366693354683747,0.7806244995996797,0.7993061115559114,0.304401,0.8482,30.0,3.0,1.0,0.9635416666666666,both,BOTH,0.8775903047011375,cSCC(N)=O
cc(n)=O,cc(n)=O,2.188038277511962,2.9137934239140537,0.0062604793708282,2.2033924111769934,0.34,0.0063197026022304,17.0,10.0,23.0,0.0,Medium_StrongEnriched,True,0.8182546036829463,0.8166533226581265,0.8182546036829463,0.8177208433413398,0.131689,1.0,15.0,0.0,0.0,0.9401041666666666,both,BOTH,0.8767797739429064,cc(n)=O
cNC(=O)[C@H](C)N,cNC(=O)[C@H](C)N,3.2177033492822966,5.462093862815885,0.1666910694955296,0.7780876669548686,0.5,0.0011152416356877,3.0,2.0,1.0,2.0,Medium_StrongEnriched,False,0.8967173738991193,0.678142514011209,0.8967173738991193,0.8238590872698159,0.114474,0.5858,1.0,0.0,2.0,0.9301215277777778,both,BOTH,0.8753793879941467,cNC(=O)[C@H](C)N
CN,CN,1.5902163270584322,1.933471371009924,0.0004913508536335,3.3086082851029164,0.2471042471042471,0.0237918215613382,64.0,60.0,135.0,0.0,Medium_StrongEnriched,True,0.7365892714171337,0.8646917534027222,0.7365892714171337,0.7792900987456632,0.53936,0.6964,41.0,27.0,0.0,0.9748263888888888,both,BOTH,0.8715919646584063,CN
CCCC(c)C,cC(C)CCC,2.574162679425837,3.785561844669203,0.1756609509123386,0.7553247705941162,0.4,0.0014869888475836,4.0,2.0,4.0,0.0,Medium_StrongEnriched,False,0.8518815052041633,0.6697357886309048,0.8518815052041633,0.7911662663464104,0.155537,1.0,5.0,0.0,0.0,0.9483506944444444,both,BOTH,0.8662003683390099,cC(C)CCC
cC(=O)O,cC(=O)O,1.7616476437411457,2.973512935919438,1.1180114345912247e-20,12.0,0.2737430167597765,0.0728624535315985,196.0,161.0,359.0,0.0,Medium_StrongEnriched,True,0.755004003202562,0.9875900720576462,0.755004003202562,0.8325326928209235,0.036943,0.3077,35.0,1.0,74.0,0.8953993055555556,both,BOTH,0.8633939975492947,cC(=O)O
cCC(CS)C(N)=O,cCC(CS)C(N)=O,1.9132290184921763,2.392383377705753,0.1280599494075275,0.8925866740879557,0.2972972972972973,0.004089219330855,11.0,24.0,2.0,1.0,Medium_StrongEnriched,False,0.7798238590872698,0.7093674939951962,0.7798238590872698,0.7563384040565785,0.828115,1.0,12.0,0.0,0.0,0.9830729166666666,both,BOTH,0.8622852201347952,cCC(CS)C(N)=O
N,N,1.1501725794950757,1.8712529928172383,4.903213687500129e-06,5.309519179305343,0.1787257019438445,0.1230483271375464,331.0,571.0,950.0,0.0,Neutral_Balanced,True,0.6653322658126501,0.9167333867093675,0.6653322658126501,0.7491326394448894,1.34311,0.3595,272.0,21.0,440.0,0.9891493055555556,both,BOTH,0.8608159095160316,N
cc[nH],cc[nH],1.7413453419645368,2.10151201011378,0.0263015347410432,1.5800189089201553,0.2705882352941176,0.0085501858736059,23.0,11.0,51.0,0.0,Medium_StrongEnriched,True,0.7526020816653323,0.77662129703763,0.7526020816653323,0.7606084867894315,0.326585,0.9972,8.0,1.0,0.0,0.9665798611111112,both,BOTH,0.8574315398449378,cc[nH]
ccc(Cl)c(c)N,ccc(Cl)c(c)N,2.475156422524844,3.543566398748133,0.1347233258319148,0.8705572045512263,0.3846153846153846,0.0018587360594795,5.0,5.0,3.0,1.0,Medium_StrongEnriched,False,0.8382706164931946,0.6985588470776621,0.8382706164931946,0.7917000266880171,0.109252,0.6646,3.0,3.0,0.0,0.9275173611111112,both,BOTH,0.8569221198832866,ccc(Cl)c(c)N
CC(=O)NC(C)C,C[C@H](C)NC(C)=O,2.082043343653251,2.7171215880893302,0.0030069291438107,2.52187680562564,0.3235294117647059,0.00817843866171,22.0,20.0,26.0,0.0,Medium_StrongEnriched,True,0.7990392313851081,0.8294635708566853,0.7990392313851081,0.8091806778756339,0.056845,0.2107,5.0,40.0,4.0,0.9058159722222222,both,BOTH,0.8561359602500961,C[C@H](C)NC(C)=O
cc(c)C(=O)CS,cc(c)C(=O)CS,3.2177033492822966,5.462093862815885,0.1666910694955296,0.7780876669548686,0.5,0.0011152416356877,3.0,3.0,0.0,1.0,Second_StrongWeak_NoInactive,False,0.8967173738991193,0.678142514011209,0.8967173738991193,0.8238590872698159,0.029368,1.0,3.0,0.0,0.0,0.8893229166666666,both,BOTH,0.8559654002429833,cc(c)C(=O)CS
CCOc,cOCC,2.340147890387125,3.279372738238842,0.2202827197237429,0.6570195701346347,0.3636363636363636,0.0014869888475836,4.0,2.0,5.0,0.0,Medium_StrongEnriched,False,0.8242594075260208,0.6345076060848679,0.8242594075260208,0.7610088070456366,0.290729,0.9994,4.0,1.0,0.0,0.9626736111111112,both,BOTH,0.8559223658521734,cOCC
cF,cF,1.9513813860163605,2.550719154505027,1.8537538093396503e-05,4.731947943516635,0.3032258064516129,0.0174721189591078,47.0,23.0,85.0,0.0,Medium_StrongEnriched,True,0.789031224979984,0.9019215372297839,0.789031224979984,0.8266613290632506,0.021486,0.5964,14.0,16.0,0.0,0.8784722222222222,both,BOTH,0.8521731131450754,cF
cc(c)c,cc(c)c,1.522354272778721,2.002264873590592,2.500657887917693e-07,6.601945719525965,0.2365591397849462,0.0490706319702602,132.0,114.0,312.0,0.0,Medium_StrongEnriched,True,0.7309847878302642,0.9455564451561249,0.7309847878302642,0.802508673605551,0.050772,0.1303,99.0,63.0,0.0,0.9036458333333334,both,BOTH,0.8515771363285396,cc(c)c
cccc(c)s,cccc(c)s,1.8927666760484096,2.353770942608341,0.0421194412944973,1.3755173982730209,0.2941176470588235,0.0055762081784386,15.0,17.0,19.0,0.0,Medium_StrongEnriched,True,0.77822257806245,0.7497998398718975,0.77822257806245,0.7687483319989324,0.134835,0.5981,21.0,0.0,5.0,0.9422743055555556,both,BOTH,0.8511003470104367,cccc(c)s
cc(n)S,cc(n)S,4.022129186602871,8.962715375200075,0.0002152108169165,3.667135903967096,0.625,0.0037174721189591,10.0,2.0,4.0,2.0,Medium_StrongEnriched,True,0.9375500400320256,0.877502001601281,0.9375500400320256,0.9175340272217775,0.004912,0.8805,1.0,3.0,0.0,0.7888454861111112,both,BOTH,0.8507599988993656,cc(n)S
cc(Cl)cc(c)Cl,cc(Cl)cc(c)Cl,2.145135566188197,2.8221251600271104,0.0358542951042575,1.4454588113114906,0.3333333333333333,0.0044609665427509,12.0,13.0,11.0,1.0,Medium_StrongEnriched,True,0.8090472377902321,0.7586068855084067,0.8090472377902321,0.7922337870296237,0.064675,0.7661,3.0,7.0,1.0,0.9084201388888888,both,BOTH,0.8483402188072431,cc(Cl)cc(c)Cl
cNC(=O)CS,cNC(=O)CS,1.8563673168936323,2.31674915567533,0.0028343717861318,2.5475431837020537,0.2884615384615384,0.0111524163568773,30.0,33.0,41.0,0.0,Medium_StrongEnriched,True,0.7726180944755805,0.8322658126501201,0.7726180944755805,0.792500667200427,0.033373,0.5384,16.0,0.0,5.0,0.8914930555555556,both,BOTH,0.8405408028955674,cNC(=O)CS
cc(c)C(F)(F)F,cc(c)C(F)(F)F,1.7429226475279105,2.0983484135391883,0.1390293486892499,0.856893511771957,0.2708333333333333,0.0048327137546468,13.0,11.0,24.0,0.0,Medium_StrongEnriched,False,0.7534027221777422,0.6901521216973578,0.7534027221777422,0.7323191886842807,0.305235,0.9767,12.0,1.0,3.0,0.9639756944444444,both,BOTH,0.8402011059662571,cc(c)C(F)(F)F
ccc(-c(c)c)c(c)-c,c-c(c)c(cc)-c(c)c,2.340147890387125,3.2252089545970013,0.0554397022829162,1.2561791105974367,0.3636363636363636,0.0029739776951672,8.0,4.0,10.0,0.0,Medium_StrongEnriched,False,0.8242594075260208,0.7417934347477982,0.8242594075260208,0.79677074993328,0.027673,0.2608,1.0,0.0,8.0,0.8858506944444444,both,BOTH,0.8401308958379146,c-c(c)c(cc)-c(c)c
cCON(C)C,cCON(C)C,2.145135566188197,2.892286950968566,0.2730999174185824,0.5636784311845412,0.3333333333333333,0.0014869888475836,4.0,2.0,6.0,0.0,Medium_StrongEnriched,False,0.8090472377902321,0.6140912730184147,0.8090472377902321,0.7440619161996262,0.145383,1.0,7.0,0.0,0.0,0.9461805555555556,both,BOTH,0.8390571596962233,cCON(C)C
S,S,1.1203339596691395,1.3790980869551943,0.0165760028726151,1.780520186671782,0.1740890688259109,0.0959107806691449,258.0,416.0,808.0,0.0,Neutral_Balanced,True,0.6613290632506005,0.7934347477982386,0.6613290632506005,0.7053642914331465,4.428679,0.9659,263.0,4.0,36.0,0.9969618055555556,both,BOTH,0.8385828865184436,S
cc(c)CCC,cc(c)CCC,1.6343890028100554,1.9206668846028117,0.1258251229573319,0.9002326365345212,0.2539682539682539,0.0059479553903345,16.0,19.0,28.0,0.0,Medium_StrongEnriched,False,0.7429943955164131,0.7101681345076061,0.7429943955164131,0.7320523085134774,0.256215,0.6271,14.0,25.0,4.0,0.9600694444444444,both,BOTH,0.8383442330801872,cc(c)CCC
CC(N)=O,CC(N)=O,1.2611171628311018,1.4832983417973238,0.0048307342043085,2.315986857520259,0.1959654178674351,0.0505576208178438,136.0,233.0,325.0,0.0,Neutral_Balanced,True,0.6845476381104884,0.822257806244996,0.6845476381104884,0.7304510274886575,0.205544,0.1882,117.0,55.0,52.0,0.9552951388888888,both,BOTH,0.835342035190561,CC(N)=O
cccc(c)c,cccc(c)c,1.762928783793864,2.4916136120417804,3.566013006263273e-11,10.447817077162329,0.2739420935412027,0.045724907063197,123.0,99.0,227.0,0.0,Medium_StrongEnriched,True,0.755804643714972,0.9647718174539631,0.755804643714972,0.8254603682946358,0.010087,0.1576,23.0,62.0,11.0,0.8428819444444444,both,BOTH,0.8341256741582828,cccc(c)c
NC(=S)S,NC(=S)S,1.703490008443569,2.0446982211688094,0.2585884938801472,0.5873908033362606,0.2647058823529412,0.0033457249070631,9.0,15.0,10.0,1.0,Medium_StrongEnriched,False,0.7485988791032826,0.622898318654924,0.7485988791032826,0.706698692287163,0.823278,0.9576,11.0,1.0,0.0,0.9826388888888888,both,BOTH,0.8333244372801559,NC(=S)S
CC[C@H](NC)C(=O)O,CN[C@@H](CC)C(=O)O,2.681419457735247,4.017815397017332,0.1005644756555652,0.997555406471059,0.4166666666666667,0.0018587360594795,5.0,4.0,3.0,2.0,Medium_StrongEnriched,False,0.8654923939151321,0.7181745396317054,0.8654923939151321,0.8163864424873233,0.010286,0.0815,24.0,5.0,19.0,0.84375,both,BOTH,0.8299554571473574,CN[C@@H](CC)C(=O)O
CNC(C)=O,CNC(C)=O,2.4132775119617222,3.472814790504321,0.2956297726768292,0.5292518305676541,0.375,0.0011152416356877,3.0,3.0,2.0,1.0,Medium_StrongEnriched,False,0.8326661329063251,0.6044835868694955,0.8326661329063251,0.7566052842273819,0.061921,1.0,1.0,0.0,0.0,0.9075520833333334,both,BOTH,0.8286487204850854,CNC(C)=O
cccc(C)n,Cc(n)ccc,1.6088516746411483,1.9055357363252208,0.0119397329601356,1.9230053863755312,0.25,0.0137546468401487,37.0,50.0,61.0,0.0,Medium_StrongEnriched,True,0.7397918334667735,0.8046437149719776,0.7397918334667735,0.7614091273018415,0.048074,0.2139,14.0,31.0,33.0,0.9014756944444444,both,BOTH,0.8284876714778355,Cc(n)ccc
cc(C)cc(c)-n,cc(C)cc(c)-n,1.6935280785696296,2.0242865425497647,0.210889730185093,0.6759445688263792,0.2631578947368421,0.0037174721189591,10.0,13.0,15.0,0.0,Medium_StrongEnriched,False,0.7469975980784628,0.6429143314651722,0.7469975980784628,0.7123031758740326,0.27502,0.547,8.0,3.0,8.0,0.9613715277777778,both,BOTH,0.8275191794943377,cc(C)cc(c)-n
ccc(cc)N(C)C,CN(C)c(cc)cc,2.491125173637907,3.604447516995045,6.23635179224604e-05,4.205069394265435,0.3870967741935484,0.0089219330855018,24.0,32.0,6.0,1.0,Medium_StrongEnriched,True,0.8398718975180144,0.8903122497998399,0.8398718975180144,0.8566853482786229,0.005567,0.1173,17.0,12.0,4.0,0.7986111111111112,both,BOTH,0.8271387053338758,CN(C)c(cc)cc
CNNC(c)=O,CNNC(c)=O,1.9306220095693776,2.544484556758925,0.4127697585049684,0.3842921287149644,0.3,0.0011152416356877,3.0,4.0,3.0,1.0,Medium_StrongEnriched,False,0.7842273819055244,0.5208166533226581,0.7842273819055244,0.6964238057112357,0.482029,1.0,10.0,0.0,0.0,0.9735243055555556,both,BOTH,0.823398750197854,CNNC(c)=O
CNc,CNc,1.6399105872790083,2.0274048417541737,0.0001122475314161,3.949823201363608,0.2548262548262548,0.0245353159851301,66.0,81.0,112.0,0.0,Medium_StrongEnriched,True,0.743795036028823,0.8823058446757406,0.743795036028823,0.7899653055777955,0.012149,0.783,7.0,0.0,2.0,0.8559027777777778,both,BOTH,0.8222733726639251,CNc
cN,cN,2.1615106468461227,2.967911501049018,2.4861481918979195e-06,5.604472987920694,0.3358778625954198,0.01635687732342,44.0,39.0,48.0,0.0,Medium_StrongEnriched,True,0.8174539631705364,0.9319455564451561,0.8174539631705364,0.8556178275954096,0.004671,0.5599,3.0,0.0,2.0,0.7860243055555556,both,BOTH,0.8200831718530962,cN
CC(C)S,C[C@@H](C)S,3.2177033492822966,5.462093862815885,0.1666910694955296,0.7780876669548686,0.5,0.0011152416356877,3.0,0.0,3.0,0.0,Medium_StrongEnriched,False,0.8967173738991193,0.678142514011209,0.8967173738991193,0.8238590872698159,0.007106,0.2945,7.0,3.0,3.0,0.8159722222222222,both,BOTH,0.8199061716059487,C[C@@H](C)S
ccc(-c(c)c)c(c)c,ccc(-c(c)c)c(c)c,3.575225943646996,6.705226387209459,0.0293572089951024,1.5322852353922911,0.5555555555555556,0.0018587360594795,5.0,1.0,3.0,2.0,Medium_StrongEnriched,True,0.9155324259407526,0.765812650120096,0.9155324259407526,0.8656258340005337,0.004365,0.8992,1.0,1.0,0.0,0.7764756944444444,both,BOTH,0.819839874966213,ccc(-c(c)c)c(c)c
Cc(n)o,Cc(n)o,2.145135566188197,2.937239655651208,0.3515257467962129,0.4540428604534837,0.3333333333333333,0.0011152416356877,3.0,0.0,6.0,0.0,Medium_StrongEnriched,False,0.8090472377902321,0.5544435548438751,0.8090472377902321,0.7241793434747797,0.109673,1.0,3.0,0.0,0.0,0.9279513888888888,both,BOTH,0.8197580298978874,Cc(n)o
cccc(c)Cl,cccc(c)Cl,1.766582230978516,2.188287209904776,0.0008331360777643,3.079284058622456,0.2745098039215686,0.0156133828996282,42.0,46.0,65.0,0.0,Medium_StrongEnriched,True,0.7566052842273819,0.8462770216172938,0.7566052842273819,0.7864958633573526,0.011922,0.1268,3.0,4.0,24.0,0.8541666666666666,both,BOTH,0.8196331801184429,cccc(c)Cl
CN(C)C,CN(C)C,1.353726328177018,1.5372624904909422,0.0275468792827607,1.5599275941640496,0.2103559870550161,0.0241635687732342,65.0,92.0,152.0,0.0,Neutral_Balanced,True,0.7141713370696557,0.7758206565252201,0.7141713370696557,0.7347211102215105,0.063667,0.1187,28.0,19.0,50.0,0.9079861111111112,both,BOTH,0.8167720389565667,CN(C)C
cC(c)P,cC(c)P,4.290271132376395,10.596973406030934,9.864610500229152e-05,4.005920057998277,0.6666666666666666,0.0037174721189591,10.0,5.0,0.0,2.0,Second_StrongWeak_NoInactive,True,0.9471577261809447,0.8851080864691754,0.9471577261809447,0.9264745129436882,0.002298,1.0,1.0,0.0,0.0,0.7200520833333334,both,BOTH,0.8167679616637384,cC(c)P
nc[nH],nc[nH],2.8601807549175966,4.504317527647326,0.0002672186582986,3.573133220922345,0.4444444444444444,0.0059479553903345,16.0,8.0,12.0,2.0,Medium_StrongEnriched,True,0.8767013610888711,0.8742994395516414,0.8767013610888711,0.8759007205764612,0.003363,0.2796,2.0,0.0,4.0,0.7521701388888888,both,BOTH,0.8116811976686873,nc[nH]
cc(c)C[C@@H](C)N,C[C@@H](N)Cc(c)c,1.7265725288831837,2.074927084380972,0.1666910694955296,0.7780876669548686,0.2682926829268293,0.004089219330855,11.0,10.0,20.0,0.0,Medium_StrongEnriched,False,0.7518014411529224,0.678142514011209,0.7518014411529224,0.7272484654390179,0.045577,1.0,13.0,0.0,0.0,0.9001736111111112,both,BOTH,0.8091043673774446,C[C@@H](N)Cc(c)c
C=S,C=S,1.3080094915781693,1.4306013325679343,0.3587903900736634,0.4451591977178883,0.2032520325203252,0.0092936802973977,25.0,66.0,32.0,1.0,Neutral_Balanced,False,0.7117694155324259,0.5424339471577262,0.7117694155324259,0.655324259407526,3.540701,1.0,113.0,0.0,0.0,0.9956597222222222,both,BOTH,0.8077623227702446,C=S
C=NNC(N)=S,C=N/NC(N)=S,1.453156351288779,1.6441451199775718,0.3515257467962129,0.4540428604534837,0.2258064516129032,0.0052044609665427,14.0,34.0,14.0,1.0,Neutral_Balanced,False,0.7273819055244195,0.5544435548438751,0.7273819055244195,0.6697357886309048,0.378142,0.8677,10.0,2.0,1.0,0.9704861111111112,both,BOTH,0.8062067234775085,C=N/NC(N)=S
cC(C)N,cC(C)N,3.003189792663477,4.963958413554101,7.999550488564906e-06,5.096934416235635,0.4666666666666667,0.0078066914498141,21.0,19.0,5.0,2.0,Medium_StrongEnriched,True,0.8835068054443554,0.9135308246597278,0.8835068054443554,0.8935148118494795,0.002443,0.5242,1.0,5.0,0.0,0.7248263888888888,both,BOTH,0.8047627690764485,cC(C)N
ccc(c(c)C)c(c)c,ccc(c(c)C)c(c)c,2.145135566188197,3.025877017473656,0.4513455900264954,0.3454907965553292,0.3333333333333333,0.0007434944237918,2.0,2.0,2.0,0.0,Medium_StrongEnriched,False,0.8090472377902321,0.48478783026421135,0.8090472377902321,0.7009607686148919,0.101771,0.7534,3.0,1.0,0.0,0.9227430555555556,both,BOTH,0.8042429244054784,ccc(c(c)C)c(c)c
NCCCN,NCCCN,2.574162679425837,3.892128279883382,0.3802649752069439,0.4199136739963857,0.4,0.0007434944237918,2.0,1.0,2.0,0.0,Medium_StrongEnriched,False,0.8518815052041633,0.5320256204963971,0.8518815052041633,0.7452628769682411,0.011887,1.0,1.0,0.0,0.0,0.8528645833333334,both,BOTH,0.7972504707049851,NCCCN
CCCS,CCCS,1.3990014562096942,1.574973591992086,0.4513455900264954,0.3454907965553292,0.217391304347826,0.0037174721189591,10.0,31.0,5.0,1.0,Neutral_Balanced,False,0.7189751801441153,0.48478783026421135,0.7189751801441153,0.6409127301841473,1.218582,0.9734,12.0,2.0,0.0,0.9878472222222222,both,BOTH,0.7956908069088586,CCCS
CNNC(=S)S,CNNC(=S)S,1.9306220095693776,2.544484556758925,0.4127697585049684,0.3842921287149644,0.3,0.0011152416356877,3.0,4.0,3.0,1.0,Medium_StrongEnriched,False,0.7842273819055244,0.5208166533226581,0.7842273819055244,0.6964238057112357,0.03598,1.0,4.0,0.0,0.0,0.89453125,both,BOTH,0.7892862962529053,CNNC(=S)S
CCSc(n)[nH],CCSc(n)[nH],3.283370764573772,5.947332935715583,1.072586182625418e-07,6.969567802047748,0.5102040816326531,0.0092936802973977,25.0,7.0,17.0,2.0,Medium_StrongEnriched,True,0.9051240992794235,0.9483586869495596,0.9051240992794235,0.9195356285028021,0.000967,0.1235,2.0,1.0,4.0,0.6762152777777778,both,BOTH,0.7885455221194182,CCSc(n)[nH]
cc(C)[nH],Cc(c)[nH],4.903167008430166,19.06556092464412,2.3420592963086216e-25,12.0,0.7619047619047619,0.0178438661710037,48.0,7.0,8.0,2.0,Medium_StrongEnriched,True,0.9679743795036029,0.9875900720576462,0.9679743795036029,0.9745129436882841,0.000302,0.0298,1.0,8.0,19.0,0.6371527777777778,both,BOTH,0.787980728857876,Cc(c)[nH]
nCCC(=O)O,nCCC(=O)O,3.2177033492822966,5.462093862815885,0.1666910694955296,0.7780876669548686,0.5,0.0011152416356877,3.0,0.0,3.0,0.0,Medium_StrongEnriched,False,0.8967173738991193,0.678142514011209,0.8967173738991193,0.8238590872698159,0.003437,1.0,2.0,0.0,0.0,0.7534722222222222,both,BOTH,0.7878800272142706,nCCC(=O)O
cccc(c)-c,c-c(c)ccc,1.4472838261269736,1.932457235796348,2.0970065814726405e-07,6.678400206495665,0.2248939179632249,0.0591078066914498,159.0,152.0,396.0,0.0,Neutral_Balanced,True,0.7261809447558046,0.9463570856685348,0.7261809447558046,0.7995729917267146,0.004319,0.0423,35.0,21.0,177.0,0.7756076388888888,both,BOTH,0.7874991557027107,c-c(c)ccc
cc(c)n,cc(c)n,1.2024635353719308,1.2936168849513192,0.3143156150066733,0.5026340429633946,0.1868512110726643,0.0200743494423791,54.0,74.0,161.0,0.0,Neutral_Balanced,False,0.6749399519615693,0.5980784627702161,0.6749399519615693,0.6493194555644516,0.200011,0.4839,66.0,5.0,29.0,0.9544270833333334,both,BOTH,0.787228095361165,cc(c)n
cc(n)/C=N/N,cc(n)/C=N/N,1.5444976076555024,1.821010101010101,0.4842391197228398,0.3149401285797699,0.24,0.0022304832713754,6.0,18.0,1.0,1.0,Medium_StrongEnriched,False,0.7345876701361089,0.4467574059247398,0.7345876701361089,0.6386442487323192,0.35534,1.0,11.0,0.0,0.0,0.96875,both,BOTH,0.7865663455548008,cc(n)/C=N/N
C=O,C=O,1.0931833716522712,1.5102871373606743,0.0055384663238961,2.256610480629312,0.1698701298701298,0.1215613382899628,327.0,489.0,1109.0,0.0,Neutral_Balanced,True,0.6565252201761409,0.8198558847077662,0.6565252201761409,0.710968775020016,0.016949,0.363,22.0,77.0,0.0,0.8684895833333334,both,BOTH,0.7857919414069758,C=O
con,con,2.145135566188197,3.025877017473656,0.4513455900264954,0.3454907965553292,0.3333333333333333,0.0007434944237918,2.0,1.0,3.0,0.0,Medium_StrongEnriched,False,0.8090472377902321,0.48478783026421135,0.8090472377902321,0.7009607686148919,0.022184,1.0,3.0,0.0,0.0,0.8793402777777778,both,BOTH,0.7851006540470742,con
cc(c)OCC,CCOc(c)c,1.6088516746411483,1.937239146546008,0.4513455900264954,0.3454907965553292,0.25,0.0018587360594795,5.0,5.0,10.0,0.0,Medium_StrongEnriched,False,0.7397918334667735,0.48478783026421135,0.7397918334667735,0.6547904990659194,0.132917,0.3809,31.0,7.0,7.0,0.9405381944444444,both,BOTH,0.7847645976538674,CCOc(c)c
CN(C)CC(N)=O,CN(C)CC(N)=O,2.4132775119617222,3.472814790504321,0.2956297726768292,0.5292518305676541,0.375,0.0011152416356877,3.0,1.0,4.0,0.0,Medium_StrongEnriched,False,0.8326661329063251,0.6044835868694955,0.8326661329063251,0.7566052842273819,0.006645,0.9696,1.0,1.0,0.0,0.8133680555555556,both,BOTH,0.7844734341295976,CN(C)CC(N)=O
cc(s)CCc,cCCc(c)s,1.8386876281613125,2.339307254868172,0.4718634990647218,0.3261836161469435,0.2857142857142857,0.0014869888475836,4.0,1.0,9.0,0.0,Medium_StrongEnriched,False,0.7678142514011209,0.4511609287429944,0.7678142514011209,0.6622631438484121,0.106307,0.992,1.0,1.0,0.0,0.92578125,both,BOTH,0.7830139214221626,cCCc(c)s
ccc(cc)c(c)n,ccc(cc)c(c)n,2.0566763675824986,2.6972495755517825,0.0003295367348399,3.482096165746664,0.3195876288659793,0.0115241635687732,31.0,28.0,38.0,0.0,Medium_StrongEnriched,True,0.7982385908726981,0.8702962369895917,0.7982385908726981,0.822257806244996,0.003026,0.2112,4.0,1.0,5.0,0.7421875,both,BOTH,0.7811974561994285,ccc(cc)c(c)n
cncc(c)-c,c-c(c)cnc,1.8386876281613125,2.339307254868172,0.4718634990647218,0.3261836161469435,0.2857142857142857,0.0014869888475836,4.0,3.0,7.0,0.0,Medium_StrongEnriched,False,0.7678142514011209,0.4511609287429944,0.7678142514011209,0.6622631438484121,0.095262,0.983,1.0,1.0,0.0,0.9166666666666666,both,BOTH,0.7791498883576324,c-c(c)cnc
CCS,CCS,1.127977188862798,1.2042534085119978,0.3644980298869129,0.4383048147028097,0.1752767527675277,0.0353159851301115,95.0,187.0,260.0,0.0,Neutral_Balanced,False,0.6621297037630104,0.5396317053642914,0.6621297037630104,0.621297037630104,0.51944,0.3383,65.0,38.0,67.0,0.9743923611111112,both,BOTH,0.7780662487524671,CCS
ccc(-c(c)c)c(C)n,Cc(n)c(cc)-c(c)c,4.504784688995215,11.818260718625238,0.0011215531278565,2.950180149108691,0.7,0.0026022304832713,7.0,0.0,3.0,2.0,Medium_StrongEnriched,True,0.9551641313050441,0.8430744595676541,0.9551641313050441,0.9178009073925808,0.000594,0.1092,1.0,0.0,3.0,0.6569010416666666,both,BOTH,0.7764691700955024,Cc(n)c(cc)-c(c)c
CCNCC,CCNCC,1.6088516746411483,1.9632810615199037,0.541053863845423,0.2667594971736788,0.25,0.0014869888475836,4.0,7.0,5.0,1.0,Medium_StrongEnriched,False,0.7397918334667735,0.44155324259407525,0.7397918334667735,0.6403789698425407,0.123246,0.7546,10.0,4.0,1.0,0.9361979166666666,both,BOTH,0.7742877097331022,CCNCC
O=S,O=S,1.989777558609108,2.954072401891021,8.338243394819011e-14,12.0,0.309192200557103,0.041263940520446,111.0,88.0,160.0,0.0,Medium_StrongEnriched,True,0.7934347477982386,0.9875900720576462,0.7934347477982386,0.8581531892180413,0.00147,0.1019,8.0,9.0,5.0,0.6935763888888888,both,BOTH,0.7714886843572836,O=S
cc(C)cc(c)c,cc(C)cc(c)c,1.5142133408387275,1.7387547293194452,0.305356221820357,0.515193226561452,0.2352941176470588,0.0044609665427509,12.0,16.0,23.0,0.0,Medium_StrongEnriched,False,0.7297838270616493,0.5988791032826261,0.7297838270616493,0.6861489191353082,0.014968,0.2931,4.0,3.0,3.0,0.8654513888888888,both,BOTH,0.770602708955959,cc(C)cc(c)c
ccnc(c)c,ccnc(c)c,1.3147605083088951,1.4404162921773025,0.4117731833087781,0.3853419401858014,0.2043010752688172,0.0070631970260223,19.0,26.0,48.0,0.0,Neutral_Balanced,False,0.7125700560448359,0.5264211369095276,0.7125700560448359,0.6505204163330665,0.072557,0.28,43.0,17.0,0.0,0.9110243055555556,both,BOTH,0.7698310922140926,ccnc(c)c
CCC(=O)NO,CCC(=O)NO,1.716108452950558,2.134945193265852,0.5015111462012767,0.2997194102409409,0.2666666666666666,0.0014869888475836,4.0,9.0,2.0,1.0,Medium_StrongEnriched,False,0.7502001601281025,0.44435548438751,0.7502001601281025,0.6482519348812383,0.077216,0.3427,2.0,2.0,4.0,0.9118923611111112,both,BOTH,0.7688536840606922,CCC(=O)NO
cCCCC,cCCCC,1.3200834253465832,1.4734450824584808,0.624428810259094,0.2045170674163206,0.2051282051282051,0.0029739776951672,8.0,10.0,21.0,0.0,Neutral_Balanced,False,0.7133706965572458,0.40392313851080863,0.7133706965572458,0.6102215105417668,0.348953,0.7766,12.0,2.0,5.0,0.9683159722222222,both,BOTH,0.7686918987807559,cCCCC
NC(N)=S,NC(N)=S,1.3914392861761282,1.5518076126771778,0.3510214393177255,0.4546663573431926,0.2162162162162162,0.0059479553903345,16.0,40.0,18.0,1.0,Neutral_Balanced,False,0.7181745396317054,0.578462770216173,0.7181745396317054,0.6716039498265279,0.021931,0.5127,5.0,1.0,2.0,0.87890625,both,BOTH,0.7682948060654984,NC(N)=S
cc(c)C(C)(C)C,cc(c)C(C)(C)C,1.716108452950558,2.134945193265852,0.5015111462012767,0.2997194102409409,0.2666666666666666,0.0014869888475836,4.0,3.0,8.0,0.0,Medium_StrongEnriched,False,0.7502001601281025,0.44435548438751,0.7502001601281025,0.6482519348812383,0.068944,0.9831,10.0,1.0,1.0,0.91015625,both,BOTH,0.7681214422907044,cc(c)C(C)(C)C
cC(C)C,cC(C)C,2.4953617810760664,3.588809782720204,0.0004698053239938,3.3280820659576014,0.3877551020408163,0.0070631970260223,19.0,8.0,22.0,0.0,Medium_StrongEnriched,True,0.8406725380304243,0.8654923939151321,0.8406725380304243,0.848945823325327,0.001449,0.2498,3.0,1.0,2.0,0.6922743055555556,both,BOTH,0.7666181450349516,cC(C)C
[nH],[nH],1.0920690155139916,1.154007444297885,0.4513455900264954,0.3454907965553292,0.1696969696969697,0.041635687732342,112.0,90.0,458.0,0.0,Neutral_Balanced,False,0.655724579663731,0.48478783026421135,0.655724579663731,0.5987456631972244,0.591558,1.0,97.0,0.0,0.0,0.9778645833333334,both,BOTH,0.7651746065212791,[nH]
ccc(C(=O)O)c(c)O,ccc(C(=O)O)c(c)O,1.453156351288779,1.6727006720063482,0.5670370520539,0.2463885619592895,0.2258064516129032,0.0026022304832713,7.0,11.0,13.0,0.0,Neutral_Balanced,False,0.7273819055244195,0.4347477982385909,0.7273819055244195,0.6298372030958099,0.105611,0.4898,3.0,4.0,1.0,0.9249131944444444,both,BOTH,0.7632461853788067,ccc(C(=O)O)c(c)O
C=C(C)C,C=C(C)C,2.7096449257114075,4.100289855072464,0.000555860289805,3.255034350488394,0.4210526315789473,0.0059479553903345,16.0,10.0,12.0,2.0,Medium_StrongEnriched,True,0.8694955964771818,0.8630904723779024,0.8694955964771818,0.8673605551107553,0.000861,0.0414,4.0,3.0,2.0,0.6707899305555556,both,BOTH,0.7627691174460144,C=C(C)C
ccc(c(c)N)c(c)c,ccc(c(c)N)c(c)c,1.8386876281613125,2.339307254868172,0.4718634990647218,0.3261836161469435,0.2857142857142857,0.0014869888475836,4.0,2.0,8.0,0.0,Medium_StrongEnriched,False,0.7678142514011209,0.4511609287429944,0.7678142514011209,0.6622631438484121,0.021003,1.0,1.0,0.0,0.0,0.8767361111111112,both,BOTH,0.761990822300292,ccc(c(c)N)c(c)c
cc(C)cc(c)-c,Cc(c)cc(-c)c,1.8386876281613125,2.339307254868172,0.4718634990647218,0.3261836161469435,0.2857142857142857,0.0014869888475836,4.0,2.0,8.0,0.0,Medium_StrongEnriched,False,0.7678142514011209,0.4511609287429944,0.7678142514011209,0.6622631438484121,0.020975,0.4393,2.0,1.0,0.0,0.8763020833333334,both,BOTH,0.7618021873618155,Cc(c)cc(-c)c
cc(c)C(C)C,cc(c)C(C)C,3.802740321879078,7.93231228502823,3.3669860617748865e-05,4.472758681445824,0.5909090909090909,0.0048327137546468,13.0,3.0,6.0,2.0,Medium_StrongEnriched,True,0.9303442754203363,0.8943154523618895,0.9303442754203363,0.9183346677341873,0.000221,0.0229,2.0,0.0,5.0,0.6317274305555556,both,BOTH,0.761667381497861,cc(c)C(C)C
CN(C)S,CN(C)S,1.7752846065005774,2.168399286179645,0.2973683967185669,0.5267051886723033,0.2758620689655172,0.0029739776951672,8.0,6.0,15.0,0.0,Medium_StrongEnriched,False,0.7594075260208166,0.5996797437950361,0.7594075260208166,0.7061649319455565,0.007339,0.719,3.0,1.0,0.0,0.8198784722222222,both,BOTH,0.7609004044817117,CN(C)S
cc(c)OC,cc(c)OC,1.2219126642844165,1.310182333528637,0.4513455900264954,0.3454907965553292,0.189873417721519,0.0111524163568773,30.0,45.0,83.0,0.0,Neutral_Balanced,False,0.6813450760608487,0.48478783026421135,0.6813450760608487,0.6158259941286363,0.105455,0.402,48.0,9.0,10.0,0.9244791666666666,both,BOTH,0.7545318428427743,cc(c)OC
ccc(Cl)cc,ccc(Cl)cc,1.8667591950034697,2.3585839066244105,0.0004607131179665,3.3365694218272584,0.2900763358778626,0.0141263940520446,38.0,33.0,60.0,0.0,Medium_StrongEnriched,True,0.7758206565252201,0.866293034427542,0.7758206565252201,0.8059781158259941,0.001845,0.1443,5.0,4.0,8.0,0.7057291666666666,both,BOTH,0.7541898063706834,ccc(Cl)cc
CCNC(=N)N,CCNC(=N)N,4.8265550239234445,14.311030303030304,0.0019023359028001,2.7207127955729367,0.75,0.0022304832713754,6.0,1.0,1.0,2.0,Medium_StrongEnriched,True,0.9651721377101682,0.8390712570056045,0.9651721377101682,0.9231385108086468,9.9e-05,0.0408,1.0,2.0,0.0,0.6141493055555556,both,BOTH,0.7529574193436971,CCNC(=N)N
C[C@H](N)C(=O)O,C[C@H](N)C(=O)O,1.1504637673411564,1.2117218847983862,0.6446181317056434,0.1906974828929348,0.1787709497206704,0.0118959107806691,32.0,58.0,89.0,0.0,Neutral_Balanced,False,0.6661329063250601,0.3819055244195356,0.6661329063250601,0.5713904456898852,0.641558,0.5943,69.0,0.0,27.0,0.9791666666666666,both,BOTH,0.7479882873891448,C[C@H](N)C(=O)O
CF,CF,1.2556891119150426,1.3601924064820436,0.6202659855326618,0.2074220342477497,0.1951219512195122,0.0059479553903345,16.0,20.0,46.0,0.0,Neutral_Balanced,False,0.6829463570856685,0.4235388310648519,0.6829463570856685,0.5964771817453963,0.107692,1.0,32.0,0.0,0.0,0.9262152777777778,both,BOTH,0.7432807535369246,CF
ccccc,ccccc,1.0562673608586262,1.1885423971937967,0.3240354533816378,0.4894074701462909,0.1641337386018237,0.1003717472118959,270.0,427.0,948.0,0.0,Neutral_Balanced,False,0.6373098478783027,0.5964771817453963,0.6373098478783027,0.623698959167334,0.027557,0.5962,26.0,14.0,4.0,0.8854166666666666,both,BOTH,0.7431241171092553,ccccc
ccc(N)cc,ccc(N)cc,2.6401668506931664,3.924065019162152,0.0007380915529624,3.131889764897396,0.4102564102564102,0.0059479553903345,16.0,10.0,13.0,2.0,Medium_StrongEnriched,True,0.8614891913530824,0.8494795836669335,0.8614891913530824,0.8574859887910328,0.000352,0.0293,4.0,2.0,10.0,0.6419270833333334,both,BOTH,0.7419187824713882,ccc(N)cc
cc(c)S,cc(c)S,2.129186602870813,3.1488783054993927,1.1563983540729233e-12,11.936892535141778,0.3308550185873606,0.033085501858736,89.0,57.0,123.0,0.0,Medium_StrongEnriched,True,0.799839871897518,0.9743795036028823,0.799839871897518,0.8580197491326395,0.000344,0.0219,5.0,30.0,29.0,0.6410590277777778,both,BOTH,0.7416476968164215,cc(c)S
cCNCC,cCNCC,1.8386876281613125,2.4746262141220123,0.5432271660884713,0.265018519678752,0.2857142857142857,0.0007434944237918,2.0,2.0,3.0,0.0,Medium_StrongEnriched,False,0.7678142514011209,0.43915132105684546,0.7678142514011209,0.6582599412863624,0.008475,1.0,2.0,0.0,0.0,0.8285590277777778,both,BOTH,0.73851690365034,cCNCC
cc(c)C(=O)N(C)O,cc(c)C(=O)N(C)O,2.032233694283556,2.637351290684624,0.2724869427520011,0.5646543037602524,0.3157894736842105,0.0022304832713754,6.0,3.0,10.0,0.0,Medium_StrongEnriched,False,0.7958366693354684,0.6148919135308246,0.7958366693354684,0.7355217507339203,0.002937,1.0,1.0,0.0,0.0,0.7389322916666666,both,BOTH,0.7372250489779186,cc(c)C(=O)N(C)O
CCO,CCO,0.6298483151786624,0.5761493269874322,0.0439755159971118,1.3567890559436424,0.0978723404255319,0.0085501858736059,23.0,53.0,159.0,0.0,Neutral_Balanced,True,0.5020016012810248,0.745396317053643,0.5020016012810248,0.5831331732052308,0.104069,0.3676,30.0,21.0,6.0,0.9240451388888888,both,BOTH,0.7340581543891097,CCO
OP,OP,1.191741981215665,1.2682044765907536,0.5933200419768958,0.2267109812210144,0.1851851851851851,0.0092936802973977,25.0,28.0,82.0,0.0,Neutral_Balanced,False,0.6717373899119295,0.43274619695756605,0.6717373899119295,0.5920736589271417,0.065874,1.0,29.0,0.0,0.0,0.9088541666666666,both,BOTH,0.7335588673647886,OP
ccc(O)c(c)C,Cc(c)c(O)cc,0.4875308104973176,0.4512327329952789,0.0394463115603549,1.4039935993968669,0.0757575757575757,0.0037174721189591,10.0,42.0,80.0,0.0,Neutral_Balanced,True,0.4499599679743795,0.7566052842273819,0.4499599679743795,0.552175073392047,0.398855,0.3157,62.0,10.0,42.0,0.9722222222222222,both,BOTH,0.7326915291641732,Cc(c)c(O)cc
CNC(C)(C)C,CNC(C)(C)C,1.2870813397129186,1.8111776447105787,0.7802674544627747,0.1077565074532979,0.2,0.0003717472118959,1.0,2.0,2.0,0.0,Neutral_Balanced,False,0.6985588470776621,0.2790232185748599,0.6985588470776621,0.558713637576728,0.225507,1.0,5.0,0.0,0.0,0.95703125,both,BOTH,0.7312362210408501,CNC(C)(C)C
cc(C)nc(c)c,Cc(c)nc(c)c,3.1067480613760106,5.366071241157826,6.716038296638858e-08,7.172886836064139,0.4827586206896552,0.0104089219330855,28.0,15.0,15.0,2.0,Medium_StrongEnriched,True,0.8879103282626101,0.9511609287429944,0.8879103282626101,0.9089938617560716,1e-05,0.0046,1.0,12.0,11.0,0.5876736111111112,both,BOTH,0.7308841941210829,Cc(c)nc(c)c
cc(c)Cn(c)n,cc(c)Cn(c)n,2.340147890387125,3.279372738238842,0.2202827197237429,0.6570195701346347,0.3636363636363636,0.0014869888475836,4.0,2.0,5.0,0.0,Medium_StrongEnriched,False,0.8242594075260208,0.6345076060848679,0.8242594075260208,0.7610088070456366,0.00174,1.0,1.0,0.0,0.0,0.7000868055555556,both,BOTH,0.7299124774411134,cc(c)Cn(c)n
ccc(cc)Cc,cCc(cc)cc,1.1783139025540803,1.26026747605046,0.7802674544627747,0.1077565074532979,0.1830985915492957,0.0048327137546468,13.0,17.0,41.0,0.0,Neutral_Balanced,False,0.6693354683746997,0.2790232185748599,0.6693354683746997,0.5392313851080864,0.854632,0.8762,47.0,7.0,1.0,0.9835069444444444,both,BOTH,0.7282429621466997,cCc(cc)cc
ccc(cc)CN,ccc(cc)CN,0.4107706403339101,0.3889539462420818,0.0388142843610546,1.4110084167377188,0.0638297872340425,0.0022304832713754,6.0,33.0,55.0,0.0,Neutral_Balanced,True,0.4291433146517214,0.7574059247397918,0.4291433146517214,0.5385641846810781,0.90325,0.8661,29.0,7.0,1.0,0.984375,both,BOTH,0.7281133972778115,ccc(cc)CN
cc(c)O,cc(c)O,0.8457963089542037,0.7749644205808223,0.152426016385511,0.8169409003956127,0.1314285714285714,0.0342007434944237,92.0,192.0,416.0,0.0,Neutral_Balanced,False,0.5604483586869495,0.688550840672538,0.5604483586869495,0.6031491860154791,0.021015,0.058,65.0,24.0,224.0,0.8771701388888888,both,BOTH,0.7273681703703552,cc(c)O
cOCC(N)=O,cOCC(N)=O,1.980125138019875,2.586692908386769,0.3319427976177674,0.4789367500891938,0.3076923076923077,0.0014869888475836,4.0,5.0,4.0,1.0,Medium_StrongEnriched,False,0.7918334667734187,0.5948759007205765,0.7918334667734187,0.7261809447558046,0.002353,1.0,1.0,0.0,0.0,0.72265625,both,BOTH,0.724416453677501,cOCC(N)=O
cCC,cCC,0.8475901505426537,0.8038004759733501,0.3587903900736634,0.4451591977178883,0.1317073170731707,0.0200743494423791,54.0,86.0,270.0,0.0,Neutral_Balanced,False,0.5612489991993594,0.5424339471577262,0.5612489991993594,0.5549773151854817,0.140261,0.3558,109.0,4.0,95.0,0.9435763888888888,both,BOTH,0.7236459707467233,cCC
cc(c)CC(C)C,C[C@H](C)Cc(c)c,3.677375256322625,7.039634671721523,0.0554397022829162,1.2561791105974367,0.5714285714285714,0.0014869888475836,4.0,2.0,1.0,2.0,Medium_StrongEnriched,False,0.9239391513210569,0.7417934347477982,0.9239391513210569,0.863223912463304,4.4e-05,0.0228,1.0,0.0,10.0,0.6032986111111112,both,BOTH,0.7216521235796446,C[C@H](C)Cc(c)c
F,F,1.6978519800468288,2.1214699427268795,7.029077197355635e-05,4.153101686986196,0.2638297872340425,0.0230483271375464,62.0,43.0,130.0,0.0,Medium_StrongEnriched,True,0.7477982385908727,0.8879103282626101,0.7477982385908727,0.7945022684814518,0.00051,0.1353,2.0,6.0,0.0,0.6527777777777778,both,BOTH,0.7201620826305183,F
ccc(O)c(c)-c,c-c(c)c(O)cc,1.2870813397129186,1.4132625629006683,0.617310947945091,0.2094960207973817,0.2,0.004089219330855,11.0,14.0,30.0,0.0,Neutral_Balanced,False,0.6985588470776621,0.4267413931144916,0.6985588470776621,0.6079530290899386,0.010999,0.1582,2.0,0.0,18.0,0.84765625,both,BOTH,0.7178685010602697,c-c(c)c(O)cc
cccc(c)O,cccc(c)O,0.844572782990917,0.7882552618903814,0.2395982291415883,0.6205163961194478,0.1312384473197781,0.0263940520446096,71.0,152.0,318.0,0.0,Neutral_Balanced,False,0.5596477181745396,0.6309047237790232,0.5596477181745396,0.5834000533760342,0.025895,0.0986,48.0,37.0,40.0,0.8828125,both,BOTH,0.7176578987379921,cccc(c)O
CCCCC,CCCCC,0.5132532949775442,0.4695200134365104,0.0238244833941085,1.6229765077524034,0.0797546012269938,0.0048327137546468,13.0,47.0,103.0,0.0,Neutral_Balanced,True,0.46517213771016813,0.77822257806245,0.46517213771016813,0.5695222844942621,0.051881,0.1694,10.0,23.0,61.0,0.9040798611111112,both,BOTH,0.7175608879149248,CCCCC
cOC,cOC,0.8044258373205742,0.7575107153977119,0.2925729590853844,0.5337658158138874,0.125,0.0159851301115241,43.0,87.0,214.0,0.0,Neutral_Balanced,False,0.5464371497197759,0.610088070456365,0.5464371497197759,0.567654123298639,0.048491,0.3948,44.0,6.0,8.0,0.90234375,both,BOTH,0.7156948723585046,cOC
cCN,cCN,0.7265781756443895,0.6793575304641704,0.1712075009778705,0.7664772118438248,0.1129032258064516,0.0104089219330855,28.0,70.0,150.0,0.0,Neutral_Balanced,False,0.5284227381905524,0.6729383506805444,0.5284227381905524,0.5765946090205497,0.026944,0.1675,26.0,8.0,45.0,0.8845486111111112,both,BOTH,0.714161018666856,cCN
CO,CO,1.2632804045546429,1.9609472597903428,1.7482262620143173e-08,7.757402360039638,0.1963015647226173,0.1026022304832713,276.0,342.0,788.0,0.0,Neutral_Balanced,True,0.6853482786228983,0.9543634907926342,0.6853482786228983,0.7750200160128102,0.000495,0.0475,8.0,47.0,36.0,0.6510416666666666,both,BOTH,0.7103311361083693,CO
cnc(c(c)O)c(c)c,cnc(c(c)O)c(c)c,0.6128958760537707,0.5945324130464203,0.3701740167669435,0.4315940684863164,0.0952380952380952,0.0029739776951672,8.0,37.0,39.0,0.0,Neutral_Balanced,False,0.4967974379503603,0.5384307445956765,0.4967974379503603,0.5106752068321324,0.947354,0.8445,14.0,0.0,13.0,0.9856770833333334,both,BOTH,0.7094792797544852,cnc(c(c)O)c(c)c
CCn,CCn,0.4884962180428569,0.422072288287801,0.0001928744837907,3.7147252232730015,0.0759075907590759,0.0085501858736059,23.0,32.0,248.0,0.0,Neutral_Balanced,True,0.45076060848678945,0.8787029623698959,0.45076060848678945,0.5934080597811583,0.010988,0.1081,32.0,7.0,15.0,0.8472222222222222,both,BOTH,0.7090475971980796,CCn
ccn,ccn,0.8206223306894448,0.7520351711226572,0.1249226104880531,0.903358948963846,0.1275167785234899,0.0282527881040892,76.0,130.0,390.0,0.0,Neutral_Balanced,False,0.55564451561249,0.710968775020016,0.55564451561249,0.6074192687483321,0.008035,0.0371,76.0,232.0,1.0,0.8255208333333334,both,BOTH,0.7081223488351763,ccn
cC[C@H](NC)C(=O)O,cC[C@H](NC)C(=O)O,1.966374269005848,2.487309034043065,0.0743948309254098,1.1284572388971177,0.3055555555555556,0.004089219330855,11.0,10.0,15.0,0.0,Medium_StrongEnriched,False,0.7902321857485989,0.7301841473178543,0.7902321857485989,0.7702161729383507,0.000445,0.7463,1.0,1.0,0.0,0.6484375,both,BOTH,0.7067086030604918,cC[C@H](NC)C(=O)O
ccc(C)cc,ccc(C)cc,0.6872764435360245,0.6652495440225502,0.4467142840024578,0.3499701604355583,0.1067961165048543,0.004089219330855,11.0,29.0,63.0,0.0,Neutral_Balanced,False,0.5156124899919936,0.5160128102481986,0.5156124899919936,0.5157459300773953,0.334263,0.336,47.0,36.0,0.0,0.9670138888888888,both,BOTH,0.7062106467073114,ccc(C)cc
CC(N)N,CC(N)N,2.4132775119617222,3.472814790504321,0.2956297726768292,0.5292518305676541,0.375,0.0011152416356877,3.0,1.0,4.0,0.0,Medium_StrongEnriched,False,0.8326661329063251,0.6044835868694955,0.8326661329063251,0.7566052842273819,0.000518,0.1092,1.0,1.0,0.0,0.6532118055555556,both,BOTH,0.7030103155737065,CC(N)N
CC,CC,0.8920365720782605,0.8535432318596841,0.5061310266080786,0.2957370389574386,0.1386138613861386,0.0260223048327137,70.0,141.0,294.0,0.0,Neutral_Balanced,False,0.5724579663730984,0.44275420336269017,0.5724579663730984,0.5292233787029623,0.116964,0.1979,84.0,94.0,45.0,0.9322916666666666,both,BOTH,0.70241764340736,CC
ccc(cc)-c(n)n,ccc(cc)-c(n)n,0.4271287631790659,0.3744217997955243,0.0002772566966493,3.5571179554303627,0.0663716814159292,0.0055762081784386,15.0,41.0,170.0,0.0,Neutral_Balanced,True,0.433146517213771,0.8726981585268214,0.433146517213771,0.5796637309847877,0.011606,0.0719,6.0,67.0,3.0,0.8511284722222222,both,BOTH,0.7024018121814006,ccc(cc)-c(n)n
Cl,Cl,1.8249660786974216,2.342962569455412,1.5185028621949128e-05,4.81858438515218,0.2835820895522388,0.0211895910780669,57.0,60.0,84.0,0.0,Medium_StrongEnriched,True,0.7622097678142514,0.9047237790232185,0.7622097678142514,0.8097144382172404,6.3e-05,-0.0941,1.0,4.0,2.0,0.6080729166666666,both,BOTH,0.7016875516309726,Cl
cc(c)s,cc(c)s,1.7752846065005774,2.1514504932407745,0.0639294673597806,1.1942989139561206,0.2758620689655172,0.0059479553903345,16.0,19.0,23.0,0.0,Medium_StrongEnriched,False,0.7594075260208166,0.7349879903923139,0.7594075260208166,0.7512676808113157,0.000545,0.0941,2.0,0.0,2.0,0.6545138888888888,both,BOTH,0.7012240236645851,cc(c)s
ccc(cc)NC,CNc(cc)cc,1.5389016018306636,1.8035197582541849,0.0114530583435132,1.9410785269174289,0.2391304347826087,0.01635687732342,44.0,79.0,61.0,1.0,Medium_StrongEnriched,True,0.733386709367494,0.8062449959967974,0.733386709367494,0.7576728049105951,0.000467,0.0142,5.0,10.0,60.0,0.6488715277777778,both,BOTH,0.7011649666647728,CNc(cc)cc
cc(-c)o,c-c(c)o,0.1214227678974451,0.1519589392643285,0.0107078561138137,1.970297473252432,0.0188679245283018,0.0003717472118959,1.0,10.0,42.0,0.0,Neutral_Balanced,True,0.36909527622097676,0.8086469175340272,0.36909527622097676,0.5156124899919935,0.155932,1.0,21.0,0.0,0.0,0.9487847222222222,both,BOTH,0.6994320932666458,c-c(c)o
ccc(cc)C(c)C,cC(C)c(cc)cc,1.1700739451935624,1.4301510077715296,0.8495835280432094,0.0707939164006577,0.1818181818181818,0.0007434944237918,2.0,1.0,8.0,0.0,Neutral_Balanced,False,0.6677341873498799,0.19815852682145715,0.6677341873498799,0.511208967173739,0.212608,1.0,3.0,0.0,0.0,0.9561631944444444,both,BOTH,0.6991417589312537,cC(C)c(cc)cc
ccc(oc)c(c)c,ccc(oc)c(c)c,0.316495411404816,0.3188723297026546,0.0728895503732018,1.1373347287539832,0.0491803278688524,0.0011152416356877,3.0,7.0,51.0,0.0,Neutral_Balanced,False,0.40752602081665334,0.7317854283426741,0.40752602081665334,0.5156124899919936,0.133469,0.9437,15.0,0.0,1.0,0.9409722222222222,both,BOTH,0.696546502764388,ccc(oc)c(c)c
C,C,0.9952171562377176,0.8423717217787914,0.7802674544627747,0.1077565074532979,0.1546471268800617,0.1490706319702602,401.0,673.0,1519.0,0.0,Neutral_Balanced,False,0.622898318654924,0.2790232185748599,0.622898318654924,0.5082732852949027,0.196097,0.2476,265.0,153.0,198.0,0.953125,both,BOTH,0.6960229702004842,C
CCCCN,CCCCN,0.4811519026964181,0.4523163931717051,0.0757905333602585,1.1203850366654842,0.0747663551401869,0.0029739776951672,8.0,30.0,69.0,0.0,Neutral_Balanced,False,0.4475580464371497,0.7285828662930345,0.4475580464371497,0.5412329863891112,0.034051,0.2663,4.0,10.0,8.0,0.8927951388888888,both,BOTH,0.6951332097191981,CCCCN
COCCn,COCCn,1.2870813397129186,1.8111776447105787,0.7802674544627747,0.1077565074532979,0.2,0.0003717472118959,1.0,0.0,4.0,0.0,Neutral_Balanced,False,0.6985588470776621,0.2790232185748599,0.6985588470776621,0.558713637576728,0.013783,1.0,4.0,0.0,0.0,0.8628472222222222,both,BOTH,0.6943230589579703,COCCn
ccc(NC)c(c)O,CNc(cc)c(c)O,1.8386876281613125,2.4746262141220123,0.5432271660884713,0.265018519678752,0.2857142857142857,0.0007434944237918,2.0,4.0,1.0,1.0,Medium_StrongEnriched,False,0.7678142514011209,0.43915132105684546,0.7678142514011209,0.6582599412863624,0.002687,1.0,2.0,0.0,0.0,0.73046875,both,BOTH,0.6934250619111791,CNc(cc)c(c)O
ccc(Cl)c(c)Cl,ccc(Cl)c(c)Cl,1.2066387559808611,1.409858715514552,0.8758704040557456,0.0575601483606094,0.1875,0.0011152416356877,3.0,7.0,6.0,1.0,Neutral_Balanced,False,0.677742193755004,0.17253803042433946,0.677742193755004,0.5093408059781158,0.137525,0.7029,3.0,2.0,2.0,0.9431423611111112,both,BOTH,0.6930951524577534,ccc(Cl)c(c)Cl
cC(F)(F)F,cC(F)(F)F,1.549264575580365,1.790159404572668,0.2468829185676189,0.6075089571658919,0.2407407407407407,0.0048327137546468,13.0,11.0,30.0,0.0,Medium_StrongEnriched,False,0.7357886309047238,0.6301040832666133,0.7357886309047238,0.7005604483586869,0.001229,0.3145,1.0,3.0,0.0,0.6853298611111112,both,BOTH,0.6929033083869615,cC(F)(F)F
ccc(cc)CO,ccc(cc)CO,1.0846191064996504,1.1335961344943155,0.9104484924898776,0.0407446188533251,0.1685393258426966,0.0055762081784386,15.0,26.0,48.0,0.0,Neutral_Balanced,False,0.6549239391513211,0.16212970376301042,0.6549239391513211,0.4906591940218841,0.456433,0.997,7.0,1.0,0.0,0.9730902777777778,both,BOTH,0.6909816867363243,ccc(cc)CO
nn[nH],nn[nH],1.2455625868189537,1.3533179886254307,0.624428810259094,0.2045170674163206,0.1935483870967742,0.0044609665427509,12.0,11.0,39.0,0.0,Neutral_Balanced,False,0.6821457165732586,0.40392313851080863,0.6821457165732586,0.5894048572191086,0.005675,1.0,2.0,0.0,0.0,0.8016493055555556,both,BOTH,0.6873834406506821,nn[nH]
ccc(Cl)c(c)C,ccc(Cl)c(c)C,2.2523923444976077,3.0504927771027406,0.0971197181201042,1.0126925867616197,0.35,0.0026022304832713,7.0,7.0,6.0,1.0,Medium_StrongEnriched,False,0.8206565252201762,0.722177742193755,0.8206565252201762,0.7878302642113691,2.8e-05,0.0128,1.0,6.0,0.0,0.59765625,both,BOTH,0.68618633135984,ccc(Cl)c(c)C
csc,csc,1.5270456572865136,1.8368077315832505,0.0006266171530184,3.202997720914112,0.2372881355932203,0.0260223048327137,70.0,77.0,148.0,0.0,Medium_StrongEnriched,True,0.7317854283426741,0.8566853482786229,0.7317854283426741,0.7734187349879904,5.1e-05,0.0165,1.0,8.0,21.0,0.6061197916666666,both,BOTH,0.6846783204702903,csc
cc(-c)cc(c)C,c-c(c)cc(c)C,1.199821587867975,1.2943773322370502,0.744092354493105,0.1283731577907817,0.1864406779661017,0.004089219330855,11.0,19.0,29.0,0.0,Neutral_Balanced,False,0.6729383506805444,0.36148919135308244,0.6729383506805444,0.569121964238057,0.00769,0.1113,10.0,13.0,9.0,0.8220486111111112,both,BOTH,0.6839926317254611,c-c(c)cc(c)C
cc(-c)cc(c)F,c-c(c)cc(c)F,0.3217703349282296,0.3483731154799582,0.2182913688065699,0.6609634358611081,0.05,0.0007434944237918,2.0,1.0,37.0,0.0,VeryNegative_InactiveEnriched,False,0.40912730184147317,0.6357085668534828,0.40912730184147317,0.4846543901788097,0.235506,0.9565,7.0,0.0,4.0,0.9583333333333334,both,BOTH,0.6815133580896948,c-c(c)cc(c)F
cc(n)CNC,CNCc(c)n,2.145135566188197,3.025877017473656,0.4513455900264954,0.3454907965553292,0.3333333333333333,0.0007434944237918,2.0,2.0,2.0,0.0,Medium_StrongEnriched,False,0.8090472377902321,0.48478783026421135,0.8090472377902321,0.7009607686148919,0.000695,0.0482,1.0,1.0,5.0,0.662109375,both,BOTH,0.681258171625945,CNCc(c)n
ccc(C)c(c)-c,c-c(c)c(C)cc,0.1787612971823498,0.2264485114278485,0.1232919036537443,0.90906544176559,0.0277777777777777,0.0003717472118959,1.0,3.0,32.0,0.0,VeryNegative_InactiveEnriched,False,0.37710168134507605,0.7117694155324259,0.37710168134507605,0.48865759274085935,0.155216,1.0,34.0,0.0,0.0,0.9479166666666666,both,BOTH,0.6805928859841784,c-c(c)c(C)cc
cccc(c)C,cccc(c)C,1.0135460265291485,1.0275155033792631,0.9736862810692398,0.0115809490220423,0.1574952561669829,0.0617100371747211,166.0,272.0,616.0,0.0,Neutral_Balanced,False,0.6244995996797438,0.15372297838270615,0.6244995996797438,0.46757405924739787,0.928128,0.2962,296.0,152.0,233.0,0.9852430555555556,both,BOTH,0.6787297656883928,cccc(c)C
ccc(F)cc,ccc(F)cc,1.8386876281613125,2.2673051361575958,0.0174368439748825,1.7585321185047915,0.2857142857142857,0.00817843866171,22.0,18.0,37.0,0.0,Medium_StrongEnriched,True,0.7678142514011209,0.7910328262610088,0.7678142514011209,0.7755537763544168,1.8e-05,0.0056,1.0,7.0,24.0,0.5913628472222222,both,BOTH,0.6772249916821547,ccc(F)cc
NC(N)=O,NC(N)=O,1.2066387559808611,1.409858715514552,0.8758704040557456,0.0575601483606094,0.1875,0.0011152416356877,3.0,1.0,12.0,0.0,Neutral_Balanced,False,0.677742193755004,0.17253803042433946,0.677742193755004,0.5093408059781158,0.038029,0.3557,3.0,2.0,1.0,0.8958333333333334,both,BOTH,0.6754883211588948,NC(N)=O
CC(C)O,C[C@@H](C)O,1.876993620414673,2.325880940864549,0.0581037925153321,1.2357955196797743,0.2916666666666667,0.0052044609665427,14.0,11.0,23.0,0.0,Medium_StrongEnriched,False,0.7774219375500401,0.7397918334667735,0.7774219375500401,0.7648785695222845,2.2e-05,0.0056,2.0,18.0,5.0,0.5935329861111112,both,BOTH,0.6737808704474747,C[C@@H](C)O
ccc(OC)c(c)O,ccc(OC)c(c)O,0.2340147890387124,0.2490154940480865,0.0358542951042575,1.4454588113114906,0.0363636363636363,0.0007434944237918,2.0,16.0,37.0,0.0,Neutral_Balanced,True,0.3867093674939952,0.7586068855084067,0.3867093674939952,0.5106752068321324,0.027733,0.3343,4.0,1.0,6.0,0.8862847222222222,both,BOTH,0.6727582283651329,ccc(OC)c(c)O
ccc(CC)c(c)N,ccc(CC)c(c)N,1.1491797676008202,1.2732254495870745,0.9348246028358282,0.0292698663105818,0.1785714285714285,0.0018587360594795,5.0,5.0,18.0,0.0,Neutral_Balanced,False,0.6645316253002402,0.15612489991993594,0.6645316253002402,0.49506271684013886,0.068572,0.2221,4.0,18.0,0.0,0.9097222222222222,both,BOTH,0.6710957866826328,ccc(CC)c(c)N
cccc(c)F,cccc(c)F,1.256915370813397,1.3583595749774413,0.4467142840024578,0.3499701604355583,0.1953125,0.0092936802973977,25.0,20.0,83.0,0.0,Neutral_Balanced,False,0.6837469975980784,0.5160128102481986,0.6837469975980784,0.6278356018147851,0.002051,0.0279,5.0,16.0,70.0,0.7131076388888888,both,BOTH,0.6691146117224807,cccc(c)F
cn(C)n,cn(C)n,1.2870813397129186,1.4461595547309831,0.7238540302873288,0.1403490031843332,0.2,0.0022304832713754,6.0,5.0,19.0,0.0,Neutral_Balanced,False,0.6985588470776621,0.36909527622097676,0.6985588470776621,0.5887376567921003,0.003506,0.2291,5.0,1.0,4.0,0.7565104166666666,both,BOTH,0.6673725871259238,cn(C)n
cc(-c)cc(c)Cl,c-c(c)cc(c)Cl,2.047629404088734,2.654529063614628,0.1985707800816223,0.7020846580709749,0.3181818181818182,0.0026022304832713,7.0,4.0,11.0,0.0,Medium_StrongEnriched,False,0.7974379503602882,0.6469175340272217,0.7974379503602882,0.747264478249266,1.7e-05,0.006,1.0,0.0,17.0,0.5907118055555556,both,BOTH,0.6643929177633926,c-c(c)cc(c)Cl
ccc(cc)CC,CCc(cc)cc,1.1192011649677551,1.254616312517398,0.9153043585030116,0.0384344696063555,0.1739130434782608,0.0014869888475836,4.0,10.0,9.0,1.0,Neutral_Balanced,False,0.6597277822257807,0.16012810248198558,0.6597277822257807,0.49319455564451564,0.029893,0.0722,8.0,21.0,80.0,0.8901909722222222,both,BOTH,0.6625989292052156,CCc(cc)cc
CNO,CNO,0.6278445559575213,0.647189384800965,0.6383978887333663,0.1949085579245027,0.0975609756097561,0.0014869888475836,4.0,21.0,16.0,1.0,Neutral_Balanced,False,0.5008006405124099,0.38310648518815055,0.5008006405124099,0.4615692554043234,0.156887,0.9956,34.0,2.0,0.0,0.9496527777777778,both,BOTH,0.6620653483845355,CNO
coc,coc,0.4233820196424074,0.3842942730142369,0.0063571139278565,2.1967400053705366,0.0657894736842105,0.0037174721189591,10.0,32.0,110.0,0.0,Neutral_Balanced,True,0.4323458767013611,0.8150520416333067,0.4323458767013611,0.559914598345343,0.004494,0.3118,8.0,3.0,0.0,0.7805989583333334,both,BOTH,0.6611117547162517,coc
cc(c)C(=O)O,cc(c)C(=O)O,0.5516062884483937,0.4992363441801644,0.0145253859009135,1.837872320733776,0.0857142857142857,0.0066914498141263,18.0,63.0,129.0,0.0,Neutral_Balanced,True,0.48158526821457165,0.7966373098478783,0.48158526821457165,0.5866026154256738,0.003166,0.0709,21.0,35.0,0.0,0.7447916666666666,both,BOTH,0.6609816484698446,cc(c)C(=O)O
CCC,CCC,0.9586536875103115,0.9368290663485171,0.7802674544627747,0.1077565074532979,0.1489655172413793,0.0401486988847583,108.0,205.0,412.0,0.0,Neutral_Balanced,False,0.6068855084067254,0.2790232185748599,0.6068855084067254,0.4975980784627702,0.020949,0.0535,121.0,149.0,168.0,0.8754340277777778,both,BOTH,0.6600108257014772,CCC
ccc(nc)-c(c)c,ccc(nc)-c(c)c,0.1462592431491953,0.1841420607061738,0.0421194412944973,1.3755173982730209,0.0227272727272727,0.0003717472118959,1.0,9.0,34.0,0.0,Neutral_Balanced,True,0.3734987990392314,0.7497998398718975,0.3734987990392314,0.4989324793167867,0.018504,0.5939,13.0,0.0,1.0,0.8723958333333334,both,BOTH,0.6597473880741281,ccc(nc)-c(c)c
cc(c)Br,cc(c)Br,0.6723559237306291,0.6665294277135656,0.5536901090235137,0.2567332345427462,0.1044776119402985,0.0026022304832713,7.0,20.0,40.0,0.0,Neutral_Balanced,False,0.510808646917534,0.4363490792634107,0.510808646917534,0.4859887910328262,0.027142,0.9129,10.0,0.0,1.0,0.8849826388888888,both,BOTH,0.6558137256558841,cc(c)Br
cc(O)cc(c)c,cc(O)cc(c)c,0.2011064593301435,0.2556601083547191,0.1635955799452701,0.7862284343524146,0.03125,0.0003717472118959,1.0,6.0,25.0,0.0,Neutral_Balanced,False,0.3791032826261009,0.6833466773418735,0.3791032826261009,0.48051774753135845,0.034591,1.0,12.0,0.0,0.0,0.8936631944444444,both,BOTH,0.655302239616288,cc(O)cc(c)c
cc(-c)oc(c)c,c-c(c)oc(c)c,0.1650104281683229,0.2085232133136324,0.0879169043402924,1.055927612345235,0.0256410256410256,0.0003717472118959,1.0,5.0,33.0,0.0,Neutral_Balanced,False,0.37469975980784626,0.7253803042433947,0.37469975980784626,0.49159327461969576,0.017809,1.0,8.0,0.0,0.0,0.87109375,both,BOTH,0.6543881333453798,c-c(c)oc(c)c
CC(C)CS,C[C@@H](C)CS,1.8386876281613125,2.339307254868172,0.4718634990647218,0.3261836161469435,0.2857142857142857,0.0014869888475836,4.0,5.0,5.0,0.0,Medium_StrongEnriched,False,0.7678142514011209,0.4511609287429944,0.7678142514011209,0.6622631438484121,0.000425,0.0619,3.0,14.0,0.0,0.6458333333333334,both,BOTH,0.653996646578125,C[C@@H](C)CS
cc(c)Cc(n)n,cc(c)Cc(n)n,0.5850369725967812,0.619340711368882,0.7404966786927719,0.1304768850545035,0.0909090909090909,0.0011152416356877,3.0,4.0,26.0,0.0,Neutral_Balanced,False,0.489191353082466,0.3646917534027222,0.489191353082466,0.4476914865225514,0.196802,0.804,25.0,3.0,0.0,0.9535590277777778,both,BOTH,0.6533760468771658,cc(c)Cc(n)n
c/C=N/NC,c/C=N/NC,1.047624346277957,1.088009888751545,1.0,-0.0,0.1627906976744186,0.0052044609665427,14.0,49.0,23.0,1.0,Neutral_Balanced,False,0.6341072858286629,0.07606084867894315,0.6341072858286629,0.4480918067787563,0.183662,1.0,19.0,0.0,0.0,0.9518229166666666,both,BOTH,0.6530727757781611,c/C=N/NC
ccc(C(N)=O)c(c)c,ccc(C(N)=O)c(c)c,2.145135566188197,2.937239655651208,0.3515257467962129,0.4540428604534837,0.3333333333333333,0.0011152416356877,3.0,1.0,5.0,0.0,Medium_StrongEnriched,False,0.8090472377902321,0.5544435548438751,0.8090472377902321,0.7241793434747797,1e-05,0.0076,1.0,5.0,1.0,0.5876736111111112,both,BOTH,0.652365763871693,ccc(C(N)=O)c(c)c
CCSCC,CCSCC,1.7551109177903434,2.154967860422406,0.3499528838868315,0.4559904232079265,0.2727272727272727,0.0022304832713754,6.0,9.0,7.0,1.0,Medium_StrongEnriched,False,0.7542033626901521,0.5940752602081665,0.7542033626901521,0.7008273285294901,5.5e-05,0.023,1.0,4.0,1.0,0.6069878472222222,both,BOTH,0.6522221028289491,CCSCC
cc(c)C(=O)NC,cc(c)C(=O)NC,0.3785533352096819,0.4137962877458676,0.3515257467962129,0.4540428604534837,0.0588235294117647,0.0007434944237918,2.0,2.0,30.0,0.0,VeryNegative_InactiveEnriched,False,0.41953562850280224,0.5544435548438751,0.41953562850280224,0.46450493728315984,0.059035,0.4446,5.0,4.0,0.0,0.9066840277777778,both,BOTH,0.6489678015576423,cc(c)C(=O)NC
cn(-c)n,c-n(c)n,0.5745898838004101,0.5442935188225811,0.1537422984424589,0.8132066305295631,0.0892857142857142,0.0037174721189591,10.0,26.0,76.0,0.0,Neutral_Balanced,False,0.4843875100080064,0.6845476381104884,0.4843875100080064,0.5511075527088337,0.003694,0.0931,9.0,0.0,29.0,0.763671875,both,BOTH,0.6487413491552827,c-n(c)n
CCN(C(C)=O)C(C)C,C[C@@H](C)N(CC)C(C)=O,1.6088516746411483,1.9632810615199037,0.541053863845423,0.2667594971736788,0.25,0.0014869888475836,4.0,5.0,7.0,0.0,Medium_StrongEnriched,False,0.7397918334667735,0.44155324259407525,0.7397918334667735,0.6403789698425407,0.000558,0.078,1.0,1.0,0.0,0.6553819444444444,both,BOTH,0.6478370276826839,C[C@@H](C)N(CC)C(C)=O
ccc(cc)-c(c)n,ccc(cc)-c(c)n,0.7880089834977052,0.7772895648031625,0.7537377714202413,0.1227797207526765,0.1224489795918367,0.0044609665427509,12.0,27.0,59.0,0.0,Neutral_Balanced,False,0.5364291433146517,0.3602882305844676,0.5364291433146517,0.4777155057379237,0.021481,0.1869,29.0,23.0,0.0,0.8780381944444444,both,BOTH,0.6476514958804938,ccc(cc)-c(c)n
CN(c)C,CN(c)C,1.1192011649677551,1.254616312517398,0.9153043585030116,0.0384344696063555,0.1739130434782608,0.0014869888475836,4.0,12.0,7.0,1.0,Neutral_Balanced,False,0.6597277822257807,0.16012810248198558,0.6597277822257807,0.49319455564451564,0.011308,0.9152,3.0,1.0,0.0,0.8498263888888888,both,BOTH,0.6474023078758979,CN(c)C
CCNC(C)=O,CCNC(C)=O,0.2219105758125721,0.2829498896942956,0.2137809846291565,0.6700309269939185,0.0344827586206896,0.0003717472118959,1.0,7.0,21.0,0.0,Neutral_Balanced,False,0.3843074459567654,0.6409127301841473,0.3843074459567654,0.4698425406992261,0.032739,0.237,4.0,10.0,1.0,0.8910590277777778,both,BOTH,0.6470374313160664,CCNC(C)=O
cNC,cNC,1.079487575243093,1.117531908614711,0.8102534362716222,0.0913791184560248,0.1677419354838709,0.0096654275092936,26.0,63.0,66.0,0.0,Neutral_Balanced,False,0.6541232986389112,0.20256204963971178,0.6541232986389112,0.5036028823058447,0.008355,0.3014,5.0,0.0,4.0,0.828125,both,BOTH,0.6457910938604896,cNC
cccc(c)Br,cccc(c)Br,0.5453734490308977,0.5414397124568741,0.3510214393177255,0.4546663573431926,0.0847457627118644,0.0018587360594795,5.0,18.0,36.0,0.0,Neutral_Balanced,False,0.4803843074459568,0.578462770216173,0.4803843074459568,0.5130771283693621,0.006422,0.1239,16.0,3.0,10.0,0.8103298611111112,both,BOTH,0.6447958732582219,cccc(c)Br
CC(C)N,C[C@H](C)N,1.0942796815372993,1.1356843509982777,0.7802674544627747,0.1077565074532979,0.1700404858299595,0.0156133828996282,42.0,74.0,131.0,0.0,Neutral_Balanced,False,0.6573258606885508,0.2790232185748599,0.6573258606885508,0.5312249799839872,0.004494,0.0551,25.0,78.0,16.0,0.7805989583333334,both,BOTH,0.643951602231213,C[C@H](C)N
cc(-c)cc(c)O,c-c(c)cc(c)O,0.8580542264752791,0.8757844672582796,0.8727616955592211,0.0591043226538015,0.1333333333333333,0.0029739776951672,8.0,18.0,34.0,0.0,Neutral_Balanced,False,0.5636509207365893,0.1745396317053643,0.5636509207365893,0.43394715772618103,0.183092,0.437,9.0,0.0,15.0,0.9513888888888888,both,BOTH,0.6425359944980537,c-c(c)cc(c)O
cO,cO,0.6526473774487678,0.5743691678897337,0.0036138668940525,2.4420278474151087,0.1014150943396226,0.0159851301115241,43.0,114.0,267.0,0.0,Neutral_Balanced,True,0.5076060848678943,0.8278622898318655,0.5076060848678943,0.614358153189218,0.000869,0.0584,10.0,39.0,0.0,0.6714409722222222,both,BOTH,0.6422657048839036,cO
P,P,0.8888683285310212,0.8763939577235509,0.7802674544627747,0.1077565074532979,0.1381215469613259,0.0092936802973977,25.0,36.0,120.0,0.0,Neutral_Balanced,False,0.5712570056044836,0.2790232185748599,0.5712570056044836,0.47384574326127565,0.016943,1.0,12.0,0.0,0.0,0.8680555555555556,both,BOTH,0.6413457958966456,P
CN(C)CCN,CN(C)CCN,1.5142133408387275,1.7553604669868774,0.4513455900264954,0.3454907965553292,0.2352941176470588,0.0029739776951672,8.0,9.0,17.0,0.0,Medium_StrongEnriched,False,0.7297838270616493,0.48478783026421135,0.7297838270616493,0.6481184947958366,0.00025,0.0237,3.0,11.0,1.0,0.6336805555555556,both,BOTH,0.6408588673398038,CN(C)CCN
cc(c)CON,cc(c)CON,1.4300903774587983,1.6909862318539162,0.7802674544627747,0.1077565074532979,0.2222222222222222,0.0014869888475836,4.0,5.0,9.0,0.0,Neutral_Balanced,False,0.7229783827061649,0.2790232185748599,0.7229783827061649,0.5749933279957299,0.002047,0.1137,4.0,7.0,0.0,0.7126736111111112,both,BOTH,0.6401426180371936,cc(c)CON
ccc(cc)-c(n)o,ccc(cc)-c(n)o,1.0725677830940987,1.4812193794229722,1.0,-0.0,0.1666666666666666,0.0003717472118959,1.0,1.0,4.0,0.0,Neutral_Balanced,False,0.6461168935148118,0.07606084867894315,0.6461168935148118,0.4560982119028556,0.035078,0.3951,4.0,3.0,0.0,0.8940972222222222,both,BOTH,0.6385891827480839,ccc(cc)-c(n)o
C[C@H](CS)C(N)=O,C[C@H](CS)C(N)=O,0.3625581238627939,0.354724567752312,0.0729416172985125,1.137024611518087,0.056338028169014,0.0014869888475836,4.0,28.0,39.0,0.0,Neutral_Balanced,False,0.41793434747798236,0.7309847878302642,0.41793434747798236,0.5222844942620763,0.004489,0.201,11.0,14.0,0.0,0.7799479166666666,both,BOTH,0.6382434513624171,C[C@H](CS)C(N)=O
cn(c)C,cn(c)C,0.2871441309070816,0.2282165473438938,2.534791222548777e-11,10.596057805415043,0.0446194225721784,0.0063197026022304,17.0,36.0,328.0,0.0,Neutral_Balanced,True,0.4011208967173739,0.9655724579663731,0.4011208967173739,0.5892714171337069,0.001324,0.0378,12.0,21.0,56.0,0.6883680555555556,both,BOTH,0.636895297208887,cn(c)C
CC(=O)O,CC(=O)O,0.7754896561219923,0.6996790349835885,0.0428942002945178,1.367601424606918,0.1205035971223021,0.024907063197026,67.0,134.0,355.0,0.0,Neutral_Balanced,True,0.5348278622898318,0.7461969575660529,0.5348278622898318,0.6052842273819055,0.000837,0.0096,15.0,235.0,17.0,0.669921875,both,BOTH,0.6367834361190722,CC(=O)O
cc(c)C(=O)c(c)c,cc(c)C(=O)c(c)c,1.0725677830940987,1.4812193794229722,1.0,-0.0,0.1666666666666666,0.0003717472118959,1.0,0.0,5.0,0.0,Neutral_Balanced,False,0.6461168935148118,0.07606084867894315,0.6461168935148118,0.4560982119028556,0.028582,0.6806,1.0,1.0,0.0,0.8880208333333334,both,BOTH,0.6364155200934505,cc(c)C(=O)c(c)c
ccc(C=N)c(c)O,ccc(/C=N)c(c)O,0.8274094326725905,0.8342217854412977,0.7802674544627747,0.1077565074532979,0.1285714285714285,0.0033457249070631,9.0,32.0,29.0,1.0,Neutral_Balanced,False,0.5572457966373099,0.2790232185748599,0.5572457966373099,0.46450493728315995,0.017685,0.8726,8.0,3.0,0.0,0.8702256944444444,both,BOTH,0.6357862310715064,ccc(/C=N)c(c)O
cc(c)C,cc(c)C,0.9830379180612024,0.9648798192767936,0.8975060452932411,0.0469626174809479,0.1527545909849749,0.0680297397769516,183.0,297.0,718.0,0.0,Neutral_Balanced,False,0.611689351481185,0.16813450760608487,0.611689351481185,0.46383773685615165,0.017377,0.0475,88.0,102.0,221.0,0.8697916666666666,both,BOTH,0.6351709991829027,cc(c)C
COC,COC,0.997488038277512,1.0088153011704253,1.0,-0.0,0.155,0.0115241635687732,31.0,57.0,112.0,0.0,Neutral_Balanced,False,0.6236989591673339,0.07606084867894315,0.6236989591673339,0.4411529223378703,0.088979,0.349,10.0,6.0,31.0,0.9144965277777778,both,BOTH,0.6351636133288824,COC
cn(c)N,cn(c)N,0.0353593774646406,0.0414014945315979,2.3176730646454997e-11,10.63494782645454,0.0054945054945054,0.0003717472118959,1.0,38.0,143.0,0.0,Neutral_Balanced,True,0.36509207365892715,0.966373098478783,0.36509207365892715,0.5655190819322125,0.001993,0.0441,14.0,24.0,0.0,0.7109375,both,BOTH,0.6340731206345072,cn(c)N
CCC(=O)N(C)C,CCC(=O)N(C)C,0.9900625690099376,1.180385197557284,1.0,-0.0,0.1538461538461538,0.0007434944237918,2.0,1.0,10.0,0.0,Neutral_Balanced,False,0.6172938350680545,0.07606084867894315,0.6172938350680545,0.43688283960501734,0.097052,0.6322,4.0,2.0,1.0,0.9192708333333334,both,BOTH,0.6337299519769737,CCC(=O)N(C)C
ccc(CN)nc,ccc(CN)nc,0.6033193779904306,0.6406208570437905,0.7392080816635265,0.1312332936782529,0.09375,0.0011152416356877,3.0,13.0,16.0,0.0,Neutral_Balanced,False,0.49479583666933546,0.36749399519615694,0.49479583666933546,0.45236188951160927,0.028041,0.3044,1.0,8.0,0.0,0.8871527777777778,both,BOTH,0.6334935728490293,ccc(CN)nc
Cn,Cn,0.4950312845049687,0.5161465802878196,0.4842391197228398,0.3149401285797699,0.0769230769230769,0.0011152416356877,3.0,10.0,26.0,0.0,Neutral_Balanced,False,0.45716573258606885,0.4467574059247398,0.45716573258606885,0.4536962903656258,0.020578,0.7625,7.0,6.0,0.0,0.8745659722222222,both,BOTH,0.6299105787945056,Cn
cc(C)c(O)c(c)n,cc(C)c(O)c(c)n,0.919343814080656,1.25278673422386,1.0,-0.0,0.1428571428571428,0.0003717472118959,1.0,5.0,1.0,1.0,Neutral_Balanced,False,0.588470776621297,0.07606084867894315,0.588470776621297,0.417667467307179,0.156315,1.0,4.0,0.0,0.0,0.94921875,both,BOTH,0.629648942850686,cc(C)c(O)c(c)n
cC[C@@H](NC)C(=O)O,cC[C@@H](NC)C(=O)O,1.2870813397129186,1.8111776447105787,0.7802674544627747,0.1077565074532979,0.2,0.0003717472118959,1.0,1.0,3.0,0.0,Neutral_Balanced,False,0.6985588470776621,0.2790232185748599,0.6985588470776621,0.558713637576728,0.001961,1.0,2.0,0.0,0.0,0.7087673611111112,both,BOTH,0.6292837122650222,cC[C@@H](NC)C(=O)O
CCCN(C)C,CN(C)CCC,0.6703548644338118,0.6817189953995191,0.686106956543365,0.163608177273093,0.1041666666666666,0.0018587360594795,5.0,20.0,23.0,0.0,Neutral_Balanced,False,0.5100080064051241,0.37710168134507605,0.5100080064051241,0.46570589805177476,0.009697,0.2853,9.0,0.0,3.0,0.8411458333333334,both,BOTH,0.6258806401423586,CN(C)CCC
ccc(F)c(c)C,ccc(F)c(c)C,0.9900625690099376,1.180385197557284,1.0,-0.0,0.1538461538461538,0.0007434944237918,2.0,0.0,11.0,0.0,Neutral_Balanced,False,0.6172938350680545,0.07606084867894315,0.6172938350680545,0.43688283960501734,0.039884,0.421,3.0,3.0,1.0,0.8962673611111112,both,BOTH,0.6257506130780199,ccc(F)c(c)C
CN(C)O,CN(C)O,1.4077452153110048,1.606389822028447,0.5855565791393776,0.2324311350564263,0.21875,0.0026022304832713,7.0,5.0,20.0,0.0,Neutral_Balanced,False,0.7197758206565252,0.4339471577261809,0.7197758206565252,0.6244995996797438,0.00017,0.0322,2.0,5.0,0.0,0.6265190972222222,both,BOTH,0.6255085334405857,CN(C)O
CS,CS,1.0440006024305757,1.0676876466350151,0.8217616129942086,0.085254149827821,0.162227602905569,0.024907063197026,67.0,180.0,166.0,1.0,Neutral_Balanced,False,0.6325060048038431,0.20056044835868694,0.6325060048038431,0.48852415265545773,0.005614,0.0229,40.0,24.0,230.0,0.8003472222222222,both,BOTH,0.6252910910658015,CS
O,O,1.03110143197408,1.9156332003307093,0.0344157792134165,1.4632423930648888,0.1602231964926265,0.1494423791821561,402.0,658.0,1449.0,0.0,Neutral_Balanced,True,0.6301040832666133,0.7598078462770216,0.6301040832666133,0.6733386709367494,1e-06,-0.0017,2.0,90.0,0.0,0.5802951388888888,both,BOTH,0.6250881198443151,O
cNC(=O)C(C)C,cNC(=O)[C@H](C)C,0.919343814080656,1.0854741896758704,1.0,-0.0,0.1428571428571428,0.0007434944237918,2.0,11.0,1.0,1.0,Neutral_Balanced,False,0.588470776621297,0.07606084867894315,0.588470776621297,0.417667467307179,0.121821,0.6617,16.0,0.0,1.0,0.9348958333333334,both,BOTH,0.6248804484894434,cNC(=O)[C@H](C)C
CCCC(N)=O,CCCC(N)=O,1.2066387559808611,1.335826186392224,0.7838972978117712,0.1057408326157233,0.1875,0.0022304832713754,6.0,8.0,18.0,0.0,Neutral_Balanced,False,0.677742193755004,0.20896717373899118,0.677742193755004,0.5214838537496664,0.003238,0.4309,2.0,1.0,0.0,0.7469618055555556,both,BOTH,0.6241222003461503,CCCC(N)=O
cc(c)C#N,cc(c)C#N,0.6227812934094767,0.6633943462748327,0.7392080816635265,0.1312332936782529,0.0967741935483871,0.0011152416356877,3.0,13.0,15.0,0.0,Neutral_Balanced,False,0.4983987189751801,0.36749399519615694,0.4983987189751801,0.45476381104883906,0.011906,0.8869,6.0,1.0,0.0,0.8537326388888888,both,BOTH,0.6230944619220214,cc(c)C#N
CCN(C)C,CCN(C)C,1.2870813397129186,1.8111776447105787,0.7802674544627747,0.1077565074532979,0.2,0.0003717472118959,1.0,1.0,3.0,0.0,Neutral_Balanced,False,0.6985588470776621,0.2790232185748599,0.6985588470776621,0.558713637576728,0.001459,0.5669,1.0,1.0,0.0,0.6931423611111112,both,BOTH,0.6223086773739467,CCN(C)C
CP(=O)(O)O,CP(=O)(O)O,0.9139039098553268,0.9080832233589868,0.890691052651596,0.0502729103244148,0.1420118343195266,0.0089219330855018,24.0,36.0,109.0,0.0,Neutral_Balanced,False,0.5732586068855084,0.1689351481184948,0.5732586068855084,0.43848412062983727,0.025195,0.6907,17.0,3.0,2.0,0.8823784722222222,both,BOTH,0.6220200547048788,CP(=O)(O)O
CC[C@H](C(=O)O)N(C)C,CN(C)[C@H](CC)C(=O)O,0.8580542264752791,1.0046240718509627,1.0,-0.0,0.1333333333333333,0.0007434944237918,2.0,5.0,8.0,0.0,Neutral_Balanced,False,0.5636509207365893,0.07606084867894315,0.5636509207365893,0.4011208967173739,0.240863,1.0,1.0,0.0,0.0,0.9592013888888888,both,BOTH,0.620286805634024,CN(C)[C@H](CC)C(=O)O
CS(N)(=O)=O,CS(N)(=O)=O,0.883291115489258,0.9127336273157944,0.9945256586267932,0.0023840076564092,0.1372549019607843,0.0026022304832713,7.0,21.0,23.0,0.0,Neutral_Balanced,False,0.5692554043234588,0.1521216973578863,0.5692554043234588,0.4302108353349346,0.033712,0.3285,2.0,4.0,13.0,0.8923611111111112,both,BOTH,0.6195994020587186,CS(N)(=O)=O
cBr,cBr,0.6256645401382244,0.6142580208323671,0.4117731833087781,0.3853419401858014,0.0972222222222222,0.0026022304832713,7.0,21.0,44.0,0.0,Neutral_Balanced,False,0.49959967974379504,0.5264211369095276,0.49959967974379504,0.5085401654657059,0.003243,0.6272,1.0,1.0,1.0,0.7482638888888888,both,BOTH,0.6168648489479427,cBr
cc(C)o,cc(C)o,0.6278445559575213,0.647189384800965,0.6383978887333663,0.1949085579245027,0.0975609756097561,0.0014869888475836,4.0,15.0,22.0,0.0,Neutral_Balanced,False,0.5008006405124099,0.38310648518815055,0.5008006405124099,0.4615692554043234,0.00782,0.9633,2.0,1.0,0.0,0.8229166666666666,both,BOTH,0.6163059573727494,cc(C)o
CCN(CC)CC,CCN(CC)CC,0.5596005824838777,0.6285770122002289,0.7802674544627747,0.1077565074532979,0.0869565217391304,0.0007434944237918,2.0,3.0,18.0,0.0,Neutral_Balanced,False,0.48278622898318657,0.2790232185748599,0.48278622898318657,0.4148652255137444,0.068468,0.2975,13.0,0.0,4.0,0.9092881944444444,both,BOTH,0.6141921945492143,CCN(CC)CC
CSCC(N)=O,CSCC(N)=O,1.4300903774587983,1.81312525010004,0.7990001367713122,0.0974531463443051,0.2222222222222222,0.0007434944237918,2.0,3.0,4.0,0.0,Neutral_Balanced,False,0.7229783827061649,0.20616493194555643,0.7229783827061649,0.5507072324526288,0.001065,1.0,1.0,0.0,0.0,0.6783854166666666,both,BOTH,0.6112215272294681,CSCC(N)=O
cc(C)s,cc(C)s,1.0450660450660452,1.0775588775309235,0.9376569276148834,0.0279560333668475,0.1623931623931624,0.0070631970260223,19.0,26.0,72.0,0.0,Neutral_Balanced,False,0.633306645316253,0.15532425940752603,0.633306645316253,0.4739791833466773,0.004501,0.1324,8.0,9.0,2.0,0.78125,both,BOTH,0.608519709614727,cc(C)s
CNC,CNC,0.7661198450672134,0.6989662534493379,0.0759061221317212,1.1197231951084805,0.119047619047619,0.020446096654275,55.0,129.0,278.0,0.0,Neutral_Balanced,False,0.533226581265012,0.7277822257806245,0.533226581265012,0.5980784627702161,0.000123,0.0032,20.0,260.0,77.0,0.6189236111111112,both,BOTH,0.6084117700254692,CNC
cc(c)C[C@H](C)N,C[C@H](N)Cc(c)c,0.919343814080656,1.25278673422386,1.0,-0.0,0.1428571428571428,0.0003717472118959,1.0,1.0,5.0,0.0,Neutral_Balanced,False,0.588470776621297,0.07606084867894315,0.588470776621297,0.417667467307179,0.019751,1.0,6.0,0.0,0.0,0.8741319444444444,both,BOTH,0.6042321369543421,C[C@H](N)Cc(c)c
cc(C)cc(=O)o,cc(C)cc(=O)o,0.8044258373205742,1.0852694610778444,1.0,-0.0,0.125,0.0003717472118959,1.0,0.0,7.0,0.0,Neutral_Balanced,False,0.5464371497197759,0.07606084867894315,0.5464371497197759,0.3896450493728316,0.11645,1.0,8.0,0.0,0.0,0.9309895833333334,both,BOTH,0.6022918579588376,cc(C)cc(=O)o
cCn,cCn,0.5080584235708889,0.4922845476036965,0.2178829630818338,0.6617767272058653,0.0789473684210526,0.0022304832713754,6.0,12.0,58.0,0.0,Neutral_Balanced,False,0.4643714971977582,0.6377101681345076,0.4643714971977582,0.5221510541766746,0.001455,0.8726,1.0,1.0,0.0,0.6927083333333334,both,BOTH,0.6014136567180424,cCn
cn(c)O,cn(c)O,0.919343814080656,1.25278673422386,1.0,-0.0,0.1428571428571428,0.0003717472118959,1.0,0.0,6.0,0.0,Neutral_Balanced,False,0.588470776621297,0.07606084867894315,0.588470776621297,0.417667467307179,0.014803,0.754,5.0,0.0,1.0,0.8645833333333334,both,BOTH,0.6009228994715811,cn(c)O
cn(c)/N=C/c,c/C=N/n(c)c,0.0,0.0243043285599699,4.1611436063170926e-07,6.380787295897782,0.0,0.0,0.0,28.0,78.0,0.0,Neutral_Balanced,True,0.18254603682946358,0.94435548438751,0.18254603682946358,0.43648251934881244,0.008058,0.1459,23.0,6.0,0.0,0.8263888888888888,both,BOTH,0.6005866333711466,c/C=N/n(c)c
Cc(n)n,Cc(n)n,0.130008216132618,0.1160161373848381,3.889621568967832e-09,8.410092650217694,0.0202020202020202,0.0014869888475836,4.0,12.0,182.0,0.0,VeryNegative_InactiveEnriched,True,0.37069655724579664,0.9591673338670936,0.37069655724579664,0.5668534827862289,0.000274,0.0061,9.0,101.0,5.0,0.6349826388888888,both,BOTH,0.5999517650302872,Cc(n)n
CC(C)C(=O)N(C)C,C[C@H](C)C(=O)N(C)C,0.8044258373205742,0.9349256944156972,1.0,-0.0,0.125,0.0007434944237918,2.0,6.0,8.0,0.0,Neutral_Balanced,False,0.5464371497197759,0.07606084867894315,0.5464371497197759,0.3896450493728316,0.100621,0.3487,9.0,1.0,6.0,0.921875,both,BOTH,0.5993363245211983,C[C@H](C)C(=O)N(C)C
CON,CON,1.199821587867975,1.2943773322370502,0.744092354493105,0.1283731577907817,0.1864406779661017,0.004089219330855,11.0,24.0,24.0,0.0,Neutral_Balanced,False,0.6729383506805444,0.36148919135308244,0.6729383506805444,0.569121964238057,0.00019,0.0147,4.0,19.0,6.0,0.6284722222222222,both,BOTH,0.5980613225917287,CON
C[C@@H](N)C(=O)O,C[C@@H](N)C(=O)O,0.742546926757453,0.7544998370804823,0.7802674544627747,0.1077565074532979,0.1153846153846153,0.0022304832713754,6.0,17.0,29.0,0.0,Neutral_Balanced,False,0.5296236989591674,0.2790232185748599,0.5296236989591674,0.4460902054977316,0.005609,0.181,7.0,0.0,7.0,0.7999131944444444,both,BOTH,0.5973553726970815,C[C@@H](N)C(=O)O
cC(C)O,c[C@H](C)O,1.2870813397129186,1.8111776447105787,0.7802674544627747,0.1077565074532979,0.2,0.0003717472118959,1.0,2.0,2.0,0.0,Neutral_Balanced,False,0.6985588470776621,0.2790232185748599,0.6985588470776621,0.558713637576728,0.000286,0.0744,2.0,2.0,0.0,0.6362847222222222,both,BOTH,0.5962390055064124,c[C@H](C)O
CCN,CCN,0.9330653635445464,0.91097578090719,0.7802674544627747,0.1077565074532979,0.1449893390191897,0.0252788104089219,68.0,133.0,268.0,0.0,Neutral_Balanced,False,0.6044835868694955,0.2790232185748599,0.6044835868694955,0.4959967974379504,0.002114,0.0259,13.0,38.0,106.0,0.71484375,both,BOTH,0.595449587008451,CCN
CNC[C@@H](C)N,C[C@@H](N)CNC,0.1170073945193562,0.146250618029995,0.0109866460286224,1.959134867501363,0.0181818181818181,0.0003717472118959,1.0,16.0,38.0,0.0,Neutral_Balanced,True,0.36829463570856685,0.8070456365092074,0.36829463570856685,0.5145449693087804,0.001187,0.0333,8.0,37.0,0.0,0.6840277777777778,both,BOTH,0.5932647401649789,C[C@@H](N)CNC
CSCC(=O)O,CSCC(=O)O,0.1892766676048409,0.2401823219233175,0.1666910694955296,0.7780876669548686,0.0294117647058823,0.0003717472118959,1.0,3.0,30.0,0.0,VeryNegative_InactiveEnriched,False,0.377902321857486,0.678142514011209,0.377902321857486,0.47798238590872694,0.002612,0.6544,1.0,1.0,1.0,0.7282986111111112,both,BOTH,0.5900117861474472,CSCC(=O)O
cCP(=O)(O)O,cCP(=O)(O)O,1.2066387559808611,1.3005915773443448,0.7635651165044424,0.1171539205817788,0.1875,0.0044609665427509,12.0,11.0,41.0,0.0,Neutral_Balanced,False,0.677742193755004,0.3590872698158527,0.677742193755004,0.5715238857752869,5.5e-05,0.0174,3.0,14.0,0.0,0.6069878472222222,both,BOTH,0.588989009288646,cCP(=O)(O)O
cn(c)CCS,cn(c)CCS,0.0,0.0823637533314952,0.0292631602381094,1.5336787745927831,0.0,0.0,0.0,1.0,31.0,0.0,VeryNegative_InactiveEnriched,True,0.18254603682946358,0.7730184147317855,0.18254603682946358,0.37937016279690416,0.087493,1.0,28.0,0.0,0.0,0.9140625,both,BOTH,0.5888701380028921,cn(c)CCS
CCCC(C)C,CCCC(C)C,0.229835953520164,0.2933696243875884,0.2925729590853844,0.5337658158138874,0.0357142857142857,0.0003717472118959,1.0,8.0,19.0,0.0,Neutral_Balanced,False,0.3855084067253803,0.610088070456365,0.3855084067253803,0.46036829463570855,0.003385,0.1342,7.0,9.0,1.0,0.7530381944444444,both,BOTH,0.5887910574829937,CCCC(C)C
CC(C)(C)N,CC(C)(C)N,0.4950312845049687,0.6497245508982036,0.8574350879598587,0.0667987482623484,0.0769230769230769,0.0003717472118959,1.0,2.0,10.0,0.0,Neutral_Balanced,False,0.45716573258606885,0.18815052041633307,0.45716573258606885,0.36749399519615694,0.134164,0.8155,5.0,1.0,0.0,0.94140625,both,BOTH,0.5881846172037587,CC(C)(C)N
Cn(n)n,Cn(n)n,0.5362838915470494,0.7065347565738089,0.8574350879598587,0.0667987482623484,0.0833333333333333,0.0003717472118959,1.0,10.0,1.0,1.0,Neutral_Balanced,False,0.4747798238590873,0.18815052041633307,0.4747798238590873,0.37923672271150255,0.072614,0.7692,7.0,0.0,1.0,0.9114583333333334,both,BOTH,0.5879272669484055,Cn(n)n
cccnc,cccnc,0.9900625690099376,0.9944720225566896,1.0,-0.0,0.1538461538461538,0.0171003717472118,46.0,84.0,169.0,0.0,Neutral_Balanced,False,0.6172938350680545,0.07606084867894315,0.6172938350680545,0.43688283960501734,0.004876,0.0635,15.0,0.0,63.0,0.7881944444444444,both,BOTH,0.5868122587759973,cccnc
nc([nH])=S,nc([nH])=S,0.3484877273590935,0.2942137251430932,1.082328392195683e-06,5.96564094876725,0.0541516245487364,0.0055762081784386,15.0,36.0,226.0,0.0,Neutral_Balanced,True,0.41393114491593275,0.9351481184947958,0.41393114491593275,0.5876701361088871,7e-06,0.0145,1.0,11.0,0.0,0.5850694444444444,both,BOTH,0.5863683484379231,nc([nH])=S
CCC(=O)O,CCC(=O)O,0.1063703586539602,0.1081687905287638,5.902376049222482e-06,5.228973124402379,0.0165289256198347,0.0007434944237918,2.0,26.0,93.0,0.0,Neutral_Balanced,True,0.36749399519615694,0.9143314651721377,0.36749399519615694,0.5497731518548171,0.000145,0.0064,7.0,55.0,0.0,0.6228298611111112,both,BOTH,0.5851624866755845,CCC(=O)O
cc(C)cc(c)F,cc(C)cc(c)F,1.4300903774587983,1.81312525010004,0.7990001367713122,0.0974531463443051,0.2222222222222222,0.0007434944237918,2.0,2.0,5.0,0.0,Neutral_Balanced,False,0.7229783827061649,0.20616493194555643,0.7229783827061649,0.5507072324526288,0.000131,0.0271,2.0,3.0,3.0,0.62109375,both,BOTH,0.5848425601442878,cc(C)cc(c)F
cc(c)OCc,cCOc(c)c,0.4290271132376395,0.4258996338482231,0.2034386816508657,0.6915664671933847,0.0666666666666666,0.0014869888475836,4.0,15.0,41.0,0.0,Neutral_Balanced,False,0.4355484387510008,0.6453162530024019,0.4355484387510008,0.5054710435014678,0.000956,0.0387,5.0,0.0,14.0,0.6744791666666666,both,BOTH,0.5838918463165934,cCOc(c)c
c=O,c=O,0.9900625690099376,1.0090339337135117,1.0,-0.0,0.1538461538461538,0.0066914498141263,18.0,17.0,82.0,0.0,Neutral_Balanced,False,0.6172938350680545,0.07606084867894315,0.6172938350680545,0.43688283960501734,0.004383,0.9474,2.0,1.0,0.0,0.7769097222222222,both,BOTH,0.5825963659011183,c=O
cccc(c)n,cccc(c)n,0.4022129186602871,0.3744536518228882,0.0166809581476353,1.777779007278627,0.0625,0.0026022304832713,7.0,20.0,85.0,0.0,Neutral_Balanced,True,0.42634107285828665,0.7926341072858286,0.42634107285828665,0.5484387510008006,0.000115,0.0052,6.0,71.0,15.0,0.6176215277777778,both,BOTH,0.5820030749795492,cccc(c)n
CC(c)=O,CC(c)=O,0.0,0.0409083752419586,0.000257047777764,3.5899861463544287,0.0,0.0,0.0,5.0,59.0,0.0,VeryNegative_InactiveEnriched,True,0.18254603682946358,0.8759007205764612,0.18254603682946358,0.4136642647451294,0.007082,0.7605,5.0,0.0,1.0,0.8155381944444444,both,BOTH,0.580826142297703,CC(c)=O
ccc(O)cc,ccc(O)cc,0.4129672747741985,0.3675143589042728,0.0009883484383296,3.005089919616597,0.0641711229946524,0.0044609665427509,12.0,32.0,143.0,0.0,Neutral_Balanced,True,0.4299439551641313,0.8450760608486789,0.4299439551641313,0.5683213237256471,1.9e-05,0.0032,5.0,53.0,3.0,0.5922309027777778,both,BOTH,0.5801529545024326,ccc(O)cc
COP,COP,0.0,0.0572063565473208,0.004152124378482,2.3817296455065744,0.0,0.0,0.0,8.0,38.0,0.0,Neutral_Balanced,True,0.18254603682946358,0.8254603682946358,0.18254603682946358,0.396850813984521,0.009306,0.3745,5.0,4.0,0.0,0.8381076388888888,both,BOTH,0.5767180409001443,COP
ccc(OC)c(c)C,Cc(c)c(cc)OC,0.8394008737258165,0.9255671979102462,1.0,-0.0,0.1304347826086956,0.0011152416356877,3.0,5.0,15.0,0.0,Neutral_Balanced,False,0.5588470776621297,0.07606084867894315,0.5588470776621297,0.3979183346677342,0.009043,0.1174,8.0,9.0,5.0,0.8342013888888888,both,BOTH,0.576145838693796,Cc(c)c(cc)OC
cC(N)=O,cC(N)=O,0.7640208865875772,0.7255781036554255,0.3510214393177255,0.4546663573431926,0.1187214611872146,0.0096654275092936,26.0,37.0,156.0,0.0,Neutral_Balanced,False,0.5324259407526021,0.578462770216173,0.5324259407526021,0.5477715505737923,4e-05,0.0066,2.0,39.0,6.0,0.6015625,both,BOTH,0.574037301394297,cC(N)=O
cc(C)cc(c)Br,cc(C)cc(c)Br,0.919343814080656,1.25278673422386,1.0,-0.0,0.1428571428571428,0.0003717472118959,1.0,2.0,4.0,0.0,Neutral_Balanced,False,0.588470776621297,0.07606084867894315,0.588470776621297,0.417667467307179,0.004725,0.2605,8.0,1.0,4.0,0.7864583333333334,both,BOTH,0.5731300552457169,cc(C)cc(c)Br
CCOC(C)=O,CCOC(C)=O,0.8775554588951717,0.973464161189793,1.0,-0.0,0.1363636363636363,0.0011152416356877,3.0,10.0,9.0,1.0,Neutral_Balanced,False,0.567654123298639,0.07606084867894315,0.567654123298639,0.403789698425407,0.006418,0.4197,4.0,4.0,0.0,0.8098958333333334,both,BOTH,0.5718632653857567,CCOC(C)=O
cc(c)S(=O)(=O)NN,cc(c)S(=O)(=O)NN,0.4290271132376395,0.5596118108610365,0.7672646258171788,0.1150548241719264,0.0666666666666666,0.0003717472118959,1.0,9.0,5.0,1.0,Neutral_Balanced,False,0.4355484387510008,0.3546837469975981,0.4355484387510008,0.40859354149986654,0.004948,0.2114,10.0,11.0,0.0,0.7899305555555556,both,BOTH,0.5681201661914507,cc(c)S(=O)(=O)NN
Cc(n)[nH],Cc(n)[nH],0.6435406698564593,0.73148178190195,0.901468961148524,0.0450492220574813,0.1,0.0007434944237918,2.0,4.0,14.0,0.0,Neutral_Balanced,False,0.5048038430744596,0.16373098478783027,0.5048038430744596,0.39111289031224983,0.007166,0.4612,1.0,0.0,6.0,0.8181423611111112,both,BOTH,0.5656730712532241,Cc(n)[nH]
CONC(C)=O,CONC(C)=O,1.1700739451935624,1.3230202458187983,0.9104484924898776,0.0407446188533251,0.1818181818181818,0.0014869888475836,4.0,12.0,6.0,1.0,Neutral_Balanced,False,0.6677341873498799,0.16212970376301042,0.6677341873498799,0.49919935948759003,0.000339,0.0548,1.0,3.0,0.0,0.640625,both,BOTH,0.5655082578280687,CONC(C)=O
ccc(C(=O)O)c(c)C,ccc(C(=O)O)c(c)C,0.4531976548284925,0.4413361093180351,0.1531322322501646,0.8149333866037777,0.0704225352112676,0.0018587360594795,5.0,13.0,53.0,0.0,Neutral_Balanced,False,0.4403522818254604,0.6865492393915132,0.4403522818254604,0.5224179343474781,8.7e-05,0.0064,5.0,3.0,35.0,0.6119791666666666,both,BOTH,0.5654280609535496,ccc(C(=O)O)c(c)C
C=C(C)S,C/C(=C)S,0.2011064593301435,0.2556601083547191,0.1635955799452701,0.7862284343524146,0.03125,0.0003717472118959,1.0,14.0,17.0,0.0,Neutral_Balanced,False,0.3791032826261009,0.6833466773418735,0.3791032826261009,0.48051774753135845,0.00073,0.0898,6.0,3.0,0.0,0.6640625,both,BOTH,0.5648838966726195,C/C(=C)S
CCCOc,cOCCC,0.0,0.0798694698550259,0.0292631602381094,1.5336787745927831,0.0,0.0,0.0,4.0,29.0,0.0,VeryNegative_InactiveEnriched,True,0.18254603682946358,0.7730184147317855,0.18254603682946358,0.37937016279690416,0.009105,1.0,3.0,0.0,0.0,0.8355034722222222,both,BOTH,0.5629965259877925,cOCCC
cc(c)[N+],cc(c)[N+],0.8044258373205742,0.7913573817396924,0.6890438789354753,0.161753120947567,0.125,0.0052044609665427,14.0,29.0,69.0,0.0,Neutral_Balanced,False,0.5464371497197759,0.3759007205764612,0.5464371497197759,0.48959167333867093,0.000395,0.0535,5.0,7.0,1.0,0.6440972222222222,both,BOTH,0.5615555509658573,cc(c)[N+]
cccc(c)-n,cccc(c)-n,0.8371260746100284,0.825786508738986,0.7802674544627747,0.1077565074532979,0.1300813008130081,0.0059479553903345,16.0,28.0,79.0,0.0,Neutral_Balanced,False,0.5580464371497198,0.2790232185748599,0.5580464371497198,0.4650386976247665,0.000961,0.051,6.0,5.0,21.0,0.6753472222222222,both,BOTH,0.5604128769636953,cccc(c)-n
cc(c)/C=N/N,cc(c)/C=N/N,0.5784635234664802,0.5567876971820988,0.2704117780428706,0.5679743962081113,0.0898876404494382,0.0029739776951672,8.0,42.0,39.0,1.0,Neutral_Balanced,False,0.4851881505204163,0.6156925540432346,0.4851881505204163,0.5286896183613558,2.1e-05,0.0031,4.0,34.0,11.0,0.5928819444444444,both,BOTH,0.5598665277918228,cc(c)/C=N/N
CN[C@@H](CN)C(=O)O,CN[C@@H](CN)C(=O)O,0.13692354677797,0.1720301332818234,0.0300862460858191,1.521631996570921,0.0212765957446808,0.0003717472118959,1.0,14.0,32.0,0.0,Neutral_Balanced,True,0.37229783827061647,0.7606084867894315,0.37229783827061647,0.5017347211102215,0.000152,0.0134,2.0,33.0,0.0,0.6239149305555556,both,BOTH,0.5594995832695454,CN[C@@H](CN)C(=O)O
cc(=O)oc(c)c,cc(=O)oc(c)c,0.9900625690099376,1.180385197557284,1.0,-0.0,0.1538461538461538,0.0007434944237918,2.0,0.0,11.0,0.0,Neutral_Balanced,False,0.6172938350680545,0.07606084867894315,0.6172938350680545,0.43688283960501734,0.002147,1.0,1.0,0.0,0.0,0.7152777777777778,both,BOTH,0.5590103636444697,cc(=O)oc(c)c
cc(o)CNC,CNCc(c)o,0.7150451887293992,0.9571680169073618,1.0,-0.0,0.1111111111111111,0.0003717472118959,1.0,4.0,4.0,0.0,Neutral_Balanced,False,0.5232185748598879,0.07606084867894315,0.5232185748598879,0.37416599946623963,0.008923,1.0,2.0,0.0,0.0,0.8337673611111112,both,BOTH,0.5585404175101996,CNCc(c)o
ccc(cc)C(C)S,CC(S)c(cc)cc,0.8044258373205742,1.0852694610778444,1.0,-0.0,0.125,0.0003717472118959,1.0,2.0,5.0,0.0,Neutral_Balanced,False,0.5464371497197759,0.07606084867894315,0.5464371497197759,0.3896450493728316,0.005179,0.8386,1.0,0.0,1.0,0.7938368055555556,both,BOTH,0.5561605715031095,CC(S)c(cc)cc
CCCN(c)C,cN(C)CCC,0.0,0.0940912616068247,0.0618407179640091,1.2087254769487656,0.0,0.0,0.0,9.0,19.0,0.0,Neutral_Balanced,False,0.18254603682946358,0.7365892714171337,0.18254603682946358,0.3672271150253536,0.009512,0.9597,3.0,1.0,0.0,0.8394097222222222,both,BOTH,0.5552062775364668,cN(C)CCC
nc(o)S,nc(o)S,0.6774112314278519,0.773623735208369,0.9011994487548776,0.045179082597106,0.1052631578947368,0.0007434944237918,2.0,4.0,13.0,0.0,Neutral_Balanced,False,0.5132105684547638,0.16573258606885508,0.5132105684547638,0.39738457432612756,0.003918,1.0,2.0,0.0,0.0,0.7703993055555556,both,BOTH,0.5533035334238692,nc(o)S
CCNC(C)C,C[C@H](C)NCC,0.2839150014072615,0.2838941402338762,0.0292631602381094,1.5336787745927831,0.0441176470588235,0.0011152416356877,3.0,23.0,42.0,0.0,Neutral_Balanced,True,0.39951961569255406,0.7730184147317855,0.39951961569255406,0.5240192153722979,4e-06,0.0012,2.0,3.0,46.0,0.5828993055555556,both,BOTH,0.5526757066655631,C[C@H](C)NCC
cc(c)CN,cc(c)CN,0.4022129186602871,0.5232760285879853,0.7672646258171788,0.1150548241719264,0.0625,0.0003717472118959,1.0,7.0,8.0,0.0,Neutral_Balanced,False,0.42634107285828665,0.3546837469975981,0.42634107285828665,0.4024552975713904,0.003528,0.3293,1.0,1.0,0.0,0.7586805555555556,both,BOTH,0.5525712702880408,cc(c)CN
cc(c)[N+](=O)[O-],cc(c)[N+](=O)[O-],0.8044258373205742,0.7913573817396924,0.6890438789354753,0.161753120947567,0.125,0.0052044609665427,14.0,29.0,69.0,0.0,Neutral_Balanced,False,0.5464371497197759,0.3759007205764612,0.5464371497197759,0.48959167333867093,0.000142,0.0413,2.0,7.0,0.0,0.6223958333333334,both,BOTH,0.5520143272784532,cc(c)[N+](=O)[O-]
cc(c)S(=O)(=O)N(C)C,cc(c)S(=O)(=O)N(C)C,0.919343814080656,1.0854741896758704,1.0,-0.0,0.1428571428571428,0.0007434944237918,2.0,5.0,7.0,0.0,Neutral_Balanced,False,0.588470776621297,0.07606084867894315,0.588470776621297,0.417667467307179,0.002348,0.8165,1.0,1.0,0.0,0.7222222222222222,both,BOTH,0.5492255696783592,cc(c)S(=O)(=O)N(C)C
CCC(=O)Nc,cNC(=O)CC,0.3900246483978541,0.3839710494571773,0.1320253903759482,0.8793425397048754,0.0606060606060606,0.0014869888475836,4.0,33.0,29.0,1.0,Neutral_Balanced,False,0.42193755004003203,0.7077662129703763,0.42193755004003203,0.5172137710168134,4e-06,0.0016,1.0,20.0,5.0,0.5828993055555556,both,BOTH,0.5490751751349452,cNC(=O)CC
CCCNC,CNCCC,1.135660005629046,1.312046142993485,0.8876565630033472,0.0517550315667137,0.1764705882352941,0.0011152416356877,3.0,5.0,9.0,0.0,Neutral_Balanced,False,0.6633306645316253,0.1701361088871097,0.6633306645316253,0.4989324793167868,4e-05,0.021,1.0,7.0,0.0,0.6015625,both,BOTH,0.5478494953808067,CNCCC
CCSc(n)n,CCSc(n)n,0.9653110047846888,1.0856799037304452,1.0,-0.0,0.15,0.0011152416356877,3.0,1.0,16.0,0.0,Neutral_Balanced,False,0.6088871096877502,0.07606084867894315,0.6088871096877502,0.43127835601814785,0.001571,0.0584,2.0,10.0,0.0,0.6957465277777778,both,BOTH,0.5477777092081555,CCSc(n)n
cc(O)c(C(C)=O)c(c)O,CC(=O)c(c(c)O)c(c)O,0.0,0.0732066578288407,0.0202361103170989,1.6938729617018593,0.0,0.0,0.0,3.0,33.0,0.0,VeryNegative_InactiveEnriched,True,0.18254603682946358,0.7858286629303443,0.18254603682946358,0.3836402455297572,0.004449,1.0,1.0,0.0,0.0,0.7795138888888888,both,BOTH,0.5468572937496483,CC(=O)c(c(c)O)c(c)O
cc(n)N,cc(n)N,0.8876423032502887,0.956858014617186,1.0,-0.0,0.1379310344827586,0.0014869888475836,4.0,5.0,20.0,0.0,Neutral_Balanced,False,0.5700560448358687,0.07606084867894315,0.5700560448358687,0.40539097945022684,0.002924,0.08,10.0,2.0,9.0,0.7374131944444444,both,BOTH,0.5467546590156813,cc(n)N
ccc(cc)C(N)=O,ccc(cc)C(N)=O,1.0269266008347755,1.0598848129184104,1.0,-0.0,0.1595744680851064,0.0055762081784386,15.0,19.0,60.0,0.0,Neutral_Balanced,False,0.6277021617293835,0.07606084867894315,0.6277021617293835,0.4438217240459034,0.000837,0.1659,2.0,8.0,0.0,0.669921875,both,BOTH,0.5452759682386197,ccc(cc)C(N)=O
cc(S)cc(c)c,cc(S)cc(c)c,1.0725677830940987,1.4812193794229722,1.0,-0.0,0.1666666666666666,0.0003717472118959,1.0,4.0,1.0,1.0,Neutral_Balanced,False,0.6461168935148118,0.07606084867894315,0.6461168935148118,0.4560982119028556,0.000476,0.513,1.0,1.0,0.0,0.6501736111111112,both,BOTH,0.5445576383214181,cc(S)cc(c)c
cC(P)P,cC(P)P,0.0,0.0525805268698912,0.0018865953756636,2.724321234418773,0.0,0.0,0.0,10.0,40.0,0.0,Neutral_Balanced,True,0.18254603682946358,0.8414731785428343,0.18254603682946358,0.40218841740058714,0.002744,1.0,1.0,0.0,0.0,0.7326388888888888,both,BOTH,0.5428249029368004,cC(P)P
CCOCC,CCOCC,1.0296650717703348,1.1368979156731285,1.0,-0.0,0.16,0.0014869888475836,4.0,3.0,18.0,0.0,Neutral_Balanced,False,0.6289031224979984,0.07606084867894315,0.6289031224979984,0.44462236455831333,0.000695,0.0446,5.0,13.0,0.0,0.662109375,both,BOTH,0.5425759263999159,CCOCC
cCC(=O)NC,cCC(=O)NC,0.5516062884483937,0.58070906229751,0.617310947945091,0.2094960207973817,0.0857142857142857,0.0011152416356877,3.0,8.0,24.0,0.0,Neutral_Balanced,False,0.48158526821457165,0.4267413931144916,0.48158526821457165,0.46330397651454497,0.000218,0.0199,1.0,0.0,25.0,0.6310763888888888,both,BOTH,0.5407219252597971,cCC(=O)NC
ccnc(c)-c,c-c(c)ncc,0.299321241793702,0.3227556082674033,0.1712075009778705,0.7664772118438248,0.0465116279069767,0.0007434944237918,2.0,9.0,32.0,0.0,Neutral_Balanced,False,0.40592473979183347,0.6729383506805444,0.40592473979183347,0.49492927675473714,1.3e-05,0.0084,1.0,0.0,4.0,0.5894097222222222,both,BOTH,0.5401075147890972,c-c(c)ncc
cc(n)C(=O)NC,cc(n)C(=O)NC,0.0,0.1380694176393101,0.1803078066922682,0.7439854694507722,0.0,0.0,0.0,0.0,19.0,0.0,Negative_InactiveOnly,False,0.18254603682946358,0.6613290632506005,0.18254603682946358,0.34214037896984256,0.01144,0.4781,9.0,1.0,0.0,0.8506944444444444,both,BOTH,0.5394969134385866,cc(n)C(=O)NC
ccc(Br)cc,ccc(Br)cc,0.6435406698564593,0.6511686620513706,0.5933200419768958,0.2267109812210144,0.1,0.0018587360594795,5.0,14.0,31.0,0.0,Neutral_Balanced,False,0.5048038430744596,0.43274619695756605,0.5048038430744596,0.4807846277021617,4.9e-05,0.028,1.0,1.0,7.0,0.6043836805555556,both,BOTH,0.5390532282114309,ccc(Br)cc
ccc(NS)c(C)n,Cc(n)c(cc)NS,0.0,0.1539853217272572,0.2585884938801472,0.5873908033362606,0.0,0.0,0.0,3.0,14.0,0.0,Neutral_Balanced,False,0.18254603682946358,0.622898318654924,0.18254603682946358,0.3293301307712837,0.022251,0.7027,8.0,1.0,0.0,0.8802083333333334,both,BOTH,0.5384042398817457,Cc(n)c(cc)NS
NCC(=O)O,NCC(=O)O,0.0,0.0422556750298685,0.0003921465008008,3.4065516559303526,0.0,0.0,0.0,17.0,45.0,0.0,Neutral_Balanced,True,0.18254603682946358,0.8694955964771818,0.18254603682946358,0.41152922337870296,0.001779,0.199,5.0,3.0,2.0,0.7013888888888888,both,BOTH,0.5372541528279663,NCC(=O)O
[O-],[O-],0.8111857183064612,0.7971339297889876,0.7051435424991009,0.1517224668812856,0.1260504201680672,0.0055762081784386,15.0,31.0,73.0,0.0,Neutral_Balanced,False,0.5540432345876701,0.3718975180144115,0.5540432345876701,0.49332799572991726,6e-06,-0.0117,1.0,0.0,5.0,0.5842013888888888,both,BOTH,0.5368453224935368,[O-]
CCCC,CCCC,1.1060855263157894,1.1707700246545496,0.8758704040557456,0.0575601483606094,0.171875,0.004089219330855,11.0,17.0,36.0,0.0,Neutral_Balanced,False,0.6581265012009607,0.17253803042433946,0.6581265012009607,0.4962636776087536,2e-06,0.0011,1.0,1.0,42.0,0.5807291666666666,both,BOTH,0.536837770601759,CCCC
cc(c)=O,cc(c)=O,0.0,0.0642426336169049,0.0093512722224204,2.029129300187303,0.0,0.0,0.0,5.0,36.0,0.0,Neutral_Balanced,True,0.18254603682946358,0.811048839071257,0.18254603682946358,0.39204697091006135,0.002808,1.0,1.0,0.0,0.0,0.7341579861111112,both,BOTH,0.5364926976430267,cc(c)=O
cc(c)/C=C(/C)O,C/C(O)=C/c(c)c,0.0,0.0436920524897064,0.0005896232789323,3.229425378418527,0.0,0.0,0.0,4.0,56.0,0.0,VeryNegative_InactiveEnriched,True,0.18254603682946358,0.8602882305844676,0.18254603682946358,0.40846010141446487,0.001822,1.0,1.0,0.0,0.0,0.7044270833333334,both,BOTH,0.5364050315735573,C/C(O)=C/c(c)c
ccc(C=N)cc,ccc(/C=N)cc,0.0,0.0325400535779217,2.178956611289176e-05,4.661751417603813,0.0,0.0,0.0,21.0,59.0,0.0,Neutral_Balanced,True,0.18254603682946358,0.899919935948759,0.18254603682946358,0.4216706698692287,0.001087,0.1627,2.0,3.0,1.0,0.6792534722222222,both,BOTH,0.5351833953356027,ccc(/C=N)cc
cc(c)CNn,cc(c)CNn,0.0,0.1860915420425987,0.3510214393177255,0.4546663573431926,0.0,0.0,0.0,2.0,12.0,0.0,Neutral_Balanced,False,0.18254603682946358,0.578462770216173,0.18254603682946358,0.31451828129170006,0.055155,1.0,12.0,0.0,0.0,0.9045138888888888,both,BOTH,0.5333724343625241,cc(c)CNn
CCCCn,CCCCn,0.9616124951878128,0.9824559951671232,1.0,-0.0,0.1494252873563218,0.0048327137546468,13.0,13.0,61.0,0.0,Neutral_Balanced,False,0.6076861489191353,0.07606084867894315,0.6076861489191353,0.43047771550573793,0.000641,0.0458,6.0,2.0,8.0,0.6597222222222222,both,BOTH,0.5329124835191901,CCCCn
ccc(c(c)[nH])C(C)C,ccc(c(c)[nH])C(C)C,5.630980861244019,32.55599505562423,8.576386527440823e-09,8.066695654079497,0.875,0.0052044609665427,14.0,1.0,1.0,2.0,Medium_StrongEnriched,True,0.9847878302642114,0.955964771817454,0.9847878302642114,0.9751801441152922,0.0,0.0,0.0,4.0,0.0,0.2903645833333333,both,BOTH,0.5321257146774404,ccc(c(c)[nH])C(C)C
cc(c)C(=O)NN,cc(c)C(=O)NN,1.0725677830940987,1.226854547571911,0.9009999837508674,0.0452752168532441,0.1666666666666666,0.0011152416356877,3.0,8.0,7.0,1.0,Neutral_Balanced,False,0.6461168935148118,0.16733386709367493,0.6461168935148118,0.48652255137443284,3e-06,0.003,1.0,0.0,7.0,0.5815972222222222,both,BOTH,0.5319400007781315,cc(c)C(=O)NN
cc(F)cc(c)S,cc(F)cc(c)S,5.316205533596838,24.60617438464748,4.3460737678207875e-11,10.361902906481758,0.8260869565217391,0.0070631970260223,19.0,4.0,0.0,2.0,Second_StrongWeak_NoInactive,True,0.978382706164932,0.9639711769415532,0.978382706164932,0.9735788630904724,0.0,0.0,0.0,0.0,4.0,0.2903645833333333,both,BOTH,0.5316886503616617,cc(F)cc(c)S
[N+]=O,[N+]=O,0.7903131033324938,0.7748956084841553,0.689792705695464,0.1612814024489974,0.1228070175438596,0.0052044609665427,14.0,30.0,70.0,0.0,Neutral_Balanced,False,0.5376301040832666,0.3734987990392314,0.5376301040832666,0.48291966906858824,4e-06,-0.0044,1.0,14.0,0.0,0.5828993055555556,both,BOTH,0.5305596476732836,[N+]=O
C=N,C=N,5.299746692935547,23.244040261345575,3.833420489049341e-08,7.416413540240076,0.8235294117647058,0.0052044609665427,14.0,2.0,1.0,2.0,Medium_StrongEnriched,True,0.977582065652522,0.9527622097678142,0.977582065652522,0.9693087803576194,0.0,0.0,0.0,1.0,2.0,0.2903645833333333,both,BOTH,0.5305213851767727,C=N
cc(N)s,cc(N)s,4.660122092064015,15.43744215058956,8.50736524831858e-21,12.0,0.7241379310344828,0.0156133828996282,42.0,16.0,0.0,2.0,Second_StrongWeak_NoInactive,True,0.9587670136108887,0.9875900720576462,0.9587670136108887,0.9683746997598078,0.0,0.0,0.0,0.0,54.0,0.2903645833333333,both,BOTH,0.5302657034037732,cc(N)s
ccc(CC)c(c)O,ccc(CC)c(c)O,1.0725677830940987,1.2933744926542046,1.0,-0.0,0.1666666666666666,0.0007434944237918,2.0,4.0,6.0,0.0,Neutral_Balanced,False,0.6461168935148118,0.07606084867894315,0.6461168935148118,0.4560982119028556,9.9e-05,0.0557,1.0,0.0,1.0,0.6141493055555556,both,BOTH,0.5292564596726896,ccc(CC)c(c)O
cc(n)CP(=O)(O)O,cc(n)CP(=O)(O)O,5.148325358851674,19.939377965208223,8.776324592128554e-07,6.056687322766594,0.8,0.0044609665427509,12.0,2.0,1.0,2.0,Medium_StrongEnriched,True,0.9743795036028823,0.9399519615692554,0.9743795036028823,0.96290365625834,0.0,0.0,0.0,0.0,13.0,0.2903645833333333,both,BOTH,0.5287656559758738,cc(n)CP(=O)(O)O
CNS,CNS,0.5850369725967812,0.619340711368882,0.7404966786927719,0.1304768850545035,0.0909090909090909,0.0011152416356877,3.0,4.0,26.0,0.0,Neutral_Balanced,False,0.489191353082466,0.3646917534027222,0.489191353082466,0.4476914865225514,0.000151,0.1176,1.0,2.0,1.0,0.6232638888888888,both,BOTH,0.5282328434625141,CNS
NCC(N)=O,NCC(N)=O,4.921193357725865,16.782983970406907,6.210783449028239e-07,6.206853613007167,0.7647058823529411,0.0048327137546468,13.0,3.0,1.0,2.0,Medium_StrongEnriched,True,0.9687750200160128,0.9415532425940752,0.9687750200160128,0.9597010942087003,0.0,0.0,0.0,14.0,1.0,0.2903645833333333,both,BOTH,0.5278856015695572,NCC(N)=O
ccc(nc)S(N)(=O)=O,ccc(nc)S(N)(=O)=O,5.720361509835193,31.356475842468534,2.6021057628289724e-05,4.584675055476377,0.8888888888888888,0.0029739776951672,8.0,1.0,0.0,2.0,Second_StrongWeak_NoInactive,True,0.9859887910328262,0.8979183346677342,0.9859887910328262,0.9566319722444622,0.0,0.0,0.0,0.0,1.0,0.2903645833333333,both,BOTH,0.5270408371503181,ccc(nc)S(N)(=O)=O
cc(C)cc(c)O,Cc(c)cc(c)O,0.6895078605604921,0.7424317500766853,0.7802674544627747,0.1077565074532979,0.1071428571428571,0.0011152416356877,3.0,6.0,19.0,0.0,Neutral_Balanced,False,0.5164131305044035,0.2790232185748599,0.5164131305044035,0.43728315986122235,0.000215,0.0247,2.0,8.0,3.0,0.6306423611111112,both,BOTH,0.5251373957442078,Cc(c)cc(c)O
CS[C@@H]1[C@@H](O)CN1C,CN1C[C@H](O)[C@H]1SC,4.647793726741095,13.725479206367,1.696264573877435e-06,5.770506407967514,0.7222222222222222,0.0048327137546468,13.0,4.0,1.0,2.0,Medium_StrongEnriched,True,0.9567654123298639,0.933546837469976,0.9567654123298639,0.9490258873765679,0.0,0.0,0.0,1.0,0.0,0.2903645833333333,both,BOTH,0.5249414313622464,CN1C[C@H](O)[C@H]1SC
cn(-c)s,c-n(c)s,6.435406698564593,60.453446191052,0.000648035994037,3.1884008713245597,1.0,0.0018587360594795,5.0,0.0,0.0,2.0,Highest_StrongOnly,True,0.9951961569255404,0.8542834267413931,0.9951961569255404,0.948225246864158,0.0,0.0,0.0,0.0,3.0,0.2903645833333333,both,BOTH,0.5247199526527063,c-n(c)s
CO[C@H]1C(=O)N[C@@H]1S,CO[C@H]1C(=O)N[C@@H]1S,4.4031730042810375,11.608745138954756,4.100904670771402e-06,5.387120326162196,0.6842105263157895,0.0048327137546468,13.0,4.0,2.0,2.0,Medium_StrongEnriched,True,0.9539631705364291,0.9255404323458767,0.9539631705364291,0.9444889244729117,0.0,0.0,0.0,0.0,1.0,0.2903645833333333,both,BOTH,0.5236851468368423,CO[C@H]1C(=O)N[C@@H]1S
ncs,ncs,3.6657379928532494,7.90421589740605,4.0910360060667316e-16,12.0,0.569620253164557,0.0167286245353159,45.0,18.0,16.0,2.0,Medium_StrongEnriched,True,0.921537229783827,0.9875900720576462,0.921537229783827,0.9435548438751001,0.0,0.0,0.0,0.0,1.0,0.2903645833333333,both,BOTH,0.5234261257273483,ncs
CC(N)=C(CS)CS,CC(N)=C(CS)CS,4.022129186602871,9.152612013304635,3.095641816899606e-06,5.509249295386778,0.625,0.0055762081784386,15.0,7.0,2.0,2.0,Medium_StrongEnriched,True,0.9375500400320256,0.9311449159327462,0.9375500400320256,0.9354149986655992,0.0,0.0,0.0,1.0,0.0,0.2903645833333333,both,BOTH,0.5211634928995768,CC(N)=C(CS)CS
cn(c)CCC,cn(c)CCC,0.919343814080656,0.9284089496127148,1.0,-0.0,0.1428571428571428,0.0052044609665427,14.0,11.0,73.0,0.0,Neutral_Balanced,False,0.588470776621297,0.07606084867894315,0.588470776621297,0.417667467307179,0.000469,0.0378,4.0,6.0,23.0,0.6493055555555556,both,BOTH,0.520762716500874,cn(c)CCC
CSC,CSC,0.9668216636341171,0.968980644977352,1.0,-0.0,0.1502347417840375,0.0118959107806691,32.0,73.0,108.0,0.0,Neutral_Balanced,False,0.610088070456365,0.07606084867894315,0.610088070456365,0.43207899653055776,0.000171,0.0177,3.0,9.0,19.0,0.6271701388888888,both,BOTH,0.5205641596047903,CSC
CCN(CC)C(=S)S,CCN(CC)C(=S)S,5.362838915470494,20.142281338170093,0.002934704902543,2.532435562436969,0.8333333333333334,0.0018587360594795,5.0,1.0,0.0,2.0,Second_StrongWeak_NoInactive,True,0.9799839871897518,0.8306645316253003,0.9799839871897518,0.9302108353349346,0.0,0.0,0.0,0.0,1.0,0.2903645833333333,both,BOTH,0.5197117293405837,CCN(CC)C(=S)S
c-c(n)[nH],c-c(n)[nH],3.401572112098428,6.571174272803741,6.810865658159921e-12,11.166797685933108,0.5285714285714286,0.0137546468401487,37.0,14.0,19.0,2.0,Medium_StrongEnriched,True,0.9087269815852682,0.9679743795036029,0.9087269815852682,0.9284761142247131,0.0,0.0,0.0,0.0,68.0,0.2903645833333333,both,BOTH,0.5192269061227579,c-c(n)[nH]
B[C@H](C)NC(C)=O,B[C@H](C)NC(C)=O,0.4022129186602871,0.5232760285879853,0.7672646258171788,0.1150548241719264,0.0625,0.0003717472118959,1.0,3.0,12.0,0.0,Neutral_Balanced,False,0.42634107285828665,0.3546837469975981,0.42634107285828665,0.4024552975713904,0.000826,0.0726,4.0,0.0,4.0,0.6688368055555556,both,BOTH,0.5188226244166299,B[C@H](C)NC(C)=O
ccc(cc)C(c)P,cC(P)c(cc)cc,4.290271132376395,10.596973406030934,9.864610500229152e-05,4.005920057998277,0.6666666666666666,0.0037174721189591,10.0,5.0,0.0,2.0,Second_StrongWeak_NoInactive,True,0.9471577261809447,0.8851080864691754,0.9471577261809447,0.9264745129436882,0.0,0.0,0.0,2.0,0.0,0.2903645833333333,both,BOTH,0.5186669315850462,cC(P)c(cc)cc
cC(c)P(=O)(O)O,cC(c)P(=O)(O)O,4.290271132376395,10.596973406030934,9.864610500229152e-05,4.005920057998277,0.6666666666666666,0.0037174721189591,10.0,5.0,0.0,2.0,Second_StrongWeak_NoInactive,True,0.9471577261809447,0.8851080864691754,0.9471577261809447,0.9264745129436882,0.0,0.0,0.0,0.0,3.0,0.2903645833333333,both,BOTH,0.5186669315850462,cC(c)P(=O)(O)O
ccc(cc)-c(n)[nH],ccc(cc)-c(n)[nH],4.064467388567111,9.288642886428864,3.14850520808014e-05,4.501895583975832,0.631578947368421,0.0044609665427509,12.0,5.0,2.0,2.0,Medium_StrongEnriched,True,0.9391513210568455,0.8967173738991193,0.9391513210568455,0.9250066720042701,0.0,0.0,0.0,0.0,4.0,0.2903645833333333,both,BOTH,0.5182558990470568,ccc(cc)-c(n)[nH]
cc(-c)ccn,c-c(c)ccn,3.712734633787265,7.554172727762513,1.024514440275595e-05,4.989481915947207,0.5769230769230769,0.0055762081784386,15.0,4.0,7.0,2.0,Medium_StrongEnriched,True,0.9267413931144916,0.9099279423538831,0.9267413931144916,0.921136909527622,0.0,0.0,0.0,0.0,6.0,0.2903645833333333,both,BOTH,0.5171707019234,c-c(c)ccn
cn(c)CCc,cCCn(c)c,0.0,0.0313280249536768,1.5079426948878155e-05,4.82161516229044,0.0,0.0,0.0,3.0,80.0,0.0,VeryNegative_InactiveEnriched,True,0.18254603682946358,0.9055244195356285,0.18254603682946358,0.42353883106485185,0.00021,0.0138,6.0,23.0,18.0,0.6297743055555556,both,BOTH,0.5164628478503356,cCCn(c)c
C=C(N)C(=O)O,C=C(N)C(=O)O,3.510221835580687,6.727679110788933,3.2769873828031222e-06,5.484525230753581,0.5454545454545454,0.0066914498141263,18.0,10.0,5.0,2.0,Medium_StrongEnriched,True,0.911929543634908,0.9303442754203363,0.911929543634908,0.918067787563384,0.0,0.0,0.0,0.0,26.0,0.2903645833333333,both,BOTH,0.5163084064855008,C=C(N)C(=O)O
C=C(C)O,C/C(=C)O,0.0,0.0436920524897064,0.0005896232789323,3.229425378418527,0.0,0.0,0.0,4.0,56.0,0.0,VeryNegative_InactiveEnriched,True,0.18254603682946358,0.8602882305844676,0.18254603682946358,0.40846010141446487,0.000498,0.0334,2.0,7.0,2.0,0.6514756944444444,both,BOTH,0.5158505871101018,C/C(=C)O
C=C(C)N1C(=O)C[C@H]1S,CC(=C)N1C(=O)C[C@H]1S,3.550569213001155,6.861145617667357,1.0137858036127346e-05,4.994053794643314,0.5517241379310345,0.0059479553903345,16.0,8.0,5.0,2.0,Medium_StrongEnriched,True,0.9139311449159327,0.911529223378703,0.9139311449159327,0.9131305044035228,0.0,0.0,0.0,0.0,1.0,0.2903645833333333,both,BOTH,0.51491820558229,CC(=C)N1C(=O)C[C@H]1S
ccc(O)c(c)c,ccc(O)c(c)c,0.0,0.0642426336169049,0.0093512722224204,2.029129300187303,0.0,0.0,0.0,3.0,38.0,0.0,VeryNegative_InactiveEnriched,True,0.18254603682946358,0.811048839071257,0.18254603682946358,0.39204697091006135,0.000957,0.0596,6.0,4.0,0.0,0.6749131944444444,both,BOTH,0.5143905845844942,ccc(O)c(c)c
CCC(=O)NC,CCC(=O)NC,0.7571066704193639,0.8742206560043372,1.0,-0.0,0.1176470588235294,0.0007434944237918,2.0,1.0,14.0,0.0,Neutral_Balanced,False,0.5308246597277823,0.07606084867894315,0.5308246597277823,0.37923672271150255,0.001658,0.0722,4.0,6.0,1.0,0.6961805555555556,both,BOTH,0.5138260720364062,CCC(=O)NC
CC(=N)N,C/C(=N)N,3.2177033492822966,5.652446675031368,4.100904670771402e-06,5.387120326162196,0.5,0.0074349442379182,20.0,18.0,2.0,2.0,Medium_StrongEnriched,True,0.8967173738991193,0.9255404323458767,0.8967173738991193,0.9063250600480385,0.0,0.0,0.0,0.0,1.0,0.2903645833333333,both,BOTH,0.5129958074150383,C/C(=N)N
cc(C)ccn,Cc(c)ccn,0.0,0.1860915420425987,0.3510214393177255,0.4546663573431926,0.0,0.0,0.0,5.0,9.0,0.0,Neutral_Balanced,False,0.18254603682946358,0.578462770216173,0.18254603682946358,0.31451828129170006,0.008606,0.4637,5.0,3.0,2.0,0.8298611111111112,both,BOTH,0.5108879430731237,Cc(c)ccn
cc(-c)cc(c)N,c-c(c)cc(c)N,3.0568181818181817,5.111534767296329,1.7785285001102576e-05,4.7499391710509045,0.475,0.0070631970260223,19.0,17.0,4.0,2.0,Medium_StrongEnriched,True,0.8871096877502002,0.9031224979983987,0.8871096877502002,0.8924472911662663,0.0,0.0,0.0,0.0,12.0,0.2903645833333333,both,BOTH,0.5090531267426367,c-c(c)cc(c)N
cc(c)C(=O)OC,cc(c)C(=O)OC,0.4766967924862661,0.5290351434691524,0.6811643277699347,0.1667481038954732,0.074074074074074,0.0007434944237918,2.0,8.0,17.0,0.0,Neutral_Balanced,False,0.4455564451561249,0.37830264211369097,0.4455564451561249,0.42313851080864695,7.6e-05,0.0207,1.0,1.0,4.0,0.6104600694444444,both,BOTH,0.5082412465481972,cc(c)C(=O)OC
CS(C)(=O)=O,CS(C)(=O)=O,0.8044258373205742,1.0852694610778444,1.0,-0.0,0.125,0.0003717472118959,1.0,1.0,6.0,0.0,Neutral_Balanced,False,0.5464371497197759,0.07606084867894315,0.5464371497197759,0.3896450493728316,0.000683,0.3336,1.0,0.0,1.0,0.6610243055555556,both,BOTH,0.5075084710375151,CS(C)(=O)=O
cn(C)[se],cn(C)[se],4.290271132376395,9.859831121833537,0.0293572089951024,1.5322852353922911,0.6666666666666666,0.0014869888475836,4.0,2.0,0.0,2.0,Second_StrongWeak_NoInactive,True,0.9471577261809447,0.765812650120096,0.9471577261809447,0.8867093674939953,0.0,0.0,0.0,0.0,2.0,0.2903645833333333,both,BOTH,0.5074140282157732,cn(C)[se]
ccnc(c)N,ccnc(c)N,4.290271132376395,9.859831121833537,0.0293572089951024,1.5322852353922911,0.6666666666666666,0.0014869888475836,4.0,0.0,2.0,2.0,Medium_StrongEnriched,True,0.9471577261809447,0.765812650120096,0.9471577261809447,0.8867093674939953,0.0,0.0,0.0,1.0,0.0,0.2903645833333333,both,BOTH,0.5074140282157732,ccnc(c)N
CCC(=O)Oc,cOC(=O)CC,4.290271132376395,9.859831121833537,0.0293572089951024,1.5322852353922911,0.6666666666666666,0.0014869888475836,4.0,1.0,1.0,2.0,Medium_StrongEnriched,True,0.9471577261809447,0.765812650120096,0.9471577261809447,0.8867093674939953,0.0,0.0,0.0,1.0,0.0,0.2903645833333333,both,BOTH,0.5074140282157732,cOC(=O)CC
cCN(Cc)C(C)C,cCN(Cc)[C@H](C)C,3.003189792663477,4.902311121099749,0.0004169512295116,3.379914741171706,0.4666666666666667,0.0052044609665427,14.0,8.0,8.0,2.0,Medium_StrongEnriched,True,0.8835068054443554,0.8678943154523618,0.8835068054443554,0.8783026421136909,0.0,0.0,0.0,0.0,19.0,0.2903645833333333,both,BOTH,0.5050029511972258,cCN(Cc)[C@H](C)C
cc(c)Cn(c)c,cc(c)Cn(c)c,0.0,0.0477359079509617,0.0013156252233965,2.880867808739904,0.0,0.0,0.0,9.0,46.0,0.0,Neutral_Balanced,True,0.18254603682946358,0.8422738190552442,0.18254603682946358,0.4024552975713905,0.000248,0.0557,1.0,0.0,17.0,0.6328125,both,BOTH,0.5046570548346625,cc(c)Cn(c)c
CNC(=S)NN,CNC(=S)NN,0.4766967924862661,0.5290351434691524,0.6811643277699347,0.1667481038954732,0.074074074074074,0.0007434944237918,2.0,17.0,8.0,1.0,Neutral_Balanced,False,0.4455564451561249,0.37830264211369097,0.4455564451561249,0.42313851080864695,3e-05,0.0086,1.0,1.0,5.0,0.5993923611111112,both,BOTH,0.5036129377514386,CNC(=S)NN
CC(C)n,CC(C)n,0.0,0.1860915420425987,0.3510214393177255,0.4546663573431926,0.0,0.0,0.0,2.0,12.0,0.0,Neutral_Balanced,False,0.18254603682946358,0.578462770216173,0.18254603682946358,0.31451828129170006,0.005755,0.1892,6.0,3.0,0.0,0.8025173611111112,both,BOTH,0.5024006181558869,CC(C)n
CCC(CC)NC,CNC(CC)CC,0.0,0.2160573476702509,0.4513455900264954,0.3454907965553292,0.0,0.0,0.0,5.0,7.0,0.0,Neutral_Balanced,False,0.18254603682946358,0.48478783026421135,0.18254603682946358,0.28329330130771285,0.02977,1.0,3.0,0.0,0.0,0.8897569444444444,both,BOTH,0.5020579470072453,CNC(CC)CC
cNN=C(C)C,cN/N=C(/C)C,0.0,0.1633901741428623,0.3515257467962129,0.4540428604534837,0.0,0.0,0.0,0.0,16.0,0.0,Negative_InactiveOnly,False,0.18254603682946358,0.5544435548438751,0.18254603682946358,0.3065118761676007,0.00768,0.1927,11.0,4.0,0.0,0.8216145833333334,both,BOTH,0.5018312738602105,cN/N=C(/C)C
CCCSC,CCCSC,3.0483505414253336,4.998837141694285,0.0061005718978072,2.2146294501663264,0.4736842105263157,0.0033457249070631,9.0,5.0,5.0,2.0,Medium_StrongEnriched,True,0.8863090472377902,0.8182546036829463,0.8863090472377902,0.863624232719509,0.0,0.0,0.0,1.0,9.0,0.2903645833333333,both,BOTH,0.5007653047987349,CCCSC
cncc(c)S,cncc(c)S,3.677375256322625,7.039634671721523,0.0554397022829162,1.2561791105974367,0.5714285714285714,0.0014869888475836,4.0,1.0,2.0,2.0,Medium_StrongEnriched,False,0.9239391513210569,0.7417934347477982,0.9239391513210569,0.863223912463304,0.0,0.0,0.0,0.0,1.0,0.2903645833333333,both,BOTH,0.5006492301659686,cncc(c)S
CN(C)[C@H](CS)C(=O)O,CN(C)[C@H](CS)C(=O)O,3.677375256322625,7.039634671721523,0.0554397022829162,1.2561791105974367,0.5714285714285714,0.0014869888475836,4.0,0.0,3.0,2.0,Medium_StrongEnriched,False,0.9239391513210569,0.7417934347477982,0.9239391513210569,0.863223912463304,0.0,0.0,0.0,2.0,0.0,0.2903645833333333,both,BOTH,0.5006492301659686,CN(C)[C@H](CS)C(=O)O
C=NN,C=NN,0.8044258373205742,1.0852694610778444,1.0,-0.0,0.125,0.0003717472118959,1.0,2.0,5.0,0.0,Neutral_Balanced,False,0.5464371497197759,0.07606084867894315,0.5464371497197759,0.3896450493728316,0.000353,0.0428,3.0,0.0,6.0,0.6423611111111112,both,BOTH,0.5002927411566911,C=NN
cc(c)C(P(=O)(O)O)P(=O)(O)O,cc(c)C(P(=O)(O)O)P(=O)(O)O,0.0,0.0547980637771126,0.0027848855190317,2.5551926530844,0.0,0.0,0.0,9.0,39.0,0.0,Neutral_Balanced,True,0.18254603682946358,0.8342674139311449,0.18254603682946358,0.3997864958633573,0.000155,0.0123,4.0,9.0,28.0,0.6252170138888888,both,BOTH,0.4999533169574844,cc(c)C(P(=O)(O)O)P(=O)(O)O
C=Nc,c/N=C,2.574162679425837,3.7823189419338914,0.0001928744837907,3.7147252232730015,0.4,0.0074349442379182,20.0,22.0,8.0,1.0,Medium_StrongEnriched,True,0.8518815052041633,0.8787029623698959,0.8518815052041633,0.8608219909260741,0.0,0.0,0.0,1.0,17.0,0.2903645833333333,both,BOTH,0.49995221643615095,c/N=C
cc(c)SCC,CCSc(c)c,3.861244019138756,7.650300842358604,0.1068079939741822,0.9713962416056594,0.6,0.0011152416356877,3.0,0.0,2.0,2.0,Medium_StrongEnriched,False,0.932746196957566,0.7141713370696557,0.932746196957566,0.8598879103282626,0.0,0.0,0.0,1.0,4.0,0.2903645833333333,both,BOTH,0.49968089296653784,CCSc(c)c
CNC(=N)N,CNC(=N)N,3.861244019138756,7.650300842358604,0.1068079939741822,0.9713962416056594,0.6,0.0011152416356877,3.0,1.0,1.0,2.0,Medium_StrongEnriched,False,0.932746196957566,0.7141713370696557,0.932746196957566,0.8598879103282626,0.0,0.0,0.0,0.0,1.0,0.2903645833333333,both,BOTH,0.49968089296653784,CNC(=N)N
cN(C)CCO,cN(C)CCO,3.861244019138756,7.650300842358604,0.1068079939741822,0.9713962416056594,0.6,0.0011152416356877,3.0,1.0,1.0,2.0,Medium_StrongEnriched,False,0.932746196957566,0.7141713370696557,0.932746196957566,0.8598879103282626,0.0,0.0,0.0,1.0,0.0,0.2903645833333333,both,BOTH,0.49968089296653784,cN(C)CCO
CC(C)C,C[C@@H](C)C,0.919343814080656,0.9963565643386426,1.0,-0.0,0.1428571428571428,0.0014869888475836,4.0,8.0,16.0,0.0,Neutral_Balanced,False,0.588470776621297,0.07606084867894315,0.588470776621297,0.417667467307179,2.8e-05,0.0053,3.0,5.0,20.0,0.59765625,both,BOTH,0.4996214289417601,C[C@@H](C)C
C[C@H](N)CS,C[C@H](N)CS,3.2177033492822966,5.494545454545454,0.025915345495228,1.586442996908538,0.5,0.0022304832713754,6.0,1.0,5.0,2.0,Medium_StrongEnriched,True,0.8967173738991193,0.7774219375500401,0.8967173738991193,0.8569522284494262,0.0,0.0,0.0,0.0,2.0,0.2903645833333333,both,BOTH,0.49882720129348307,C[C@H](N)CS
CC(N)C(=O)O,CC(N)C(=O)O,0.0,0.1455972101133391,0.2585884938801472,0.5873908033362606,0.0,0.0,0.0,12.0,6.0,1.0,Neutral_Balanced,False,0.18254603682946358,0.622898318654924,0.18254603682946358,0.3293301307712837,0.00346,0.3377,9.0,0.0,3.0,0.7543402777777778,both,BOTH,0.49842450012675144,CC(N)C(=O)O
CCCC(C)N,CC(N)CCC,0.7150451887293992,0.9571680169073618,1.0,-0.0,0.1111111111111111,0.0003717472118959,1.0,3.0,5.0,0.0,Neutral_Balanced,False,0.5232185748598879,0.07606084867894315,0.5232185748598879,0.37416599946623963,0.000719,0.0614,2.0,10.0,0.0,0.6636284722222222,both,BOTH,0.49830433530452195,CC(N)CCC
ccnc(n)S,ccnc(n)S,0.8044258373205742,1.0852694610778444,1.0,-0.0,0.125,0.0003717472118959,1.0,0.0,7.0,0.0,Neutral_Balanced,False,0.5464371497197759,0.07606084867894315,0.5464371497197759,0.3896450493728316,0.000276,0.0438,3.0,3.0,2.0,0.6358506944444444,both,BOTH,0.49775101730740323,ccnc(n)S
cc(C)cc(c)C,Cc(c)cc(c)C,0.8580542264752791,1.0046240718509627,1.0,-0.0,0.1333333333333333,0.0007434944237918,2.0,3.0,10.0,0.0,Neutral_Balanced,False,0.5636509207365893,0.07606084867894315,0.5636509207365893,0.4011208967173739,0.000115,0.0208,3.0,5.0,5.0,0.6176215277777778,both,BOTH,0.4977357743363206,Cc(c)cc(c)C
cc(C)cc(c)Cl,cc(C)cc(c)Cl,0.3217703349282296,0.4152003684937816,0.617310947945091,0.2094960207973817,0.05,0.0003717472118959,1.0,9.0,10.0,0.0,Neutral_Balanced,False,0.40912730184147317,0.4267413931144916,0.40912730184147317,0.414998665599146,2.7e-05,0.0109,1.0,2.0,3.0,0.5965711805555556,both,BOTH,0.49757034062076366,cc(C)cc(c)Cl
ccc(-c(c)n)c(c)C,ccc(-c(c)n)c(c)C,0.0,0.0850164040128197,0.0421194412944973,1.3755173982730209,0.0,0.0,0.0,7.0,24.0,0.0,Neutral_Balanced,True,0.18254603682946358,0.7497998398718975,0.18254603682946358,0.3716306378436082,0.000754,0.0623,5.0,7.0,0.0,0.6649305555555556,both,BOTH,0.4971001573956861,ccc(-c(c)n)c(c)C
CNCC(N)=O,CNCC(N)=O,3.003189792663477,4.855621470945608,0.021075099645651,1.6762303633008917,0.4666666666666667,0.0026022304832713,7.0,3.0,5.0,2.0,Medium_StrongEnriched,True,0.8835068054443554,0.7842273819055244,0.8835068054443554,0.8504136642647451,0.0,0.0,0.0,3.0,0.0,0.2903645833333333,both,BOTH,0.49692052612586446,CNCC(N)=O
cCCN(C)C,cCCN(C)C,0.919343814080656,1.25278673422386,1.0,-0.0,0.1428571428571428,0.0003717472118959,1.0,4.0,2.0,1.0,Neutral_Balanced,False,0.588470776621297,0.07606084867894315,0.588470776621297,0.417667467307179,1.6e-05,0.0154,1.0,1.0,0.0,0.5902777777777778,both,BOTH,0.4965277680574917,cCCN(C)C
ccc(nc)NC,CNc(cc)nc,0.919343814080656,1.25278673422386,1.0,-0.0,0.1428571428571428,0.0003717472118959,1.0,2.0,4.0,0.0,Neutral_Balanced,False,0.588470776621297,0.07606084867894315,0.588470776621297,0.417667467307179,1.5e-05,0.0089,1.0,6.0,0.0,0.58984375,both,BOTH,0.4963451875151696,CNc(cc)nc
CCN(C)CC,CCN(C)CC,0.7150451887293992,0.9571680169073618,1.0,-0.0,0.1111111111111111,0.0003717472118959,1.0,2.0,6.0,0.0,Neutral_Balanced,False,0.5232185748598879,0.07606084867894315,0.5232185748598879,0.37416599946623963,0.000608,0.1272,1.0,1.0,0.0,0.6584201388888888,both,BOTH,0.496345070828815,CCN(C)CC
cc(c)NC(C)=O,cc(c)NC(C)=O,2.01662514056402,2.7759626715776315,2.2098638876046614e-08,7.65563447504007,0.3133640552995391,0.0252788104089219,68.0,79.0,70.0,1.0,Medium_StrongEnriched,True,0.7950360288230585,0.9535628502802241,0.7950360288230585,0.8478783026421137,0.0,0.0003,1.0,4.0,63.0,0.2903645833333333,both,BOTH,0.49617923179437007,cc(c)NC(C)=O
NC(=O)O,NC(=O)O,0.0,0.2160573476702509,0.4513455900264954,0.3454907965553292,0.0,0.0,0.0,4.0,8.0,0.0,Neutral_Balanced,False,0.18254603682946358,0.48478783026421135,0.18254603682946358,0.28329330130771285,0.017006,1.0,7.0,0.0,0.0,0.8689236111111112,both,BOTH,0.4961453802827211,NC(=O)O
O=C(O)CS,O=C(O)CS,0.0,0.0675559185154938,0.0140638526167198,1.8518956934705784,0.0,0.0,0.0,3.0,36.0,0.0,VeryNegative_InactiveEnriched,True,0.18254603682946358,0.7994395516413131,0.18254603682946358,0.3881772084334134,0.000221,0.0828,1.0,1.0,0.0,0.6317274305555556,both,BOTH,0.4951991422487206,O=C(O)CS
ccc(nc)c(c)c,ccc(nc)c(c)c,0.0,0.0547980637771126,0.0027848855190317,2.5551926530844,0.0,0.0,0.0,7.0,41.0,0.0,Neutral_Balanced,True,0.18254603682946358,0.8342674139311449,0.18254603682946358,0.3997864958633573,9.4e-05,0.0306,1.0,1.0,4.0,0.6130642361111112,both,BOTH,0.49507050275087794,ccc(nc)c(c)c
NS,NS,2.39964317573595,3.3828499369482974,0.0002672186582986,3.573133220922345,0.3728813559322034,0.00817843866171,22.0,10.0,27.0,0.0,Medium_StrongEnriched,True,0.8278622898318655,0.8742994395516414,0.8278622898318655,0.8433413397384575,0.0,0.0,0.0,0.0,6.0,0.2903645833333333,both,BOTH,0.4948499335363523,NS
cCNC(C)C,cCN[C@H](C)C,0.0,0.2160573476702509,0.4513455900264954,0.3454907965553292,0.0,0.0,0.0,2.0,10.0,0.0,Neutral_Balanced,False,0.18254603682946358,0.48478783026421135,0.18254603682946358,0.28329330130771285,0.013076,1.0,5.0,0.0,0.0,0.8611111111111112,both,BOTH,0.49390992038976034,cCN[C@H](C)C
ccc(Cl)c(c)c,ccc(Cl)c(c)c,2.925184862983906,4.637987163984746,0.0714818714537862,1.1458040858332508,0.4545454545454545,0.0018587360594795,5.0,5.0,1.0,1.0,Medium_StrongEnriched,False,0.8807045636509208,0.732986389111289,0.8807045636509208,0.8314651721377101,0.0,0.0,0.0,0.0,6.0,0.2903645833333333,both,BOTH,0.49135327236515325,ccc(Cl)c(c)c
CN(C)CC(=O)O,CN(C)CC(=O)O,0.0,0.0612340185940482,0.006134610512269,2.212213005511052,0.0,0.0,0.0,12.0,31.0,0.0,Neutral_Balanced,True,0.18254603682946358,0.8174539631705364,0.18254603682946358,0.39418201227648786,9e-05,0.0086,2.0,2.0,22.0,0.6124131944444444,both,BOTH,0.49132704518556997,CN(C)CC(=O)O
cc(c)F,cc(c)F,1.9513813860163605,2.550719154505027,1.8537538093396503e-05,4.731947943516635,0.3032258064516129,0.0174721189591078,47.0,23.0,85.0,0.0,Medium_StrongEnriched,True,0.789031224979984,0.9019215372297839,0.789031224979984,0.8266613290632506,0.0,0.0,0.0,28.0,22.0,0.2903645833333333,both,BOTH,0.48993180379643686,cc(c)F
ccc(C(C)=O)c(c)O,CC(=O)c(cc)c(c)O,0.0,0.0940912616068247,0.0618407179640091,1.2087254769487656,0.0,0.0,0.0,1.0,27.0,0.0,VeryNegative_InactiveEnriched,False,0.18254603682946358,0.7365892714171337,0.18254603682946358,0.3672271150253536,0.000504,0.0395,3.0,5.0,0.0,0.65234375,both,BOTH,0.4894469463765409,CC(=O)c(cc)c(c)O
CCOC(=O)O,CCOC(=O)O,0.8580542264752791,1.0046240718509627,1.0,-0.0,0.1333333333333333,0.0007434944237918,2.0,11.0,2.0,1.0,Neutral_Balanced,False,0.5636509207365893,0.07606084867894315,0.5636509207365893,0.4011208967173739,2.7e-05,0.0099,3.0,2.0,3.0,0.5965711805555556,both,BOTH,0.48918009659039363,CCOC(=O)O
CN[C@@H]1C(=O)N[C@H]1N,CN[C@@H]1C(=O)N[C@H]1N,3.2177033492822966,5.462093862815885,0.1666910694955296,0.7780876669548686,0.5,0.0011152416356877,3.0,2.0,1.0,2.0,Medium_StrongEnriched,False,0.8967173738991193,0.678142514011209,0.8967173738991193,0.8238590872698159,0.0,0.0,0.0,0.0,3.0,0.2903645833333333,both,BOTH,0.48910070599057653,CN[C@@H]1C(=O)N[C@H]1N
cccc(c)I,cccc(c)I,2.475156422524844,3.515188605763881,0.0188987889615519,1.7235660246186293,0.3846153846153846,0.0037174721189591,10.0,6.0,10.0,0.0,Medium_StrongEnriched,True,0.8382706164931946,0.789431545236189,0.8382706164931946,0.8219909260741926,0.0,0.0,0.0,3.0,0.0,0.2903645833333333,both,BOTH,0.4885458553230328,cccc(c)I
C[C@H](N)S,C[C@H](N)S,2.2276407802723592,2.997141254591181,0.0038835786675624,2.41076789315082,0.3461538461538461,0.0066914498141263,18.0,18.0,16.0,1.0,Medium_StrongEnriched,True,0.8190552441953562,0.8270616493194556,0.8190552441953562,0.8217240459033893,0.0,0.0,0.0,0.0,19.0,0.2903645833333333,both,BOTH,0.488466539492439,C[C@H](N)S
C[C@@H](N)CS,C[C@@H](N)CS,0.3785533352096819,0.4913445835601524,0.7743377318360226,0.1110695779714874,0.0588235294117647,0.0003717472118959,1.0,1.0,15.0,0.0,VeryNegative_InactiveEnriched,False,0.41953562850280224,0.35028022417934346,0.41953562850280224,0.396450493728316,3.7e-05,0.0093,1.0,1.0,6.0,0.6006944444444444,both,BOTH,0.48800164864460904,C[C@@H](N)CS
cc(c)OC(C)=O,cc(c)OC(C)=O,2.8601807549175966,4.47581971707424,0.1333025834323242,0.8751614337854604,0.4444444444444444,0.0014869888475836,4.0,1.0,4.0,0.0,Medium_StrongEnriched,False,0.8767013610888711,0.7037630104083267,0.8767013610888711,0.8190552441953564,0.0,0.0,0.0,1.0,0.0,0.2903645833333333,both,BOTH,0.48767267168436473,cc(c)OC(C)=O
cCCC,cCCC,2.8601807549175966,4.47581971707424,0.1333025834323242,0.8751614337854604,0.4444444444444444,0.0014869888475836,4.0,2.0,3.0,2.0,Medium_StrongEnriched,False,0.8767013610888711,0.7037630104083267,0.8767013610888711,0.8190552441953564,0.0,0.0,0.0,0.0,1.0,0.2903645833333333,both,BOTH,0.48767267168436473,cCCC
cccc(c)[se],cccc(c)[se],2.681419457735247,4.017815397017332,0.1005644756555652,0.997555406471059,0.4166666666666667,0.0018587360594795,5.0,6.0,1.0,1.0,Medium_StrongEnriched,False,0.8654923939151321,0.7181745396317054,0.8654923939151321,0.8163864424873233,0.0,0.0,0.0,3.0,0.0,0.2903645833333333,both,BOTH,0.4868775094536755,cccc(c)[se]
cc(c)[se],cc(c)[se],2.681419457735247,4.017815397017332,0.1005644756555652,0.997555406471059,0.4166666666666667,0.0018587360594795,5.0,6.0,1.0,1.0,Medium_StrongEnriched,False,0.8654923939151321,0.7181745396317054,0.8654923939151321,0.8163864424873233,0.0,0.0,0.0,0.0,12.0,0.2903645833333333,both,BOTH,0.4868775094536755,cc(c)[se]
cc(c)I,cc(c)I,2.340147890387125,3.2202008066592294,0.0140638526167198,1.8518956934705784,0.3636363636363636,0.0044609665427509,12.0,8.0,13.0,0.0,Medium_StrongEnriched,True,0.8242594075260208,0.7994395516413131,0.8242594075260208,0.8159861222311182,0.0,0.0,0.0,1.0,0.0,0.2903645833333333,both,BOTH,0.48675812308313976,cc(c)I
cc(n)CN(C)C,cc(n)CN(C)C,2.244909313452765,3.025261418726494,0.0108984004473419,1.96263723856113,0.3488372093023256,0.0055762081784386,15.0,18.0,10.0,1.0,Medium_StrongEnriched,True,0.8198558847077662,0.8078462770216173,0.8198558847077662,0.8158526821457165,0.0,0.0,0.0,0.0,7.0,0.2903645833333333,both,BOTH,0.4867183211187179,cc(n)CN(C)C
ccc(C)nc,ccc(C)nc,0.0,0.0975562072336265,0.0616883543779244,1.209796815006778,0.0,0.0,0.0,8.0,19.0,0.0,Neutral_Balanced,False,0.18254603682946358,0.7385908726981585,0.18254603682946358,0.3678943154523619,0.000368,0.1007,2.0,1.0,2.0,0.6432291666666666,both,BOTH,0.4864569394610653,ccc(C)nc
ccc(nc)C(N)=O,ccc(nc)C(N)=O,0.0,0.0642426336169049,0.0093512722224204,2.029129300187303,0.0,0.0,0.0,6.0,35.0,0.0,Neutral_Balanced,True,0.18254603682946358,0.811048839071257,0.18254603682946358,0.39204697091006135,4e-05,0.0038,1.0,25.0,0.0,0.6015625,both,BOTH,0.4856343850450499,ccc(nc)C(N)=O
cCl,cCl,1.8340909090909088,2.3603982631409006,1.4421711097587287e-05,4.84098320867666,0.285,0.0211895910780669,57.0,59.0,84.0,0.0,Medium_StrongEnriched,True,0.7630104083266613,0.9087269815852682,0.7630104083266613,0.8115825994128637,0.0,0.0,0.0,0.0,146.0,0.2903645833333333,both,BOTH,0.4854429351830138,cCl
cc(O)c(c(c)=O)c(c)o,cc(O)c(c(c)=O)c(c)o,0.0,0.0693416499868112,0.0138208138650921,1.8594663819465296,0.0,0.0,0.0,5.0,33.0,0.0,Neutral_Balanced,True,0.18254603682946358,0.8022417934347478,0.18254603682946358,0.38911128903122494,4.1e-05,0.0334,1.0,2.0,0.0,0.6024305555555556,both,BOTH,0.48416167756651207,cc(O)c(c(c)=O)c(c)o
CCCC(=O)O,CCCC(=O)O,0.0,0.0547980637771126,0.0027848855190317,2.5551926530844,0.0,0.0,0.0,2.0,46.0,0.0,VeryNegative_InactiveEnriched,True,0.18254603682946358,0.8342674139311449,0.18254603682946358,0.3997864958633573,8e-06,0.0038,2.0,12.0,2.0,0.5861545138888888,both,BOTH,0.4840833183886101,CCCC(=O)O
s,s,1.669947307855369,2.1312615441155502,4.471259000047512e-06,5.349570172665275,0.2594936708860759,0.0304832713754646,82.0,81.0,153.0,0.0,Medium_StrongEnriched,True,0.7445956765412329,0.9191353082465973,0.7445956765412329,0.8027755537763545,0.0,0.0,0.0,1.0,42.0,0.2903645833333333,both,BOTH,0.48280181149458945,s
nc(N)s,nc(N)s,1.9721407624633431,2.501704717103276,0.0118726219418249,1.9254533611530025,0.3064516129032258,0.0070631970260223,19.0,28.0,15.0,1.0,Medium_StrongEnriched,True,0.7910328262610088,0.8054443554843875,0.7910328262610088,0.7958366693354684,0.0,0.0,0.0,0.0,1.0,0.2903645833333333,both,BOTH,0.4807107060311649,nc(N)s
ccc(cc)-c(c)o,ccc(cc)-c(c)o,0.0,0.0584898971995746,0.004152124378482,2.3817296455065744,0.0,0.0,0.0,9.0,36.0,0.0,Neutral_Balanced,True,0.18254603682946358,0.8254603682946358,0.18254603682946358,0.396850813984521,3e-06,0.0028,1.0,0.0,3.0,0.5815972222222222,both,BOTH,0.48042411580813177,ccc(cc)-c(c)o
ccc(N)c(c)-c,c-c(c)c(N)cc,2.3709393099974814,3.2959902794653706,0.07461794225186,1.127156731722215,0.3684210526315789,0.0026022304832713,7.0,5.0,7.0,0.0,Medium_StrongEnriched,False,0.8270616493194556,0.7293835068054444,0.8270616493194556,0.7945022684814518,0.0,0.0,0.0,0.0,17.0,0.2903645833333333,both,BOTH,0.48030752663788734,c-c(c)c(N)cc
cc(c)CN(C)C,CN(C)Cc(c)c,2.7580314422419683,4.246423318625484,0.2283820215674583,0.6413380871221691,0.4285714285714285,0.0011152416356877,3.0,0.0,4.0,0.0,Medium_StrongEnriched,False,0.8722978382706165,0.6329063250600481,0.8722978382706165,0.792500667200427,0.0,0.0,0.0,2.0,16.0,0.2903645833333333,both,BOTH,0.47970212217900454,CN(C)Cc(c)c
ccc(C)c(c)N,ccc(C)c(c)N,2.475156422524844,3.543566398748133,0.1347233258319148,0.8705572045512263,0.3846153846153846,0.0018587360594795,5.0,4.0,4.0,2.0,Medium_StrongEnriched,False,0.8382706164931946,0.6985588470776621,0.8382706164931946,0.7917000266880171,0.0,0.0,0.0,6.0,1.0,0.2903645833333333,both,BOTH,0.4794597463544306,ccc(C)c(c)N
cSC,cSC,1.7827815854131643,2.2145264130602187,0.0006813148382052,3.1666521525540694,0.277027027027027,0.0152416356877323,41.0,28.0,79.0,0.0,Medium_StrongEnriched,True,0.7606084867894315,0.8502802241793435,0.7606084867894315,0.7904990659194021,0.0,0.0,0.0,15.0,5.0,0.2903645833333333,both,BOTH,0.4790959527078854,cSC
CC(C)CCN,CC(C)CCN,0.0,0.0940912616068247,0.0618407179640091,1.2087254769487656,0.0,0.0,0.0,10.0,18.0,0.0,Neutral_Balanced,False,0.18254603682946358,0.7365892714171337,0.18254603682946358,0.3672271150253536,0.000133,0.0135,1.0,0.0,22.0,0.6219618055555556,both,BOTH,0.4779134226092908,CC(C)CCN
CO[C@H](CO)[C@H](C)O,CO[C@H](CO)[C@H](C)O,0.0,0.2574386982989133,0.624428810259094,0.2045170674163206,0.0,0.0,0.0,3.0,7.0,0.0,Neutral_Balanced,False,0.18254603682946358,0.40392313851080863,0.18254603682946358,0.2563384040565786,0.031363,1.0,8.0,0.0,0.0,0.890625,both,BOTH,0.47780894833907234,CO[C@H](CO)[C@H](C)O
cc(C)c(O)c(c)O,Cc(c)c(O)c(c)O,0.7150451887293992,0.9571680169073618,1.0,-0.0,0.1111111111111111,0.0003717472118959,1.0,4.0,4.0,0.0,Neutral_Balanced,False,0.5232185748598879,0.07606084867894315,0.5232185748598879,0.37416599946623963,5e-05,0.0223,1.0,6.0,0.0,0.6052517361111112,both,BOTH,0.47588299062972467,Cc(c)c(O)c(c)O
cc(c)/C=C(/C)S,C/C(S)=C/c(c)c,0.0,0.1096481603394045,0.1381808819359198,0.8595520397699349,0.0,0.0,0.0,12.0,12.0,0.0,Neutral_Balanced,False,0.18254603682946358,0.6941553242594075,0.18254603682946358,0.35308246597277826,0.000327,0.4097,1.0,1.0,0.0,0.6393229166666666,both,BOTH,0.47511441987123026,C/C(S)=C/c(c)c
ccc(F)c(c)F,ccc(F)c(c)F,0.0,0.07751978252212,0.0293572089951024,1.5322852353922911,0.0,0.0,0.0,0.0,34.0,0.0,Negative_InactiveOnly,True,0.18254603682946358,0.765812650120096,0.18254603682946358,0.3769682412596744,2.6e-05,0.0039,2.0,35.0,0.0,0.5954861111111112,both,BOTH,0.473792519991735,ccc(F)c(c)F
cc(c)CNC,cc(c)CNC,0.0,0.1312760439432351,0.1803078066922682,0.7439854694507722,0.0,0.0,0.0,6.0,14.0,0.0,Neutral_Balanced,False,0.18254603682946358,0.6613290632506005,0.18254603682946358,0.34214037896984256,0.000406,0.0251,7.0,15.0,6.0,0.64453125,both,BOTH,0.4695957475668901,cc(c)CNC
ccc(c(c)c)N(C)C,ccc(c(c)c)N(C)C,2.4132775119617222,3.472814790504321,0.2956297726768292,0.5292518305676541,0.375,0.0011152416356877,3.0,2.0,3.0,0.0,Medium_StrongEnriched,False,0.8326661329063251,0.6044835868694955,0.8326661329063251,0.7566052842273819,0.0,0.0,0.0,0.0,8.0,0.2903645833333333,both,BOTH,0.4687124684734576,ccc(c(c)c)N(C)C
cNC(C)=O,cNC(C)=O,2.4132775119617222,3.472814790504321,0.2956297726768292,0.5292518305676541,0.375,0.0011152416356877,3.0,0.0,5.0,0.0,Medium_StrongEnriched,False,0.8326661329063251,0.6044835868694955,0.8326661329063251,0.7566052842273819,0.0,0.0,0.0,8.0,0.0,0.2903645833333333,both,BOTH,0.4687124684734576,cNC(C)=O
CON(C(c)=O)C(C)N,cC(=O)N(OC)C(C)N,2.4132775119617222,3.472814790504321,0.2956297726768292,0.5292518305676541,0.375,0.0011152416356877,3.0,1.0,4.0,0.0,Medium_StrongEnriched,False,0.8326661329063251,0.6044835868694955,0.8326661329063251,0.7566052842273819,0.0,0.0,0.0,1.0,0.0,0.2903645833333333,both,BOTH,0.4687124684734576,cC(=O)N(OC)C(C)N
CON(C(c)=O)[C@@H](C)N,cC(=O)N(OC)[C@@H](C)N,2.4132775119617222,3.472814790504321,0.2956297726768292,0.5292518305676541,0.375,0.0011152416356877,3.0,1.0,4.0,0.0,Medium_StrongEnriched,False,0.8326661329063251,0.6044835868694955,0.8326661329063251,0.7566052842273819,0.0,0.0,0.0,1.0,0.0,0.2903645833333333,both,BOTH,0.4687124684734576,cC(=O)N(OC)[C@@H](C)N
CNC(=O)CO,CNC(=O)CO,2.4132775119617222,3.472814790504321,0.2956297726768292,0.5292518305676541,0.375,0.0011152416356877,3.0,3.0,2.0,1.0,Medium_StrongEnriched,False,0.8326661329063251,0.6044835868694955,0.8326661329063251,0.7566052842273819,0.0,0.0,0.0,0.0,5.0,0.2903645833333333,both,BOTH,0.4687124684734576,CNC(=O)CO
cc(c)CS,cc(c)CS,2.145135566188197,2.8660678297921347,0.2045947035368645,0.6891056133144097,0.3333333333333333,0.0018587360594795,5.0,8.0,2.0,1.0,Medium_StrongEnriched,False,0.8090472377902321,0.644115292233787,0.8090472377902321,0.7540699226047504,0.0,0.0,0.0,0.0,1.0,0.2903645833333333,both,BOTH,0.4679264887579322,cc(c)CS
cc(s)C(=O)NC,cc(s)C(=O)NC,0.0,0.2846632710809281,0.624428810259094,0.2045170674163206,0.0,0.0,0.0,0.0,9.0,0.0,Negative_InactiveOnly,False,0.18254603682946358,0.40392313851080863,0.18254603682946358,0.2563384040565786,0.011869,1.0,4.0,0.0,0.0,0.8524305555555556,both,BOTH,0.4674512682410582,cc(s)C(=O)NC
C=NNc(c)c,C=N/Nc(c)c,0.0,0.1455972101133391,0.2585884938801472,0.5873908033362606,0.0,0.0,0.0,5.0,13.0,0.0,Neutral_Balanced,False,0.18254603682946358,0.622898318654924,0.18254603682946358,0.3293301307712837,0.000691,0.0886,5.0,0.0,3.0,0.6614583333333334,both,BOTH,0.4667313567957718,C=N/Nc(c)c
C=CCO,C=CCO,2.574162679425837,3.892128279883382,0.3802649752069439,0.4199136739963857,0.4,0.0007434944237918,2.0,0.0,3.0,0.0,Medium_StrongEnriched,False,0.8518815052041633,0.5320256204963971,0.8518815052041633,0.7452628769682411,0.0,0.0,0.0,1.0,0.0,0.2903645833333333,both,BOTH,0.4651859249210842,C=CCO
CC(C)[C@@H](C)O,C[C@@H](C)[C@@H](C)O,2.574162679425837,3.892128279883382,0.3802649752069439,0.4199136739963857,0.4,0.0007434944237918,2.0,2.0,1.0,1.0,Medium_StrongEnriched,False,0.8518815052041633,0.5320256204963971,0.8518815052041633,0.7452628769682411,0.0,0.0,0.0,0.0,2.0,0.2903645833333333,both,BOTH,0.4651859249210842,C[C@@H](C)[C@@H](C)O
cc(c)NC(N)=O,cc(c)NC(N)=O,2.574162679425837,3.892128279883382,0.3802649752069439,0.4199136739963857,0.4,0.0007434944237918,2.0,0.0,3.0,0.0,Medium_StrongEnriched,False,0.8518815052041633,0.5320256204963971,0.8518815052041633,0.7452628769682411,0.0,0.0,0.0,2.0,0.0,0.2903645833333333,both,BOTH,0.4651859249210842,cc(c)NC(N)=O
ccc(I)c(c)O,ccc(I)c(c)O,2.574162679425837,3.892128279883382,0.3802649752069439,0.4199136739963857,0.4,0.0007434944237918,2.0,2.0,1.0,1.0,Medium_StrongEnriched,False,0.8518815052041633,0.5320256204963971,0.8518815052041633,0.7452628769682411,0.0,0.0,0.0,1.0,0.0,0.2903645833333333,both,BOTH,0.4651859249210842,ccc(I)c(c)O
nc(n)N,nc(n)N,2.574162679425837,3.892128279883382,0.3802649752069439,0.4199136739963857,0.4,0.0007434944237918,2.0,1.0,2.0,0.0,Medium_StrongEnriched,False,0.8518815052041633,0.5320256204963971,0.8518815052041633,0.7452628769682411,0.0,0.0,0.0,4.0,1.0,0.2903645833333333,both,BOTH,0.4651859249210842,nc(n)N
CCCCc,CCCCc,2.574162679425837,3.892128279883382,0.3802649752069439,0.4199136739963857,0.4,0.0007434944237918,2.0,2.0,1.0,1.0,Medium_StrongEnriched,False,0.8518815052041633,0.5320256204963971,0.8518815052041633,0.7452628769682411,0.0,0.0,0.0,0.0,5.0,0.2903645833333333,both,BOTH,0.4651859249210842,CCCCc
C=Cc(cc)cc,C=C/c(cc)cc,0.0,0.1096481603394045,0.1381808819359198,0.8595520397699349,0.0,0.0,0.0,6.0,18.0,0.0,Neutral_Balanced,False,0.18254603682946358,0.6941553242594075,0.18254603682946358,0.35308246597277826,8.5e-05,0.025,3.0,1.0,11.0,0.6111111111111112,both,BOTH,0.46451331315095334,C=C/c(cc)cc
ccc(NC)c(c)C,CNc(cc)c(c)C,1.815114709851552,2.2225164137337208,0.1400773629229732,0.8536320428153965,0.282051282051282,0.004089219330855,11.0,8.0,20.0,0.0,Medium_StrongEnriched,False,0.7614091273018415,0.6893514811849479,0.7614091273018415,0.7373899119295437,0.0,0.0,0.0,2.0,1.0,0.2903645833333333,both,BOTH,0.4627222866165248,CNc(cc)c(c)C
cc(C)c(C(=O)O)c(c)-n,Cc(c)c(C(=O)O)c(c)-n,0.0,0.1633901741428623,0.3515257467962129,0.4540428604534837,0.0,0.0,0.0,0.0,16.0,0.0,Negative_InactiveOnly,False,0.18254603682946358,0.5544435548438751,0.18254603682946358,0.3065118761676007,0.001673,1.0,1.0,0.0,0.0,0.6983506944444444,both,BOTH,0.4626583853958702,Cc(c)c(C(=O)O)c(c)-n
CC(CS)C(N)=O,CC(CS)C(N)=O,0.0,0.1312760439432351,0.1803078066922682,0.7439854694507722,0.0,0.0,0.0,5.0,15.0,0.0,Neutral_Balanced,False,0.18254603682946358,0.6613290632506005,0.18254603682946358,0.34214037896984256,0.000153,0.054,1.0,4.0,0.0,0.6245659722222222,both,BOTH,0.4622653333614573,CC(CS)C(N)=O
ccc(cc)S(=O)(=O)O,ccc(cc)S(=O)(=O)O,0.0,0.1740085559024164,0.3510214393177255,0.4546663573431926,0.0,0.0,0.0,8.0,7.0,1.0,Neutral_Balanced,False,0.18254603682946358,0.578462770216173,0.18254603682946358,0.31451828129170006,0.000891,0.7961,1.0,1.0,0.0,0.6727430555555556,both,BOTH,0.4599891189846343,ccc(cc)S(=O)(=O)O
CC(C)(C)C,CC(C)(C)C,0.0,0.1312760439432351,0.1803078066922682,0.7439854694507722,0.0,0.0,0.0,7.0,13.0,0.0,Neutral_Balanced,False,0.18254603682946358,0.6613290632506005,0.18254603682946358,0.34214037896984256,0.000101,0.0872,2.0,0.0,3.0,0.6150173611111112,both,BOTH,0.4587180757323479,CC(C)(C)C
cc([N+])cc(c)[nH],cc([N+])cc(c)[nH],2.145135566188197,2.937239655651208,0.3515257467962129,0.4540428604534837,0.3333333333333333,0.0011152416356877,3.0,6.0,0.0,1.0,Second_StrongWeak_NoInactive,False,0.8090472377902321,0.5544435548438751,0.8090472377902321,0.7241793434747797,0.0,0.0,0.0,0.0,8.0,0.2903645833333333,both,BOTH,0.4585586476413473,cc([N+])cc(c)[nH]
cc(C)c(c(c)C)c(c)c,Cc(c)c(c(C)c)c(c)c,2.145135566188197,2.937239655651208,0.3515257467962129,0.4540428604534837,0.3333333333333333,0.0011152416356877,3.0,1.0,5.0,0.0,Medium_StrongEnriched,False,0.8090472377902321,0.5544435548438751,0.8090472377902321,0.7241793434747797,0.0,0.0,0.0,0.0,2.0,0.2903645833333333,both,BOTH,0.4585586476413473,Cc(c)c(c(C)c)c(c)c
ccc,ccc,1.070309745656006,2.4855908941971454,4.5617712803522486e-05,4.340866493318695,0.1663157894736842,0.1468401486988847,395.0,598.0,1382.0,0.0,Neutral_Balanced,True,0.6381104883907126,0.8927141713370697,0.6381104883907126,0.7229783827061649,0.0,0.0,0.0,32.0,21.0,0.2903645833333333,both,BOTH,0.4581782588179875,ccc
ccc(c(c)C)c(c)n,Cc(c)c(cc)c(c)n,0.0,0.1312760439432351,0.1803078066922682,0.7439854694507722,0.0,0.0,0.0,3.0,17.0,0.0,Neutral_Balanced,False,0.18254603682946358,0.6613290632506005,0.18254603682946358,0.34214037896984256,7e-05,0.0233,1.0,3.0,0.0,0.6098090277777778,both,BOTH,0.4567715970407093,Cc(c)c(cc)c(c)n
c,c,1.050943432628492,2.858258161799477,0.000228521166658,3.641073567423225,0.1633064516129032,0.1505576208178438,405.0,614.0,1461.0,0.0,Neutral_Balanced,True,0.6349079263410728,0.8767013610888711,0.6349079263410728,0.7155057379236722,0.0,0.0,0.0,11.0,0.0,0.2903645833333333,both,BOTH,0.4558042622275666,c
cc(c)S(N)(=O)=O,cc(c)S(N)(=O)=O,1.678801747451633,1.9952047346560424,0.184503748866948,0.7339948051380467,0.2608695652173913,0.0044609665427509,12.0,8.0,26.0,0.0,Medium_StrongEnriched,False,0.745396317053643,0.6509207365892714,0.745396317053643,0.7139044568988524,0.0,0.0,0.0,26.0,6.0,0.2903645833333333,both,BOTH,0.45529393820612735,cc(c)S(N)(=O)=O
cCCc(n)n,cCCc(n)n,0.0,0.1539853217272572,0.2585884938801472,0.5873908033362606,0.0,0.0,0.0,0.0,17.0,0.0,Negative_InactiveOnly,False,0.18254603682946358,0.622898318654924,0.18254603682946358,0.3293301307712837,0.00017,0.0297,1.0,4.0,0.0,0.6265190972222222,both,BOTH,0.45423740072664764,cCCc(n)n
ccc(cc)C(F)(F)F,ccc(cc)C(F)(F)F,1.6854636591478698,2.0081604830071087,0.2305307139994146,0.6372712046264374,0.2619047619047619,0.004089219330855,11.0,10.0,21.0,0.0,Medium_StrongEnriched,False,0.7461969575660529,0.6317053642914331,0.7461969575660529,0.7080330931411796,0.0,0.0,0.0,3.0,1.0,0.2903645833333333,both,BOTH,0.45341783608074987,ccc(cc)C(F)(F)F
CN(C)S(c)(=O)=O,cS(=O)(=O)N(C)C,2.145135566188197,3.025877017473656,0.4513455900264954,0.3454907965553292,0.3333333333333333,0.0007434944237918,2.0,2.0,2.0,0.0,Medium_StrongEnriched,False,0.8090472377902321,0.48478783026421135,0.8090472377902321,0.7009607686148919,0.0,0.0,0.0,2.0,3.0,0.2903645833333333,both,BOTH,0.4511476271819194,cS(=O)(=O)N(C)C
cc(n)NC(C)=O,cc(n)NC(C)=O,2.145135566188197,3.025877017473656,0.4513455900264954,0.3454907965553292,0.3333333333333333,0.0007434944237918,2.0,2.0,2.0,0.0,Medium_StrongEnriched,False,0.8090472377902321,0.48478783026421135,0.8090472377902321,0.7009607686148919,0.0,0.0,0.0,0.0,4.0,0.2903645833333333,both,BOTH,0.4511476271819194,cc(n)NC(C)=O
CN1C[C@H](N)C1=O,CN1C[C@H](N)C1=O,2.145135566188197,3.025877017473656,0.4513455900264954,0.3454907965553292,0.3333333333333333,0.0007434944237918,2.0,2.0,2.0,0.0,Medium_StrongEnriched,False,0.8090472377902321,0.48478783026421135,0.8090472377902321,0.7009607686148919,0.0,0.0,0.0,2.0,0.0,0.2903645833333333,both,BOTH,0.4511476271819194,CN1C[C@H](N)C1=O
CCSC(c)=O,CCSC(c)=O,1.9306220095693776,2.544484556758925,0.4127697585049684,0.3842921287149644,0.3,0.0011152416356877,3.0,5.0,2.0,1.0,Medium_StrongEnriched,False,0.7842273819055244,0.5208166533226581,0.7842273819055244,0.6964238057112357,0.0,0.0,0.0,2.0,0.0,0.2903645833333333,both,BOTH,0.4496852323222959,CCSC(c)=O
cc(c)C(=O)SC,cc(c)C(=O)SC,1.9306220095693776,2.544484556758925,0.4127697585049684,0.3842921287149644,0.3,0.0011152416356877,3.0,5.0,2.0,1.0,Medium_StrongEnriched,False,0.7842273819055244,0.5208166533226581,0.7842273819055244,0.6964238057112357,0.0,0.0,0.0,0.0,10.0,0.2903645833333333,both,BOTH,0.4496852323222959,cc(c)C(=O)SC
cc(s)CCC,cc(s)CCC,1.9306220095693776,2.544484556758925,0.4127697585049684,0.3842921287149644,0.3,0.0011152416356877,3.0,2.0,5.0,0.0,Medium_StrongEnriched,False,0.7842273819055244,0.5208166533226581,0.7842273819055244,0.6964238057112357,0.0,0.0,0.0,1.0,0.0,0.2903645833333333,both,BOTH,0.4496852323222959,cc(s)CCC
CNCC(=O)O,CNCC(=O)O,0.0,0.1860915420425987,0.3510214393177255,0.4546663573431926,0.0,0.0,0.0,5.0,9.0,0.0,Neutral_Balanced,False,0.18254603682946358,0.578462770216173,0.18254603682946358,0.31451828129170006,0.000298,0.0416,5.0,2.0,3.0,0.63671875,both,BOTH,0.4475038401133555,CNCC(=O)O
CC(C)(C)O,CC(C)(C)O,0.0,0.1312760439432351,0.1803078066922682,0.7439854694507722,0.0,0.0,0.0,6.0,14.0,0.0,Neutral_Balanced,False,0.18254603682946358,0.6613290632506005,0.18254603682946358,0.34214037896984256,3e-06,0.0027,1.0,0.0,12.0,0.5815972222222222,both,BOTH,0.44608059139455825,CC(C)(C)O
CCC(O)S(=O)(=O)O,CCC(O)S(=O)(=O)O,0.0,0.1999646002035488,0.4513455900264954,0.3454907965553292,0.0,0.0,0.0,5.0,8.0,0.0,Neutral_Balanced,False,0.18254603682946358,0.48478783026421135,0.18254603682946358,0.28329330130771285,0.001697,0.8248,2.0,1.0,0.0,0.69921875,both,BOTH,0.4450662737433071,CCC(O)S(=O)(=O)O
cc(C)nc(c)N,Cc(c)nc(c)N,0.0,0.2846632710809281,0.624428810259094,0.2045170674163206,0.0,0.0,0.0,2.0,7.0,0.0,Neutral_Balanced,False,0.18254603682946358,0.40392313851080863,0.18254603682946358,0.2563384040565786,0.004013,1.0,1.0,0.0,0.0,0.7721354166666666,both,BOTH,0.4448909534075678,Cc(c)nc(c)N
NC(=O)C(CS)C(F)(F)F,NC(=O)C(CS)C(F)(F)F,0.0,0.4165977391783843,0.7802674544627747,0.1077565074532979,0.0,0.0,0.0,4.0,2.0,1.0,Neutral_Balanced,False,0.18254603682946358,0.2790232185748599,0.18254603682946358,0.21470509741126234,0.089057,1.0,3.0,0.0,0.0,0.9149305555555556,both,BOTH,0.4432158097982245,NC(=O)C(CS)C(F)(F)F
CC(O)S(=O)(=O)O,CC(O)S(=O)(=O)O,0.0,0.1999646002035488,0.4513455900264954,0.3454907965553292,0.0,0.0,0.0,5.0,8.0,0.0,Neutral_Balanced,False,0.18254603682946358,0.48478783026421135,0.18254603682946358,0.28329330130771285,0.001125,1.0,1.0,0.0,0.0,0.6809895833333334,both,BOTH,0.4392263507790304,CC(O)S(=O)(=O)O
CN(C)CCS,CN(C)CCS,1.8386876281613125,2.4746262141220123,0.5432271660884713,0.265018519678752,0.2857142857142857,0.0007434944237918,2.0,4.0,1.0,1.0,Medium_StrongEnriched,False,0.7678142514011209,0.43915132105684546,0.7678142514011209,0.6582599412863624,0.0,0.0,0.0,2.0,1.0,0.2903645833333333,both,BOTH,0.4371903173409026,CN(C)CCS
ccc(OC)c(c)N,ccc(OC)c(c)N,1.8386876281613125,2.4746262141220123,0.5432271660884713,0.265018519678752,0.2857142857142857,0.0007434944237918,2.0,3.0,2.0,1.0,Medium_StrongEnriched,False,0.7678142514011209,0.43915132105684546,0.7678142514011209,0.6582599412863624,0.0,0.0,0.0,1.0,0.0,0.2903645833333333,both,BOTH,0.4371903173409026,ccc(OC)c(c)N
cc(n)O,cc(n)O,0.0,0.2349488338268142,0.4513455900264954,0.3454907965553292,0.0,0.0,0.0,2.0,9.0,0.0,Neutral_Balanced,False,0.18254603682946358,0.48478783026421135,0.18254603682946358,0.28329330130771285,0.000936,0.2015,1.0,1.0,1.0,0.6740451388888888,both,BOTH,0.43698108955222437,cc(n)O
ccc(cc)C(N)=S,ccc(cc)C(N)=S,0.0,0.3608920748705695,0.7802674544627747,0.1077565074532979,0.0,0.0,0.0,3.0,4.0,0.0,Neutral_Balanced,False,0.18254603682946358,0.2790232185748599,0.18254603682946358,0.21470509741126234,0.027976,1.0,7.0,0.0,0.0,0.88671875,both,BOTH,0.4363290450968658,ccc(cc)C(N)=S
cc(C)cc(c)[N+],cc(C)cc(c)[N+],1.716108452950558,2.134945193265852,0.5015111462012767,0.2997194102409409,0.2666666666666666,0.0014869888475836,4.0,5.0,6.0,0.0,Medium_StrongEnriched,False,0.7502001601281025,0.44435548438751,0.7502001601281025,0.6482519348812383,0.0,0.0,0.0,2.0,4.0,0.2903645833333333,both,BOTH,0.43385412636831966,cc(C)cc(c)[N+]
cnn,cnn,1.182013475246558,1.2688187408961795,0.3313614675212554,0.4796979950592295,0.1836734693877551,0.0234200743494423,63.0,86.0,194.0,0.0,Neutral_Balanced,False,0.6701361088871097,0.5956765412329864,0.6701361088871097,0.6453162530024019,0.0,0.0,0.0,16.0,14.0,0.2903645833333333,both,BOTH,0.43287063300860495,cnn
ccc(C(N)=O)c(c)C,Cc(c)c(cc)C(N)=O,1.6088516746411483,1.9202948402948403,0.4678547280797315,0.3298889772407994,0.25,0.0022304832713754,6.0,1.0,17.0,0.0,Medium_StrongEnriched,False,0.7397918334667735,0.45396317053642915,0.7397918334667735,0.644515612489992,0.0,0.0,0.0,0.0,1.0,0.2903645833333333,both,BOTH,0.4326020194965398,Cc(c)c(cc)C(N)=O
CCN(CC)C(c)=O,cC(=O)N(CC)CC,0.0,0.3608920748705695,0.7802674544627747,0.1077565074532979,0.0,0.0,0.0,1.0,6.0,0.0,Neutral_Balanced,False,0.18254603682946358,0.2790232185748599,0.18254603682946358,0.21470509741126234,0.017696,1.0,4.0,0.0,0.0,0.8706597222222222,both,BOTH,0.4323598969282244,cC(=O)N(CC)CC
Bc(c)cc(c)-n,Bc(c)cc(c)-n,0.0,0.2846632710809281,0.624428810259094,0.2045170674163206,0.0,0.0,0.0,0.0,9.0,0.0,Negative_InactiveOnly,False,0.18254603682946358,0.40392313851080863,0.18254603682946358,0.2563384040565786,0.002645,1.0,2.0,0.0,0.0,0.7291666666666666,both,BOTH,0.43233484664619454,Bc(c)cc(c)-n
cn(c)CC(c)C,cC(C)Cn(c)c,0.0,0.4165977391783843,0.7802674544627747,0.1077565074532979,0.0,0.0,0.0,0.0,6.0,0.0,Negative_InactiveOnly,False,0.18254603682946358,0.2790232185748599,0.18254603682946358,0.21470509741126234,0.017168,0.9094,4.0,0.0,1.0,0.8693576388888888,both,BOTH,0.4320364759402427,cC(C)Cn(c)c
cC,cC,1.201943663545138,1.2893593447543956,0.3510214393177255,0.4546663573431926,0.1867704280155642,0.0178438661710037,48.0,53.0,156.0,0.0,Neutral_Balanced,False,0.6741393114491593,0.578462770216173,0.6741393114491593,0.6422471310381638,0.0,0.0,0.0,0.0,22.0,0.2903645833333333,both,BOTH,0.43184004052533753,cC
cn(c)CCN,cn(c)CCN,0.0,0.2349488338268142,0.4513455900264954,0.3454907965553292,0.0,0.0,0.0,0.0,11.0,0.0,Negative_InactiveOnly,False,0.18254603682946358,0.48478783026421135,0.18254603682946358,0.28329330130771285,0.000576,0.0704,1.0,2.0,4.0,0.6558159722222222,both,BOTH,0.43103163668246053,cn(c)CCN
cc(c)CC(C)N,CC(N)Cc(c)c,0.0,0.3182936256940052,0.7802674544627747,0.1077565074532979,0.0,0.0,0.0,1.0,7.0,0.0,Neutral_Balanced,False,0.18254603682946358,0.2790232185748599,0.18254603682946358,0.21470509741126234,0.014856,1.0,5.0,0.0,0.0,0.8650173611111112,both,BOTH,0.43095665301720804,CC(N)Cc(c)c
ccc(C=N)nc,ccc(/C=N)nc,1.5444976076555024,1.821010101010101,0.4842391197228398,0.3149401285797699,0.24,0.0022304832713754,6.0,18.0,1.0,1.0,Medium_StrongEnriched,False,0.7345876701361089,0.4467574059247398,0.7345876701361089,0.6386442487323192,0.0,0.0,0.0,0.0,3.0,0.2903645833333333,both,BOTH,0.4306270674044881,ccc(/C=N)nc
C=Cc(cc)c(c)O,C=C/c(cc)c(c)O,0.0,0.2846632710809281,0.624428810259094,0.2045170674163206,0.0,0.0,0.0,0.0,9.0,0.0,Negative_InactiveOnly,False,0.18254603682946358,0.40392313851080863,0.18254603682946358,0.2563384040565786,0.002356,0.1994,4.0,1.0,0.0,0.7230902777777778,both,BOTH,0.43052968282614806,C=C/c(cc)c(c)O
CC(=N)C(=O)O,C/C(=N)C(=O)O,0.0,0.1633901741428623,0.3515257467962129,0.4540428604534837,0.0,0.0,0.0,0.0,16.0,0.0,Negative_InactiveOnly,False,0.18254603682946358,0.5544435548438751,0.18254603682946358,0.3065118761676007,3e-05,0.0087,2.0,8.0,1.0,0.5993923611111112,both,BOTH,0.42862673407604285,C/C(=N)C(=O)O
cc(n)n,cc(n)n,1.6088516746411483,2.0929910425708744,0.624428810259094,0.2045170674163206,0.25,0.0007434944237918,2.0,0.0,6.0,0.0,Medium_StrongEnriched,False,0.7397918334667735,0.40392313851080863,0.7397918334667735,0.6278356018147851,0.0,0.0,0.0,1.0,2.0,0.2903645833333333,both,BOTH,0.426967472909568,cc(n)n
CCCOC,CCCOC,0.0,0.3608920748705695,0.7802674544627747,0.1077565074532979,0.0,0.0,0.0,0.0,7.0,0.0,Negative_InactiveOnly,False,0.18254603682946358,0.2790232185748599,0.18254603682946358,0.21470509741126234,0.01084,1.0,2.0,0.0,0.0,0.8450520833333334,both,BOTH,0.42595421100122194,CCCOC
ccc(cc)SC,ccc(cc)SC,1.5322396901344268,1.819024586860137,0.624428810259094,0.2045170674163206,0.238095238095238,0.0018587360594795,5.0,2.0,14.0,0.0,Medium_StrongEnriched,False,0.732586068855084,0.40392313851080863,0.732586068855084,0.6230317587403256,0.0,0.0,0.0,4.0,0.0,0.2903645833333333,both,BOTH,0.4253308794692298,ccc(cc)SC
cncc(c)C,Cc(c)cnc,0.0,0.1999646002035488,0.4513455900264954,0.3454907965553292,0.0,0.0,0.0,2.0,11.0,0.0,Neutral_Balanced,False,0.18254603682946358,0.48478783026421135,0.18254603682946358,0.28329330130771285,0.000315,0.1045,2.0,1.0,1.0,0.6384548611111112,both,BOTH,0.425288120384433,Cc(c)cnc
cc(c)C(=O)CC,cc(c)C(=O)CC,0.0,0.2349488338268142,0.4513455900264954,0.3454907965553292,0.0,0.0,0.0,1.0,10.0,0.0,VeryNegative_InactiveEnriched,False,0.18254603682946358,0.48478783026421135,0.18254603682946358,0.28329330130771285,0.000303,0.0425,1.0,4.0,0.0,0.6375868055555556,both,BOTH,0.42499890707632665,cc(c)C(=O)CC
CCOC,COCC,1.462592431491953,1.7143202625669374,0.624428810259094,0.2045170674163206,0.2272727272727272,0.0018587360594795,5.0,13.0,4.0,1.0,Neutral_Balanced,False,0.7285828662930345,0.40392313851080863,0.7285828662930345,0.6203629570322925,0.0,0.0,0.0,0.0,4.0,0.2903645833333333,both,BOTH,0.42441893399578223,COCC
CCC(CS)P(=O)(O)O,CCC(CS)P(=O)(O)O,0.0,0.2349488338268142,0.4513455900264954,0.3454907965553292,0.0,0.0,0.0,8.0,3.0,1.0,Neutral_Balanced,False,0.18254603682946358,0.48478783026421135,0.18254603682946358,0.28329330130771285,0.000226,0.0201,3.0,0.0,3.0,0.6323784722222222,both,BOTH,0.42325947723797175,CCC(CS)P(=O)(O)O
cc(c)C(Cc)c(c)c,cCC(c(c)c)c(c)c,0.0,0.3608920748705695,0.7802674544627747,0.1077565074532979,0.0,0.0,0.0,1.0,6.0,0.0,Neutral_Balanced,False,0.18254603682946358,0.2790232185748599,0.18254603682946358,0.21470509741126234,0.008097,0.8718,3.0,1.0,0.0,0.8268229166666666,both,BOTH,0.42133489632925103,cCC(c(c)c)c(c)c
Bc(c)s,Bc(c)s,0.0,0.3608920748705695,0.7802674544627747,0.1077565074532979,0.0,0.0,0.0,4.0,3.0,1.0,Neutral_Balanced,False,0.18254603682946358,0.2790232185748599,0.18254603682946358,0.21470509741126234,0.008025,1.0,2.0,0.0,0.0,0.8250868055555556,both,BOTH,0.4208923175344887,Bc(c)s
cc(c)/C=C/C,C/C=C/c(c)c,0.0,0.2846632710809281,0.624428810259094,0.2045170674163206,0.0,0.0,0.0,2.0,7.0,0.0,Neutral_Balanced,False,0.18254603682946358,0.40392313851080863,0.18254603682946358,0.2563384040565786,0.001392,1.0,1.0,0.0,0.0,0.6907552083333334,both,BOTH,0.42079340263119164,C/C=C/c(c)c
n,n,1.0546456993148916,1.1664651819060812,0.3605338515354503,0.4430539519019884,0.1638817480719794,0.0947955390334572,255.0,333.0,968.0,0.0,Neutral_Balanced,False,0.6357085668534828,0.5408326661329064,0.6357085668534828,0.6040832666132906,0.0,0.0,0.0,238.0,0.0,0.2903645833333333,both,BOTH,0.4188130680969817,n
CCNC(c)=O,cC(=O)NCC,0.0,0.2349488338268142,0.4513455900264954,0.3454907965553292,0.0,0.0,0.0,0.0,11.0,0.0,Negative_InactiveOnly,False,0.18254603682946358,0.48478783026421135,0.18254603682946358,0.28329330130771285,0.000122,0.0547,1.0,1.0,0.0,0.6184895833333334,both,BOTH,0.41858566134894276,cC(=O)NCC
c[nH]n,c[nH]n,0.3917204077387143,0.3105800330094069,7.892513405371644e-10,9.102784671789374,0.0608695652173913,0.0104089219330855,28.0,61.0,371.0,0.0,Neutral_Balanced,True,0.4235388310648519,0.9623698959167334,0.4235388310648519,0.6031491860154791,0.0,0.0,0.0,48.0,40.0,0.2903645833333333,both,BOTH,0.41848914213540084,c[nH]n
ccc(cc)C(C)(C)C,ccc(cc)C(C)(C)C,1.379015721120984,1.6565165070894157,0.7423474576594642,0.129392774472499,0.2142857142857142,0.0011152416356877,3.0,3.0,8.0,0.0,Neutral_Balanced,False,0.7157726180944756,0.36269015212169736,0.7157726180944756,0.5980784627702161,0.0,0.0,0.0,2.0,0.0,0.2903645833333333,both,BOTH,0.4167262934384082,ccc(cc)C(C)(C)C
c-c(n)n,c-c(n)n,0.2984536439914014,0.2417949273791459,8.548724777723303e-10,9.068098664605516,0.0463768115942029,0.0059479553903345,16.0,62.0,267.0,0.0,Neutral_Balanced,True,0.40512409927942356,0.9615692554043235,0.40512409927942356,0.5906058179877235,0.0,0.0,0.0,0.0,9.0,0.2903645833333333,both,BOTH,0.41411473320113573,c-c(n)n
cn[nH],cn[nH],0.2798002912419388,0.2186122957904133,1.1847145093101665e-12,11.926386292665804,0.0434782608695652,0.0066914498141263,18.0,56.0,340.0,0.0,Neutral_Balanced,True,0.39831865492393914,0.9735788630904724,0.39831865492393914,0.5900720576461169,0.0,0.0,0.0,137.0,0.0,0.2903645833333333,both,BOTH,0.41392756269069275,cn[nH]
c=S,c=S,0.2567743321123029,0.2007153732750078,3.1411741437237946e-13,12.0,0.0399002493765586,0.0059479553903345,16.0,52.0,333.0,0.0,Neutral_Balanced,True,0.3907125700560448,0.9875900720576462,0.3907125700560448,0.589671737389912,0.0,0.0,0.0,2.0,0.0,0.2903645833333333,both,BOTH,0.4137871292472309,c=S
cOCCO,cOCCO,0.0,0.4165977391783843,0.7802674544627747,0.1077565074532979,0.0,0.0,0.0,1.0,5.0,0.0,Neutral_Balanced,False,0.18254603682946358,0.2790232185748599,0.18254603682946358,0.21470509741126234,0.005018,1.0,2.0,0.0,0.0,0.7907986111111112,both,BOTH,0.41205399261662556,cOCCO
cC=N,c/C=N,0.3908141719776069,0.3371334159438248,3.271515537871663e-05,4.4852510127044845,0.0607287449392712,0.0055762081784386,15.0,102.0,130.0,0.0,Neutral_Balanced,True,0.42273819055244194,0.8959167333867094,0.42273819055244194,0.5804643714971978,0.0,0.0,0.0,0.0,225.0,0.2903645833333333,both,BOTH,0.4105439018785068,c/C=N
N[C@H]1CC(=O)N1,N[C@H]1CC(=O)N1,0.0,0.4165977391783843,0.7802674544627747,0.1077565074532979,0.0,0.0,0.0,2.0,4.0,0.0,Neutral_Balanced,False,0.18254603682946358,0.2790232185748599,0.18254603682946358,0.21470509741126234,0.004425,1.0,2.0,0.0,0.0,0.7786458333333334,both,BOTH,0.40887556725085306,N[C@H]1CC(=O)N1
CN(C)CC#N,CN(C)CC#N,0.0,0.2846632710809281,0.624428810259094,0.2045170674163206,0.0,0.0,0.0,3.0,6.0,0.0,Neutral_Balanced,False,0.18254603682946358,0.40392313851080863,0.18254603682946358,0.2563384040565786,0.000444,0.1357,1.0,0.0,1.0,0.6480034722222222,both,BOTH,0.4075637077716389,CN(C)CC#N
cCP,cCP,1.2066387559808611,1.3005915773443448,0.7635651165044424,0.1171539205817788,0.1875,0.0044609665427509,12.0,11.0,41.0,0.0,Neutral_Balanced,False,0.677742193755004,0.3590872698158527,0.677742193755004,0.5715238857752869,0.0,0.0,0.0,0.0,31.0,0.2903645833333333,both,BOTH,0.40736997306893985,cCP
cc(-c)[nH],c-c(c)[nH],0.0,0.1999646002035488,0.4513455900264954,0.3454907965553292,0.0,0.0,0.0,1.0,12.0,0.0,VeryNegative_InactiveEnriched,False,0.18254603682946358,0.48478783026421135,0.18254603682946358,0.28329330130771285,7e-06,0.0066,1.0,5.0,1.0,0.5850694444444444,both,BOTH,0.40711945963185814,c-c(c)[nH]
cc(c)NS(C)(=O)=O,cc(c)NS(C)(=O)=O,1.2175093754041122,1.34005935900245,0.7756697299927244,0.1103231562851334,0.1891891891891892,0.0026022304832713,7.0,15.0,15.0,0.0,Neutral_Balanced,False,0.6805444355484388,0.3490792634107286,0.6805444355484388,0.5700560448358688,0.0,0.0,0.0,0.0,5.0,0.2903645833333333,both,BOTH,0.40684651397721844,cc(c)NS(C)(=O)=O
cC(C)(C)C,cC(C)(C)C,1.3548224628557035,1.581189929569244,0.7802674544627747,0.1077565074532979,0.2105263157894736,0.0014869888475836,4.0,4.0,11.0,0.0,Neutral_Balanced,False,0.7149719775820657,0.2790232185748599,0.7149719775820657,0.5696557245796637,0.0,0.0,0.0,1.0,0.0,0.2903645833333333,both,BOTH,0.40670363547800026,cC(C)(C)C
cc(-c)n,c-c(c)n,0.5228767942583732,0.4797467031703902,0.0293572089951024,1.5322852353922911,0.08125,0.0048327137546468,13.0,41.0,106.0,0.0,Neutral_Balanced,True,0.4691753402722178,0.765812650120096,0.4691753402722178,0.5680544435548439,0.0,0.0,0.0,34.0,9.0,0.2903645833333333,both,BOTH,0.4061316188299684,c-c(c)n
cc(-c)cc(c)Br,c-c(c)cc(c)Br,0.0,0.3608920748705695,0.7802674544627747,0.1077565074532979,0.0,0.0,0.0,1.0,6.0,0.0,Neutral_Balanced,False,0.18254603682946358,0.2790232185748599,0.18254603682946358,0.21470509741126234,0.003781,0.6999,2.0,0.0,1.0,0.7673611111111112,both,BOTH,0.40590188729633375,c-c(c)cc(c)Br
o,o,0.479657642129038,0.4367777791490289,0.0125134086746265,1.902624371606733,0.0745341614906832,0.0044609665427509,12.0,33.0,116.0,0.0,Neutral_Balanced,True,0.4467574059247398,0.8038430744595677,0.4467574059247398,0.5657859621030158,0.0,0.0,0.0,45.0,0.0,0.2903645833333333,both,BOTH,0.4053198800230397,o
CCC[C@@H](C)N,C[C@@H](N)CCC,1.1880750828119249,1.275706682300468,0.7672646258171788,0.1150548241719264,0.1846153846153846,0.0044609665427509,12.0,16.0,37.0,0.0,Neutral_Balanced,False,0.6709367493995196,0.3546837469975981,0.6709367493995196,0.5655190819322123,0.0,0.0,0.0,3.0,18.0,0.2903645833333333,both,BOTH,0.4052242744361399,C[C@@H](N)CCC
cc(O)cc(c)O,cc(O)cc(c)O,0.0469737715223692,0.0562347831808909,6.659795395534204e-08,7.176539113165348,0.0072992700729927,0.0003717472118959,1.0,25.0,111.0,0.0,Neutral_Balanced,True,0.36589271417133706,0.9519615692554043,0.36589271417133706,0.5612489991993594,0.0,0.0,0.0,8.0,54.0,0.2903645833333333,both,BOTH,0.40369150573026963,cc(O)cc(c)O
CCC(N)=O,CCC(N)=O,0.0,0.3608920748705695,0.7802674544627747,0.1077565074532979,0.0,0.0,0.0,2.0,5.0,0.0,Neutral_Balanced,False,0.18254603682946358,0.2790232185748599,0.18254603682946358,0.21470509741126234,0.003518,1.0,1.0,0.0,0.0,0.7573784722222222,both,BOTH,0.403253045438798,CCC(N)=O
ccc(cc)c(c)o,ccc(cc)c(c)o,1.2870813397129186,1.8111776447105787,0.7802674544627747,0.1077565074532979,0.2,0.0003717472118959,1.0,0.0,4.0,0.0,Neutral_Balanced,False,0.6985588470776621,0.2790232185748599,0.6985588470776621,0.558713637576728,0.0,0.0,0.0,1.0,0.0,0.2903645833333333,both,BOTH,0.4027786645015071,ccc(cc)c(c)o
COC(=O)CS,COC(=O)CS,1.2870813397129186,1.8111776447105787,0.7802674544627747,0.1077565074532979,0.2,0.0003717472118959,1.0,0.0,4.0,0.0,Neutral_Balanced,False,0.6985588470776621,0.2790232185748599,0.6985588470776621,0.558713637576728,0.0,0.0,0.0,2.0,3.0,0.2903645833333333,both,BOTH,0.4027786645015071,COC(=O)CS
cccnn,cccnn,1.2870813397129186,1.8111776447105787,0.7802674544627747,0.1077565074532979,0.2,0.0003717472118959,1.0,0.0,4.0,0.0,Neutral_Balanced,False,0.6985588470776621,0.2790232185748599,0.6985588470776621,0.558713637576728,0.0,0.0,0.0,0.0,1.0,0.2903645833333333,both,BOTH,0.4027786645015071,cccnn
CC(C)CC(N)=O,CC(C)CC(N)=O,1.2870813397129186,1.8111776447105787,0.7802674544627747,0.1077565074532979,0.2,0.0003717472118959,1.0,1.0,3.0,0.0,Neutral_Balanced,False,0.6985588470776621,0.2790232185748599,0.6985588470776621,0.558713637576728,0.0,0.0,0.0,1.0,0.0,0.2903645833333333,both,BOTH,0.4027786645015071,CC(C)CC(N)=O
cc(C)cc(c)S,Cc(c)cc(c)S,1.2870813397129186,1.8111776447105787,0.7802674544627747,0.1077565074532979,0.2,0.0003717472118959,1.0,1.0,3.0,0.0,Neutral_Balanced,False,0.6985588470776621,0.2790232185748599,0.6985588470776621,0.558713637576728,0.0,0.0,0.0,1.0,0.0,0.2903645833333333,both,BOTH,0.4027786645015071,Cc(c)cc(c)S
O=C(O)CO,O=C(O)CO,1.2870813397129186,1.8111776447105787,0.7802674544627747,0.1077565074532979,0.2,0.0003717472118959,1.0,0.0,4.0,0.0,Neutral_Balanced,False,0.6985588470776621,0.2790232185748599,0.6985588470776621,0.558713637576728,0.0,0.0,0.0,2.0,0.0,0.2903645833333333,both,BOTH,0.4027786645015071,O=C(O)CO
CNC(=O)[C@@H](C)N,CNC(=O)[C@@H](C)N,1.2870813397129186,1.8111776447105787,0.7802674544627747,0.1077565074532979,0.2,0.0003717472118959,1.0,3.0,1.0,1.0,Neutral_Balanced,False,0.6985588470776621,0.2790232185748599,0.6985588470776621,0.558713637576728,0.0,0.0,0.0,0.0,1.0,0.2903645833333333,both,BOTH,0.4027786645015071,CNC(=O)[C@@H](C)N
cc(Br)cc(c)Br,cc(Br)cc(c)Br,1.2870813397129186,1.8111776447105787,0.7802674544627747,0.1077565074532979,0.2,0.0003717472118959,1.0,2.0,2.0,0.0,Neutral_Balanced,False,0.6985588470776621,0.2790232185748599,0.6985588470776621,0.558713637576728,0.0,0.0,0.0,0.0,1.0,0.2903645833333333,both,BOTH,0.4027786645015071,cc(Br)cc(c)Br
ccc(-c(c)c)c(c)C,ccc(-c(c)c)c(c)C,1.2870813397129186,1.8111776447105787,0.7802674544627747,0.1077565074532979,0.2,0.0003717472118959,1.0,2.0,2.0,0.0,Neutral_Balanced,False,0.6985588470776621,0.2790232185748599,0.6985588470776621,0.558713637576728,0.0,0.0,0.0,2.0,2.0,0.2903645833333333,both,BOTH,0.4027786645015071,ccc(-c(c)c)c(c)C
C=Cc,c/C=C,0.0590404284271981,0.0716741631943486,3.613338818789235e-06,5.442091313208783,0.0091743119266055,0.0003717472118959,1.0,24.0,84.0,0.0,Neutral_Balanced,True,0.366693354683747,0.9295436349079264,0.366693354683747,0.5543101147584735,0.0,0.0,0.0,0.0,7.0,0.2903645833333333,both,BOTH,0.4011882669137974,c/C=C
cno,cno,1.4300903774587983,1.81312525010004,0.7990001367713122,0.0974531463443051,0.2222222222222222,0.0007434944237918,2.0,1.0,6.0,0.0,Neutral_Balanced,False,0.7229783827061649,0.20616493194555643,0.7229783827061649,0.5507072324526288,0.0,0.0,0.0,0.0,9.0,0.2903645833333333,both,BOTH,0.39988232780376864,cno
ccc(c(c)S)c(c)c,ccc(c(c)S)c(c)c,1.4300903774587983,1.81312525010004,0.7990001367713122,0.0974531463443051,0.2222222222222222,0.0007434944237918,2.0,0.0,7.0,0.0,Neutral_Balanced,False,0.7229783827061649,0.20616493194555643,0.7229783827061649,0.5507072324526288,0.0,0.0,0.0,6.0,1.0,0.2903645833333333,both,BOTH,0.39988232780376864,ccc(c(c)S)c(c)c
cCOC(=O)O,cCOC(=O)O,1.4300903774587983,1.81312525010004,0.7990001367713122,0.0974531463443051,0.2222222222222222,0.0007434944237918,2.0,5.0,2.0,1.0,Neutral_Balanced,False,0.7229783827061649,0.20616493194555643,0.7229783827061649,0.5507072324526288,0.0,0.0,0.0,9.0,0.0,0.2903645833333333,both,BOTH,0.39988232780376864,cCOC(=O)O
CCC(NC)C(=O)O,CCC(NC)C(=O)O,0.0,0.2574386982989133,0.624428810259094,0.2045170674163206,0.0,0.0,0.0,8.0,2.0,1.0,Neutral_Balanced,False,0.18254603682946358,0.40392313851080863,0.18254603682946358,0.2563384040565786,0.00013,0.0122,6.0,2.0,9.0,0.6200086805555556,both,BOTH,0.3986628094954885,CCC(NC)C(=O)O
ccs,ccs,0.4151875289396511,0.3935792207792208,0.0511701209205478,1.290983556741687,0.064516129032258,0.0022304832713754,6.0,16.0,71.0,0.0,Neutral_Balanced,False,0.4311449159327462,0.7445956765412329,0.4311449159327462,0.5356285028022417,0.0,0.0,0.0,51.0,7.0,0.2903645833333333,both,BOTH,0.39436980999771026,ccs
cCN(CC)CC,cCN(CC)CC,1.2870813397129186,1.5991102323282254,0.8217616129942086,0.085254149827821,0.2,0.0007434944237918,2.0,4.0,4.0,0.0,Neutral_Balanced,False,0.6985588470776621,0.20056044835868694,0.6985588470776621,0.5325593808380037,0.0,0.0,0.0,0.0,1.0,0.2903645833333333,both,BOTH,0.3932383281386555,cCN(CC)CC
BO,BO,0.260894866158024,0.259363981385642,0.0155210811317791,1.8090780309378296,0.0405405405405405,0.0011152416356877,3.0,16.0,55.0,0.0,Neutral_Balanced,True,0.39271417133706965,0.7946357085668535,0.39271417133706965,0.526688017080331,0.0,0.0,0.0,42.0,0.0,0.2903645833333333,both,BOTH,0.39106463228754124,BO
B,B,0.260894866158024,0.259363981385642,0.0155210811317791,1.8090780309378296,0.0405405405405405,0.0011152416356877,3.0,16.0,55.0,0.0,Neutral_Balanced,True,0.39271417133706965,0.7946357085668535,0.39271417133706965,0.526688017080331,0.0,0.0,0.0,36.0,0.0,0.2903645833333333,both,BOTH,0.39106463228754124,B
cc(c)/C=N/c,c/N=C/c(c)c,0.0,0.2846632710809281,0.624428810259094,0.2045170674163206,0.0,0.0,0.0,3.0,6.0,0.0,Neutral_Balanced,False,0.18254603682946358,0.40392313851080863,0.18254603682946358,0.2563384040565786,2.6e-05,0.023,1.0,2.0,0.0,0.5954861111111112,both,BOTH,0.3906993209106981,c/N=C/c(c)c
ccc(CN)c(c)C,Cc(c)c(cc)CN,0.0,0.2574386982989133,0.624428810259094,0.2045170674163206,0.0,0.0,0.0,1.0,9.0,0.0,VeryNegative_InactiveEnriched,False,0.18254603682946358,0.40392313851080863,0.18254603682946358,0.2563384040565786,2.3e-05,0.0102,1.0,5.0,0.0,0.5941840277777778,both,BOTH,0.3902719377516981,Cc(c)c(cc)CN
cc(c)o,cc(c)o,0.2681419457735247,0.2670700984338883,0.0214304968939744,1.6689677591583858,0.0416666666666666,0.0011152416356877,3.0,7.0,62.0,0.0,Neutral_Balanced,True,0.39591673338670935,0.7818254603682946,0.39591673338670935,0.5245529757139044,0.0,0.0,0.0,1.0,0.0,0.2903645833333333,both,BOTH,0.3902711957465321,cc(c)o
cccc(c)[nH],cccc(c)[nH],0.5927348274993703,0.5778560626589858,0.3510214393177255,0.4546663573431926,0.0921052631578947,0.0026022304832713,7.0,7.0,62.0,0.0,Neutral_Balanced,False,0.4935948759007206,0.578462770216173,0.4935948759007206,0.5218841740058714,0.0,0.0,0.0,6.0,0.0,0.2903645833333333,both,BOTH,0.3892771258801057,cccc(c)[nH]
ccnc(c)C,Cc(c)ncc,0.5927348274993703,0.5778560626589858,0.3510214393177255,0.4546663573431926,0.0921052631578947,0.0026022304832713,7.0,37.0,32.0,1.0,Neutral_Balanced,False,0.4935948759007206,0.578462770216173,0.4935948759007206,0.5218841740058714,0.0,0.0,0.0,17.0,34.0,0.2903645833333333,both,BOTH,0.3892771258801057,Cc(c)ncc
cnc(nc)-c(c)c,cnc(nc)-c(c)c,0.0,0.4165977391783843,0.7802674544627747,0.1077565074532979,0.0,0.0,0.0,0.0,6.0,0.0,Negative_InactiveOnly,False,0.18254603682946358,0.2790232185748599,0.18254603682946358,0.21470509741126234,0.001812,0.2209,3.0,1.0,0.0,0.703125,both,BOTH,0.3885415313930981,cnc(nc)-c(c)c
COc,COc,0.2881525387416981,0.2884261980055784,0.0400423233280489,1.397480731910039,0.044776119402985,0.0011152416356877,3.0,6.0,58.0,0.0,Neutral_Balanced,True,0.40192153722978385,0.755804643714972,0.40192153722978385,0.5198825727248466,0.0,0.0,0.0,32.0,2.0,0.2903645833333333,both,BOTH,0.3885299043979903,COc
C#N,C#N,0.3328658637188582,0.3365640008239286,0.0989925749661487,1.0043973788586176,0.0517241379310344,0.0011152416356877,3.0,17.0,38.0,0.0,Neutral_Balanced,False,0.41072858286629305,0.7213771016813451,0.41072858286629305,0.514278089137977,0.0,0.0,0.0,1.0,9.0,0.2903645833333333,both,BOTH,0.38642999763218633,C#N
cccc(-c)n,c-c(n)ccc,0.1237578211262421,0.1549793616650194,0.0154060035410066,1.812310006654,0.0192307692307692,0.0003717472118959,1.0,11.0,40.0,0.0,Neutral_Balanced,True,0.36989591673338673,0.7958366693354684,0.36989591673338673,0.5118761676007472,0.0,0.0,0.0,10.0,0.0,0.2903645833333333,both,BOTH,0.38552653621204136,c-c(n)ccc
ccc(=O)oc,ccc(=O)oc,1.1700739451935624,1.4301510077715296,0.8495835280432094,0.0707939164006577,0.1818181818181818,0.0007434944237918,2.0,0.0,9.0,0.0,Neutral_Balanced,False,0.6677341873498799,0.19815852682145715,0.6677341873498799,0.511208967173739,0.0,0.0,0.0,10.0,0.0,0.2903645833333333,both,BOTH,0.3852751987212081,ccc(=O)oc
cnc(S)nc,cnc(S)nc,0.0,0.3608920748705695,0.7802674544627747,0.1077565074532979,0.0,0.0,0.0,0.0,7.0,0.0,Negative_InactiveOnly,False,0.18254603682946358,0.2790232185748599,0.18254603682946358,0.21470509741126234,0.001392,1.0,1.0,0.0,0.0,0.6907552083333334,both,BOTH,0.38510863959738056,cnc(S)nc
ccc(cc)Cn,ccc(cc)Cn,0.5362838915470494,0.531444382714032,0.3510214393177255,0.4546663573431926,0.0833333333333333,0.0018587360594795,5.0,12.0,43.0,0.0,Neutral_Balanced,False,0.4747798238590873,0.578462770216173,0.4747798238590873,0.5093408059781158,0.0,0.0,0.0,0.0,3.0,0.2903645833333333,both,BOTH,0.3845705798712374,ccc(cc)Cn
cccc(n)N,cccc(n)N,1.2066387559808611,1.409858715514552,0.8758704040557456,0.0575601483606094,0.1875,0.0011152416356877,3.0,3.0,10.0,0.0,Neutral_Balanced,False,0.677742193755004,0.17253803042433946,0.677742193755004,0.5093408059781158,0.0,0.0,0.0,2.0,1.0,0.2903645833333333,both,BOTH,0.3845705798712374,cccc(n)N
Nn,Nn,0.1313348305829508,0.1647879498734489,0.0214304968939744,1.6689677591583858,0.0204081632653061,0.0003717472118959,1.0,7.0,41.0,0.0,Neutral_Balanced,True,0.37149719775820655,0.7818254603682946,0.37149719775820655,0.5082732852949025,0.0,0.0,0.0,1.0,1.0,0.2903645833333333,both,BOTH,0.38416736027949955,Nn
CCC(CC)C(N)=O,CCC(CC)C(N)=O,0.0,0.4165977391783843,0.7802674544627747,0.1077565074532979,0.0,0.0,0.0,2.0,4.0,0.0,Neutral_Balanced,False,0.18254603682946358,0.2790232185748599,0.18254603682946358,0.21470509741126234,0.001279,0.516,1.0,1.0,0.0,0.6866319444444444,both,BOTH,0.38395752176201586,CCC(CC)C(N)=O
CCN(CC)S(c)(=O)=O,cS(=O)(=O)N(CC)CC,0.0,0.4165977391783843,0.7802674544627747,0.1077565074532979,0.0,0.0,0.0,2.0,4.0,0.0,Neutral_Balanced,False,0.18254603682946358,0.2790232185748599,0.18254603682946358,0.21470509741126234,0.001186,0.1439,3.0,1.0,0.0,0.68359375,both,BOTH,0.3831071164615454,cS(=O)(=O)N(CC)CC
Br,Br,0.6087546877020561,0.5955177534764412,0.4127697585049684,0.3842921287149644,0.0945945945945946,0.0026022304832713,7.0,23.0,44.0,0.0,Neutral_Balanced,False,0.4955964771817454,0.5208166533226581,0.4955964771817454,0.5040032025620497,0.0,0.0,0.0,0.0,33.0,0.2903645833333333,both,BOTH,0.3825502318788934,Br
ccc(O)c(c)O,ccc(O)c(c)O,0.2860180754917597,0.3076402974983097,0.1319337755665665,0.8796440091206519,0.0444444444444444,0.0007434944237918,2.0,12.0,31.0,0.0,Neutral_Balanced,False,0.400320256204964,0.7085668534827863,0.400320256204964,0.503069121964238,0.0,0.0,0.0,10.0,0.0,0.2903645833333333,both,BOTH,0.3821955729557995,ccc(O)c(c)O
cccc(c)[N+],cccc(c)[N+],0.6734727940358295,0.6572058765607153,0.4513455900264954,0.3454907965553292,0.1046511627906976,0.0033457249070631,9.0,21.0,56.0,0.0,Neutral_Balanced,False,0.5116092874299439,0.48478783026421135,0.5116092874299439,0.5026688017080331,0.0,0.0,0.0,1.0,1.0,0.2903645833333333,both,BOTH,0.3820434754875667,cccc(c)[N+]
C[C@@H](N)CC(=O)O,C[C@@H](N)CC(=O)O,0.1462592431491953,0.1841420607061738,0.0421194412944973,1.3755173982730209,0.0227272727272727,0.0003717472118959,1.0,15.0,28.0,0.0,Neutral_Balanced,True,0.3734987990392314,0.7497998398718975,0.3734987990392314,0.4989324793167867,0.0,0.0,0.0,1.0,25.0,0.2903645833333333,both,BOTH,0.3806209682456889,C[C@@H](N)CC(=O)O
CCc,CCc,0.4856910715897806,0.4876631209562452,0.3215620618773099,0.4927351952757123,0.0754716981132075,0.0014869888475836,4.0,17.0,32.0,0.0,Neutral_Balanced,False,0.44915932746196957,0.5972778222578062,0.44915932746196957,0.4985321590605818,0.0,0.0,0.0,1.0,24.0,0.2903645833333333,both,BOTH,0.38046824130785595,CCc
cco,cco,0.3861244019138756,0.3946671733485338,0.2137809846291565,0.6700309269939185,0.06,0.0011152416356877,3.0,13.0,34.0,0.0,Neutral_Balanced,False,0.4211369095276221,0.6409127301841473,0.4211369095276221,0.49439551641313045,0.0,0.0,0.0,11.0,2.0,0.2903645833333333,both,BOTH,0.37888645809155913,cco
cc(c)-n,cc(c)-n,0.823732057416268,0.809954905130605,0.721648336695574,0.1416743850322159,0.128,0.0059479553903345,16.0,29.0,80.0,0.0,Neutral_Balanced,False,0.5564451561248999,0.36989591673338673,0.5564451561248999,0.49426207632772884,0.0,0.0,0.0,30.0,8.0,0.2903645833333333,both,BOTH,0.3788353228651853,cc(c)-n
[N+],[N+],0.8180601735463465,0.8052068554735436,0.7051435424991009,0.1517224668812856,0.1271186440677966,0.0055762081784386,15.0,31.0,72.0,0.0,Neutral_Balanced,False,0.55484387510008,0.3718975180144115,0.55484387510008,0.4938617560715239,0.0,0.0,0.0,1.0,3.0,0.2903645833333333,both,BOTH,0.37868187575585965,[N+]
COC(C)=O,COC(C)=O,1.1192011649677551,1.254616312517398,0.9153043585030116,0.0384344696063555,0.1739130434782608,0.0014869888475836,4.0,6.0,13.0,0.0,Neutral_Balanced,False,0.6597277822257807,0.16012810248198558,0.6597277822257807,0.49319455564451564,0.0,0.0,0.0,4.0,0.0,0.2903645833333333,both,BOTH,0.3784259923049529,COC(C)=O
cc(O)cc(c)o,cc(O)cc(c)o,0.2925184862983906,0.3150201256973378,0.1755649642967606,0.7555621474886719,0.0454545454545454,0.0007434944237918,2.0,5.0,37.0,0.0,Neutral_Balanced,False,0.4035228182546037,0.6717373899119295,0.4035228182546037,0.49292767547371225,0.0,0.0,0.0,0.0,7.0,0.2903645833333333,both,BOTH,0.3783235904650845,cc(O)cc(c)o
NC(=O)S,NC(=O)S,0.173929910772016,0.2201460093511607,0.0855780544646265,1.0676375910103166,0.027027027027027,0.0003717472118959,1.0,19.0,17.0,1.0,Neutral_Balanced,False,0.3759007205764612,0.7265812650120096,0.3759007205764612,0.49279423538831074,0.0,0.0,0.0,0.0,31.0,0.2903645833333333,both,BOTH,0.37827237914972783,NC(=O)S
ccc(O)c(c)n,ccc(O)c(c)n,0.173929910772016,0.2201460093511607,0.0855780544646265,1.0676375910103166,0.027027027027027,0.0003717472118959,1.0,17.0,19.0,0.0,Neutral_Balanced,False,0.3759007205764612,0.7265812650120096,0.3759007205764612,0.49279423538831074,0.0,0.0,0.0,0.0,34.0,0.2903645833333333,both,BOTH,0.37827237914972783,ccc(O)c(c)n
cCS,cCS,0.6128958760537707,0.6071462450592885,0.4513455900264954,0.3454907965553292,0.0952380952380952,0.0022304832713754,6.0,19.0,38.0,0.0,Neutral_Balanced,False,0.4967974379503603,0.48478783026421135,0.4967974379503603,0.49279423538831063,0.0,0.0,0.0,7.0,0.0,0.2903645833333333,both,BOTH,0.3782723791497278,cCS
ccc(nc)c(c)n,ccc(nc)c(c)n,0.0,0.3608920748705695,0.7802674544627747,0.1077565074532979,0.0,0.0,0.0,0.0,7.0,0.0,Negative_InactiveOnly,False,0.18254603682946358,0.2790232185748599,0.18254603682946358,0.21470509741126234,0.000749,0.1277,1.0,1.0,0.0,0.6644965277777778,both,BOTH,0.3777178731884068,ccc(nc)c(c)n
ccc(c(c)C)[N+](=O)[O-],Cc(c)c(cc)[N+](=O)[O-],0.0,0.3608920748705695,0.7802674544627747,0.1077565074532979,0.0,0.0,0.0,2.0,5.0,0.0,Neutral_Balanced,False,0.18254603682946358,0.2790232185748599,0.18254603682946358,0.21470509741126234,0.00071,0.4453,1.0,0.0,1.0,0.6631944444444444,both,BOTH,0.3773476219575956,Cc(c)c(cc)[N+](=O)[O-]
ccncc,ccncc,0.6825431346962447,0.6780379223378294,0.5536901090235137,0.2567332345427462,0.106060606060606,0.0026022304832713,7.0,19.0,40.0,0.0,Neutral_Balanced,False,0.5148118494795837,0.4363490792634107,0.5148118494795837,0.4886575927408594,0.0,0.0,0.0,9.0,4.0,0.2903645833333333,both,BOTH,0.37668137504908483,ccncc
cc(c)COc,cOCc(c)c,0.5047377802795759,0.5086534188305505,0.3762592256357424,0.4245128426444141,0.0784313725490196,0.0014869888475836,4.0,14.0,33.0,0.0,Neutral_Balanced,False,0.46357085668534825,0.5372297838270617,0.46357085668534825,0.4881238323992527,0.0,0.0,0.0,6.0,0.0,0.2903645833333333,both,BOTH,0.3764755944409662,cOCc(c)c
c[N+](=O)[O-],c[N+](=O)[O-],0.7973070246009231,0.7830437726332528,0.6891988619799374,0.1616554483398558,0.1238938053097345,0.0052044609665427,14.0,29.0,70.0,0.0,Neutral_Balanced,False,0.5388310648518815,0.37469975980784626,0.5388310648518815,0.4841206298372031,0.0,0.0,0.0,17.0,0.0,0.2903645833333333,both,BOTH,0.37492863983130226,c[N+](=O)[O-]
COC(=O)ON,COC(=O)ON,1.0725677830940987,1.1928859336844273,0.9239320429321742,0.0343599708414958,0.1666666666666666,0.0014869888475836,4.0,16.0,4.0,1.0,Neutral_Balanced,False,0.6461168935148118,0.15852682145716573,0.6461168935148118,0.4835868694955965,0.0,0.0,0.0,0.0,24.0,0.2903645833333333,both,BOTH,0.3747218967001527,COC(=O)ON
[N+][O-],[N+][O-],0.7903131033324938,0.7748956084841553,0.689792705695464,0.1612814024489974,0.1228070175438596,0.0052044609665427,14.0,30.0,70.0,0.0,Neutral_Balanced,False,0.5376301040832666,0.3734987990392314,0.5376301040832666,0.48291966906858824,0.0,0.0,0.0,38.0,0.0,0.2903645833333333,both,BOTH,0.37446330727131577,[N+][O-]
ccc(cc)c(c)c,ccc(cc)c(c)c,0.7611771363893605,0.7493065625580962,0.6312002783537359,0.1998328182785713,0.1182795698924731,0.004089219330855,11.0,19.0,63.0,0.0,Neutral_Balanced,False,0.5316253002401922,0.3851080864691753,0.5316253002401922,0.48278622898318657,0.0,0.0,0.0,8.0,45.0,0.2903645833333333,both,BOTH,0.37441156795400193,ccc(cc)c(c)c
cc(c)CCc,cCCc(c)c,0.347859821544032,0.3783203422213956,0.2873681566810542,0.5415613577880607,0.054054054054054,0.0007434944237918,2.0,3.0,32.0,0.0,Neutral_Balanced,False,0.41313050440352284,0.6124899919935949,0.41313050440352284,0.47958366693354676,0.0,0.0,0.0,31.0,1.0,0.2903645833333333,both,BOTH,0.3731676722635971,cCCc(c)c
O=P,O=P,0.8888683285310212,0.8763939577235509,0.7802674544627747,0.1077565074532979,0.1381215469613259,0.0092936802973977,25.0,36.0,120.0,0.0,Neutral_Balanced,False,0.5712570056044836,0.2790232185748599,0.5712570056044836,0.47384574326127565,0.0,0.0,0.0,23.0,27.0,0.2903645833333333,both,BOTH,0.3709285939454304,O=P
ccc([nH]c)c(c)c,ccc([nH]c)c(c)c,0.6930437983069562,0.6899398697697604,0.6342686545612926,0.1977267508245725,0.1076923076923077,0.0026022304832713,7.0,7.0,51.0,0.0,Neutral_Balanced,False,0.5172137710168134,0.3843074459567654,0.5172137710168134,0.4729116626634641,0.0,0.0,0.0,2.0,3.0,0.2903645833333333,both,BOTH,0.3705628123311224,ccc([nH]c)c(c)c
cc(c)N(CC)CC,cc(c)N(CC)CC,1.037968822349128,1.1275809358673086,0.9515545507486776,0.0215663094158051,0.1612903225806451,0.0018587360594795,5.0,7.0,19.0,0.0,Neutral_Balanced,False,0.6317053642914331,0.1545236188951161,0.6317053642914331,0.47264478249266073,0.0,0.0,0.0,1.0,0.0,0.2903645833333333,both,BOTH,0.37045823696221875,cc(c)N(CC)CC
B[C@@H](C)NC(C)=O,B[C@@H](C)NC(C)=O,0.0,0.3182936256940052,0.7802674544627747,0.1077565074532979,0.0,0.0,0.0,2.0,6.0,0.0,Neutral_Balanced,False,0.18254603682946358,0.2790232185748599,0.18254603682946358,0.21470509741126234,0.000323,0.051,2.0,0.0,3.0,0.6388888888888888,both,BOTH,0.37036833169678807,B[C@@H](C)NC(C)=O
ccc(C)c(c)c,ccc(C)c(c)c,0.0,0.4165977391783843,0.7802674544627747,0.1077565074532979,0.0,0.0,0.0,0.0,6.0,0.0,Negative_InactiveOnly,False,0.18254603682946358,0.2790232185748599,0.18254603682946358,0.21470509741126234,0.000257,0.0513,1.0,3.0,0.0,0.6345486111111112,both,BOTH,0.3691081431786521,ccc(C)c(c)c
ccc(c(c)[N+])c(c)n,ccc(c(c)[N+])c(c)n,0.2145135566188197,0.2732365776920735,0.2137809846291565,0.6700309269939185,0.0333333333333333,0.0003717472118959,1.0,9.0,20.0,0.0,Neutral_Balanced,False,0.38310648518815055,0.6409127301841473,0.38310648518815055,0.4690419001868161,0.0,0.0,0.0,0.0,5.0,0.2903645833333333,both,BOTH,0.36904356912649183,ccc(c(c)[N+])c(c)n
CCC(CC)CC,CCC(CC)CC,0.2145135566188197,0.2732365776920735,0.2137809846291565,0.6700309269939185,0.0333333333333333,0.0003717472118959,1.0,8.0,21.0,0.0,Neutral_Balanced,False,0.38310648518815055,0.6409127301841473,0.38310648518815055,0.4690419001868161,0.0,0.0,0.0,1.0,4.0,0.2903645833333333,both,BOTH,0.36904356912649183,CCC(CC)CC
nc(n)S,nc(n)S,0.459671907040328,0.4763058081615866,0.4127697585049684,0.3842921287149644,0.0714285714285714,0.0011152416356877,3.0,6.0,33.0,0.0,Neutral_Balanced,False,0.44275420336269017,0.5208166533226581,0.44275420336269017,0.4687750200160128,0.0,0.0,0.0,13.0,0.0,0.2903645833333333,both,BOTH,0.36893856312945184,nc(n)S
ccc(c(c)c)[N+](=O)[O-],ccc(c(c)c)[N+](=O)[O-],0.2075937644698255,0.2641602041818003,0.2178829630818338,0.6617767272058653,0.032258064516129,0.0003717472118959,1.0,9.0,21.0,0.0,Neutral_Balanced,False,0.3811048839071257,0.6377101681345076,0.3811048839071257,0.46663997864958634,0.0,0.0,0.0,1.0,10.0,0.2903645833333333,both,BOTH,0.3680974367844236,ccc(c(c)c)[N+](=O)[O-]
NC[C@H](N)C(=O)O,NC[C@H](N)C(=O)O,0.2075937644698255,0.2641602041818003,0.2178829630818338,0.6617767272058653,0.032258064516129,0.0003717472118959,1.0,10.0,20.0,0.0,Neutral_Balanced,False,0.3811048839071257,0.6377101681345076,0.3811048839071257,0.46663997864958634,0.0,0.0,0.0,0.0,1.0,0.2903645833333333,both,BOTH,0.3680974367844236,NC[C@H](N)C(=O)O
NC(=O)CCS,NC(=O)CCS,0.2075937644698255,0.2641602041818003,0.2178829630818338,0.6617767272058653,0.032258064516129,0.0003717472118959,1.0,26.0,4.0,1.0,Neutral_Balanced,False,0.3811048839071257,0.6377101681345076,0.3811048839071257,0.46663997864958634,0.0,0.0,0.0,0.0,29.0,0.2903645833333333,both,BOTH,0.3680974367844236,NC(=O)CCS
CNC(=O)CS,CNC(=O)CS,0.0,0.3608920748705695,0.7802674544627747,0.1077565074532979,0.0,0.0,0.0,1.0,6.0,0.0,Neutral_Balanced,False,0.18254603682946358,0.2790232185748599,0.18254603682946358,0.21470509741126234,0.000183,0.045,1.0,2.0,0.0,0.6280381944444444,both,BOTH,0.36720975166270814,CNC(=O)CS
CB(O)O,CB(O)O,0.5217897323160481,0.5465564450025289,0.479416410372453,0.3192871041942635,0.081081081081081,0.0011152416356877,3.0,5.0,29.0,0.0,Neutral_Balanced,False,0.46837469975980783,0.44835868694955966,0.46837469975980783,0.46170269548972503,0.0,0.0,0.0,3.0,0.0,0.2903645833333333,both,BOTH,0.36614493141343757,CB(O)O
cC#N,cC#N,0.5362838915470494,0.5631230130933779,0.6202659855326618,0.2074220342477497,0.0833333333333333,0.0011152416356877,3.0,13.0,20.0,0.0,Neutral_Balanced,False,0.4747798238590873,0.4235388310648519,0.4747798238590873,0.4576994929276755,0.0,0.0,0.0,0.0,24.0,0.2903645833333333,both,BOTH,0.3645541421460226,cC#N
ccc(cc)-n(c)n,ccc(cc)-n(c)n,0.8044258373205742,0.8030157035339462,0.7802674544627747,0.1077565074532979,0.125,0.0037174721189591,10.0,25.0,45.0,0.0,Neutral_Balanced,False,0.5464371497197759,0.2790232185748599,0.5464371497197759,0.4572991726714705,0.0,0.0,0.0,4.0,1.0,0.2903645833333333,both,BOTH,0.36439468126116986,ccc(cc)-n(c)n
ccccn,ccccn,0.9524401913875598,0.9482015095104066,0.9272101274131004,0.0328218334555849,0.148,0.0137546468401487,37.0,72.0,141.0,0.0,Neutral_Balanced,False,0.6052842273819056,0.1577261809447558,0.6052842273819056,0.4560982119028556,0.0,0.0,0.0,4.0,12.0,0.2903645833333333,both,BOTH,0.363915879370839,ccccn
CCNC(N)=S,CCNC(N)=S,1.0725677830940987,1.4812193794229722,1.0,-0.0,0.1666666666666666,0.0003717472118959,1.0,4.0,1.0,1.0,Neutral_Balanced,False,0.6461168935148118,0.07606084867894315,0.6461168935148118,0.4560982119028556,0.0,0.0,0.0,2.0,0.0,0.2903645833333333,both,BOTH,0.363915879370839,CCNC(N)=S
ccc(cc)OC,COc(cc)cc,1.0725677830940987,1.4812193794229722,1.0,-0.0,0.1666666666666666,0.0003717472118959,1.0,1.0,4.0,0.0,Neutral_Balanced,False,0.6461168935148118,0.07606084867894315,0.6461168935148118,0.4560982119028556,0.0,0.0,0.0,54.0,42.0,0.2903645833333333,both,BOTH,0.363915879370839,COc(cc)cc
C=CC,C=CC,0.6227812934094767,0.6633943462748327,0.7392080816635265,0.1312332936782529,0.0967741935483871,0.0011152416356877,3.0,8.0,20.0,0.0,Neutral_Balanced,False,0.4983987189751801,0.36749399519615694,0.4983987189751801,0.45476381104883906,0.0,0.0006,1.0,8.0,19.0,0.2903645833333333,both,BOTH,0.3633831373499256,C=CC
ccc(cc)[N+](=O)[O-],ccc(cc)[N+](=O)[O-],1.05498470468272,1.1087568775177954,1.0,-0.0,0.1639344262295081,0.0037174721189591,10.0,18.0,33.0,0.0,Neutral_Balanced,False,0.6365092073658927,0.07606084867894315,0.6365092073658927,0.44969308780357614,0.0,0.0,0.0,4.0,2.0,0.2903645833333333,both,BOTH,0.36135155467766494,ccc(cc)[N+](=O)[O-]
cC(C)=O,cC(C)=O,0.5850369725967812,0.619340711368882,0.7404966786927719,0.1304768850545035,0.0909090909090909,0.0011152416356877,3.0,6.0,24.0,0.0,Neutral_Balanced,False,0.489191353082466,0.3646917534027222,0.489191353082466,0.4476914865225514,0.0,0.0,0.0,0.0,8.0,0.2903645833333333,both,BOTH,0.3605464629503405,cC(C)=O
cCc,cCc,1.0355826871253369,1.0727193225868838,1.0,-0.0,0.160919540229885,0.0052044609665427,14.0,20.0,53.0,0.0,Neutral_Balanced,False,0.6309047237790232,0.07606084867894315,0.6309047237790232,0.4459567654123298,0.0,0.0,0.0,1.0,9.0,0.2903645833333333,both,BOTH,0.3598472597834145,cCc
cc(c)NCc,cCNc(c)c,0.2681419457735247,0.3439164224742005,0.3587543592621338,0.445202813067742,0.0416666666666666,0.0003717472118959,1.0,13.0,10.0,1.0,Neutral_Balanced,False,0.39591673338670935,0.544435548438751,0.39591673338670935,0.44542300507072324,0.0,0.0,0.0,0.0,12.0,0.2903645833333333,both,BOTH,0.35963184685792465,cCNc(c)c
cc(c)C(=O)Nc,cNC(=O)c(c)c,0.2681419457735247,0.3439164224742005,0.3587543592621338,0.445202813067742,0.0416666666666666,0.0003717472118959,1.0,3.0,20.0,0.0,Neutral_Balanced,False,0.39591673338670935,0.544435548438751,0.39591673338670935,0.44542300507072324,0.0,0.0,0.0,6.0,0.0,0.2903645833333333,both,BOTH,0.35963184685792465,cNC(=O)c(c)c
CNOC(=O)O,CNOC(=O)O,1.0296650717703348,1.1368979156731285,1.0,-0.0,0.16,0.0014869888475836,4.0,17.0,4.0,1.0,Neutral_Balanced,False,0.6289031224979984,0.07606084867894315,0.6289031224979984,0.44462236455831333,0.0,0.0,0.0,0.0,17.0,0.2903645833333333,both,BOTH,0.359308485323762,CNOC(=O)O
cCCc(n)[nH],cCCc(n)[nH],0.0,0.4925600086890409,1.0,-0.0,0.0,0.0,0.0,0.0,5.0,0.0,Negative_InactiveOnly,False,0.18254603682946358,0.07606084867894315,0.18254603682946358,0.14705097411262344,0.020971,1.0,5.0,0.0,0.0,0.8758680555555556,both,BOTH,0.35888333865418415,cCCc(n)[nH]
CNN,CNN,1.020788648737832,1.0430970871281509,1.0,-0.0,0.1586206896551724,0.0085501858736059,23.0,80.0,42.0,1.0,Neutral_Balanced,False,0.6269015212169736,0.07606084867894315,0.6269015212169736,0.4432879637042968,0.0,0.0,0.0,1.0,2.0,0.2903645833333333,both,BOTH,0.3587689017705965,CNN
nnn,nnn,1.018260553570347,1.0385477492397528,1.0,-0.0,0.1582278481012658,0.0092936802973977,25.0,37.0,96.0,0.0,Neutral_Balanced,False,0.6261008807045636,0.07606084867894315,0.6261008807045636,0.4427542033626901,0.0,0.0,0.0,32.0,0.0,0.2903645833333333,both,BOTH,0.3585528409851042,nnn
cCNC(C)=O,cCNC(C)=O,0.2574162679425837,0.3297323719907124,0.3605338515354503,0.4430539519019884,0.04,0.0003717472118959,1.0,7.0,17.0,0.0,Neutral_Balanced,False,0.3915132105684548,0.5408326661329064,0.3915132105684548,0.44128636242327196,0.0,0.0,0.0,3.0,0.0,0.2903645833333333,both,BOTH,0.3579580013852403,cCNC(C)=O
ccc(c(c)O)[N+](=O)[O-],ccc(c(c)O)[N+](=O)[O-],0.0,0.3608920748705695,0.7802674544627747,0.1077565074532979,0.0,0.0,0.0,1.0,6.0,0.0,Neutral_Balanced,False,0.18254603682946358,0.2790232185748599,0.18254603682946358,0.21470509741126234,2.2e-05,0.0084,1.0,6.0,0.0,0.5935329861111112,both,BOTH,0.35697977197564507,ccc(c(c)O)[N+](=O)[O-]
[nH]c(n)=S,[nH]c(n)=S,0.0,0.0223173879087857,7.249807312057606e-08,7.139673536107928,0.0,0.0,0.0,15.0,100.0,0.0,Neutral_Balanced,True,0.18254603682946358,0.9503602882305845,0.18254603682946358,0.43848412062983716,0.0,0.0,0.0,2.0,0.0,0.2903645833333333,both,BOTH,0.3568196448977631,[nH]c(n)=S
cc(c)NC(c)=O,cC(=O)Nc(c)c,0.2475156422524843,0.3166607960549489,0.3701740167669435,0.4315940684863164,0.0384615384615384,0.0003717472118959,1.0,2.0,23.0,0.0,VeryNegative_InactiveEnriched,False,0.388310648518815,0.5384307445956765,0.388310648518815,0.43835068054443554,0.0,0.0,0.0,25.0,0.0,0.2903645833333333,both,BOTH,0.35676534684603006,cC(=O)Nc(c)c
C=C,C=C,0.5148325358851674,0.5745702536333682,0.6707172598361903,0.1734605176415039,0.08,0.0007434944237918,2.0,6.0,17.0,0.0,Neutral_Balanced,False,0.466773418734988,0.38030424339471575,0.466773418734988,0.43795036028823064,0.0,0.0,0.0,2.0,2.0,0.2903645833333333,both,BOTH,0.35660240308468943,C=C
cc(c)S(=O)(=O)NC,cc(c)S(=O)(=O)NC,0.5148325358851674,0.5745702536333682,0.6707172598361903,0.1734605176415039,0.08,0.0007434944237918,2.0,2.0,21.0,0.0,Neutral_Balanced,False,0.466773418734988,0.38030424339471575,0.466773418734988,0.43795036028823064,0.0,0.0,0.0,2.0,1.0,0.2903645833333333,both,BOTH,0.35660240308468943,cc(c)S(=O)(=O)NC
ccc(C)c(c)O,ccc(C)c(c)O,0.0,0.4165977391783843,0.7802674544627747,0.1077565074532979,0.0,0.0,0.0,1.0,5.0,0.0,Neutral_Balanced,False,0.18254603682946358,0.2790232185748599,0.18254603682946358,0.21470509741126234,1.8e-05,0.0155,1.0,1.0,1.0,0.5913628472222222,both,BOTH,0.35632656050068545,ccc(C)c(c)O
CCSc(n)o,CCSc(n)o,0.9900625690099376,1.180385197557284,1.0,-0.0,0.1538461538461538,0.0007434944237918,2.0,3.0,8.0,0.0,Neutral_Balanced,False,0.6172938350680545,0.07606084867894315,0.6172938350680545,0.43688283960501734,0.0,0.0,0.0,11.0,0.0,0.2903645833333333,both,BOTH,0.3561675219435292,CCSc(n)o
cc(=O)o,cc(=O)o,0.9900625690099376,1.180385197557284,1.0,-0.0,0.1538461538461538,0.0007434944237918,2.0,0.0,11.0,0.0,Neutral_Balanced,False,0.6172938350680545,0.07606084867894315,0.6172938350680545,0.43688283960501734,0.0,0.0,0.0,2.0,0.0,0.2903645833333333,both,BOTH,0.3561675219435292,cc(=O)o
SCCS,SCCS,0.9900625690099376,1.180385197557284,1.0,-0.0,0.1538461538461538,0.0007434944237918,2.0,11.0,0.0,1.0,Second_StrongWeak_NoInactive,False,0.6172938350680545,0.07606084867894315,0.6172938350680545,0.43688283960501734,0.0,0.0,0.0,0.0,12.0,0.2903645833333333,both,BOTH,0.3561675219435292,SCCS
CSCCS,CSCCS,0.9900625690099376,1.180385197557284,1.0,-0.0,0.1538461538461538,0.0007434944237918,2.0,11.0,0.0,1.0,Second_StrongWeak_NoInactive,False,0.6172938350680545,0.07606084867894315,0.6172938350680545,0.43688283960501734,0.0,0.0,0.0,1.0,6.0,0.2903645833333333,both,BOTH,0.3561675219435292,CSCCS
C=Nn,C=N/n,0.0,0.0243043285599699,4.1611436063170926e-07,6.380787295897782,0.0,0.0,0.0,28.0,78.0,0.0,Neutral_Balanced,True,0.18254603682946358,0.94435548438751,0.18254603682946358,0.43648251934881244,0.0,0.0002,1.0,91.0,0.0,0.2903645833333333,both,BOTH,0.3560043045568431,C=N/n
nc(n)C(=O)O,nc(n)C(=O)O,0.0,0.0252994142844654,6.200067503843991e-07,6.207603582052172,0.0,0.0,0.0,2.0,100.0,0.0,VeryNegative_InactiveEnriched,True,0.18254603682946358,0.9427542033626901,0.18254603682946358,0.43594875900720576,0.0,0.0,0.0,5.0,0.0,0.2903645833333333,both,BOTH,0.3557865649006593,nc(n)C(=O)O
cc(c)/C=N/n,cc(c)/C=N/n,0.0,0.0252994142844654,6.200067503843991e-07,6.207603582052172,0.0,0.0,0.0,28.0,74.0,0.0,Neutral_Balanced,True,0.18254603682946358,0.9427542033626901,0.18254603682946358,0.43594875900720576,0.0,0.0,0.0,0.0,3.0,0.2903645833333333,both,BOTH,0.3557865649006593,cc(c)/C=N/n
ncn,ncn,0.4290271132376395,0.4727154019502538,0.5536901090235137,0.2567332345427462,0.0666666666666666,0.0007434944237918,2.0,5.0,23.0,0.0,Neutral_Balanced,False,0.4355484387510008,0.4363490792634107,0.4355484387510008,0.4358153189218041,0.0,0.0,0.0,0.0,3.0,0.2903645833333333,both,BOTH,0.35573210916223663,ncn
cnccn,cnccn,0.0,0.0255604404658909,9.44639953119691e-07,6.024733690082126,0.0,0.0,0.0,8.0,93.0,0.0,VeryNegative_InactiveEnriched,True,0.18254603682946358,0.9375500400320256,0.18254603682946358,0.43421403789698426,0.0,0.0,0.0,0.0,2.0,0.2903645833333333,both,BOTH,0.35507798888616293,cnccn
nc(s)S,nc(S)s,0.9750616209946352,1.04751903943656,1.0,-0.0,0.1515151515151515,0.0018587360594795,5.0,13.0,15.0,0.0,Neutral_Balanced,False,0.6108887109687751,0.07606084867894315,0.6108887109687751,0.43261275687216444,0.0,0.0,0.0,0.0,9.0,0.2903645833333333,both,BOTH,0.35442266137180145,nc(S)s
ccnc(C)n,Cc(n)ncc,0.0,0.0275423059174552,2.1039133482265386e-06,5.676972151002146,0.0,0.0,0.0,2.0,92.0,0.0,VeryNegative_InactiveEnriched,True,0.18254603682946358,0.932746196957566,0.18254603682946358,0.43261275687216433,0.0,0.0,0.0,0.0,1.0,0.2903645833333333,both,BOTH,0.35442266137180145,Cc(n)ncc
CC(=O)Nc(n)[nH],CC(=O)Nc(n)[nH],0.6657317274377165,0.7140975864496061,0.7802674544627747,0.1077565074532979,0.1034482758620689,0.0011152416356877,3.0,6.0,20.0,0.0,Neutral_Balanced,False,0.5088070456365092,0.2790232185748599,0.5088070456365092,0.4322124366159595,0.0,0.0,0.0,2.0,0.0,0.2903645833333333,both,BOTH,0.35425864007738445,CC(=O)Nc(n)[nH]
CC(P)CS,CC(P)CS,0.0,0.4165977391783843,0.7802674544627747,0.1077565074532979,0.0,0.0,0.0,5.0,1.0,1.0,Neutral_Balanced,False,0.18254603682946358,0.2790232185748599,0.18254603682946358,0.21470509741126234,5e-06,0.0073,1.0,0.0,1.0,0.5837673611111112,both,BOTH,0.3540308293537114,CC(P)CS
CCC[C@H](C)N,C[C@H](N)CCC,0.9653110047846888,1.0856799037304452,1.0,-0.0,0.15,0.0011152416356877,3.0,7.0,10.0,0.0,Neutral_Balanced,False,0.6088871096877502,0.07606084867894315,0.6088871096877502,0.43127835601814785,0.0,0.0,0.0,0.0,1.0,0.2903645833333333,both,BOTH,0.3538756280755917,C[C@H](N)CCC
cc(-c)cc(c)c,c-c(c)cc(c)c,0.2925184862983906,0.3762428631109873,0.4513455900264954,0.3454907965553292,0.0454545454545454,0.0003717472118959,1.0,5.0,16.0,0.0,Neutral_Balanced,False,0.4035228182546037,0.48478783026421135,0.4035228182546037,0.43061115559113955,0.0,0.0,0.0,0.0,3.0,0.2903645833333333,both,BOTH,0.3536017940733706,c-c(c)cc(c)c
CCSc(n)s,CCSc(n)s,0.9533935849725322,1.0392166927597977,1.0,-0.0,0.1481481481481481,0.0014869888475836,4.0,10.0,13.0,0.0,Neutral_Balanced,False,0.6060848678943155,0.07606084867894315,0.6060848678943155,0.4294101948225247,0.0,0.0,0.0,6.0,0.0,0.2903645833333333,both,BOTH,0.3531083577299295,CCSc(n)s
cCO,cCO,0.9276261907840856,0.934701310526487,1.0,-0.0,0.1441441441441441,0.0059479553903345,16.0,30.0,65.0,0.0,Neutral_Balanced,False,0.6036829463570856,0.07606084867894315,0.6036829463570856,0.4278089137977048,0.0,0.0,0.0,0.0,1.0,0.2903645833333333,both,BOTH,0.3524493679965343,cCO
ccc(c(c)O)c(c)c,ccc(c(c)O)c(c)c,0.0,0.4925600086890409,1.0,-0.0,0.0,0.0,0.0,2.0,3.0,0.0,Neutral_Balanced,False,0.18254603682946358,0.07606084867894315,0.18254603682946358,0.14705097411262344,0.01002,1.0,3.0,0.0,0.0,0.8424479166666666,both,BOTH,0.351969866302477,ccc(c(c)O)c(c)c
cc(c)CCn,cc(c)CCn,0.0,0.032964390643433,2.140167767653056e-05,4.669552180991874,0.0,0.0,0.0,2.0,77.0,0.0,VeryNegative_InactiveEnriched,True,0.18254603682946358,0.900720576461169,0.18254603682946358,0.42193755004003203,0.0,0.0,0.0,6.0,13.0,0.2903645833333333,both,BOTH,0.35002245772244583,cc(c)CCn
CN(C)CCO,CN(C)CCO,0.3575225943646996,0.4630624465355004,0.6093527659062733,0.2151312132267301,0.0555555555555555,0.0003717472118959,1.0,0.0,17.0,0.0,VeryNegative_InactiveEnriched,False,0.4159327461969576,0.4311449159327462,0.4159327461969576,0.42100346944222045,0.0,0.0,0.0,6.0,0.0,0.2903645833333333,both,BOTH,0.3496348051703063,CN(C)CCO
COC(c)=O,cC(=O)OC,0.3575225943646996,0.4630624465355004,0.6093527659062733,0.2151312132267301,0.0555555555555555,0.0003717472118959,1.0,6.0,11.0,0.0,Neutral_Balanced,False,0.4159327461969576,0.4311449159327462,0.4159327461969576,0.42100346944222045,0.0,0.0,0.0,5.0,1.0,0.2903645833333333,both,BOTH,0.3496348051703063,cC(=O)OC
CC(C)=O,CC(C)=O,0.5850369725967812,0.6595321055251369,0.7802674544627747,0.1077565074532979,0.0909090909090909,0.0007434944237918,2.0,12.0,8.0,1.0,Neutral_Balanced,False,0.489191353082466,0.2790232185748599,0.489191353082466,0.4191353082465972,0.0,0.0,0.0,0.0,1.0,0.2903645833333333,both,BOTH,0.3488582077855005,CC(C)=O
cNS(C)(=O)=O,cNS(C)(=O)=O,0.919343814080656,1.026539174553615,1.0,-0.0,0.1428571428571428,0.0011152416356877,3.0,10.0,8.0,1.0,Neutral_Balanced,False,0.588470776621297,0.07606084867894315,0.588470776621297,0.417667467307179,0.0,0.0,0.0,2.0,6.0,0.2903645833333333,both,BOTH,0.3482468091979274,cNS(C)(=O)=O
cc(c)CCN,cc(c)CCN,0.919343814080656,1.0854741896758704,1.0,-0.0,0.1428571428571428,0.0007434944237918,2.0,5.0,7.0,0.0,Neutral_Balanced,False,0.588470776621297,0.07606084867894315,0.588470776621297,0.417667467307179,0.0,0.0,0.0,3.0,1.0,0.2903645833333333,both,BOTH,0.3482468091979274,cc(c)CCN
C=NC,C=N/C,0.919343814080656,1.25278673422386,1.0,-0.0,0.1428571428571428,0.0003717472118959,1.0,6.0,0.0,1.0,Second_StrongWeak_NoInactive,False,0.588470776621297,0.07606084867894315,0.588470776621297,0.417667467307179,0.0,0.0,0.0,0.0,3.0,0.2903645833333333,both,BOTH,0.3482468091979274,C=N/C
cc(c)/C=N/C,cc(c)/C=N/C,0.919343814080656,1.25278673422386,1.0,-0.0,0.1428571428571428,0.0003717472118959,1.0,6.0,0.0,1.0,Second_StrongWeak_NoInactive,False,0.588470776621297,0.07606084867894315,0.588470776621297,0.417667467307179,0.0,0.0,0.0,1.0,5.0,0.2903645833333333,both,BOTH,0.3482468091979274,cc(c)/C=N/C
cc(c)CC(N)=O,cc(c)CC(N)=O,0.919343814080656,0.9963565643386426,1.0,-0.0,0.1428571428571428,0.0014869888475836,4.0,11.0,13.0,0.0,Neutral_Balanced,False,0.588470776621297,0.07606084867894315,0.588470776621297,0.417667467307179,0.0,0.0,0.0,2.0,0.0,0.2903645833333333,both,BOTH,0.3482468091979274,cc(c)CC(N)=O
nO,nO,0.919343814080656,1.25278673422386,1.0,-0.0,0.1428571428571428,0.0003717472118959,1.0,0.0,6.0,0.0,Neutral_Balanced,False,0.588470776621297,0.07606084867894315,0.588470776621297,0.417667467307179,0.0,0.0,0.0,7.0,0.0,0.2903645833333333,both,BOTH,0.3482468091979274,nO
cc(N)cc(c)O,cc(N)cc(c)O,0.919343814080656,1.25278673422386,1.0,-0.0,0.1428571428571428,0.0003717472118959,1.0,5.0,1.0,1.0,Neutral_Balanced,False,0.588470776621297,0.07606084867894315,0.588470776621297,0.417667467307179,0.0,0.0,0.0,0.0,2.0,0.2903645833333333,both,BOTH,0.3482468091979274,cc(N)cc(c)O
ccc(Cl)c(c)O,ccc(Cl)c(c)O,0.919343814080656,1.25278673422386,1.0,-0.0,0.1428571428571428,0.0003717472118959,1.0,4.0,2.0,1.0,Neutral_Balanced,False,0.588470776621297,0.07606084867894315,0.588470776621297,0.417667467307179,0.0,0.0,0.0,1.0,0.0,0.2903645833333333,both,BOTH,0.3482468091979274,ccc(Cl)c(c)O
cc(-c)cc(c)-c,c-c(c)cc(-c)c,0.3217703349282296,0.4152003684937816,0.617310947945091,0.2094960207973817,0.05,0.0003717472118959,1.0,6.0,13.0,0.0,Neutral_Balanced,False,0.40912730184147317,0.4267413931144916,0.40912730184147317,0.414998665599146,0.0,0.0,0.0,1.0,4.0,0.2903645833333333,both,BOTH,0.3471324165510697,c-c(c)cc(-c)c
ccc(cc)-n(c)c,ccc(cc)-n(c)c,0.0,0.4925600086890409,1.0,-0.0,0.0,0.0,0.0,0.0,5.0,0.0,Negative_InactiveOnly,False,0.18254603682946358,0.07606084867894315,0.18254603682946358,0.14705097411262344,0.007138,1.0,1.0,0.0,0.0,0.81640625,both,BOTH,0.3464871344424407,ccc(cc)-n(c)c
cCCC(N)=O,cCCC(N)=O,0.6957196430880641,0.725762022217021,0.8081092731908757,0.0925299096027616,0.1081081081081081,0.0014869888475836,4.0,7.0,26.0,0.0,Neutral_Balanced,False,0.5180144115292233,0.2033626901521217,0.5180144115292233,0.4131305044035228,0.0,0.0,0.0,13.0,0.0,0.2903645833333333,both,BOTH,0.3463502082768519,cCCC(N)=O
cc(c)S(=O)(=O)ON,cc(c)S(=O)(=O)ON,0.0,0.4925600086890409,1.0,-0.0,0.0,0.0,0.0,1.0,4.0,0.0,Neutral_Balanced,False,0.18254603682946358,0.07606084867894315,0.18254603682946358,0.14705097411262344,0.006253,1.0,2.0,0.0,0.0,0.8077256944444444,both,BOTH,0.34464017494170757,cc(c)S(=O)(=O)ON
NNS,NNS,0.4290271132376395,0.5596118108610365,0.7672646258171788,0.1150548241719264,0.0666666666666666,0.0003717472118959,1.0,9.0,5.0,1.0,Neutral_Balanced,False,0.4355484387510008,0.3546837469975981,0.4355484387510008,0.40859354149986654,0.0,0.0,0.0,0.0,2.0,0.2903645833333333,both,BOTH,0.34444316429608496,NNS
ccc(cc)C(C)=O,ccc(cc)C(C)=O,0.8775554588951717,0.973464161189793,1.0,-0.0,0.1363636363636363,0.0011152416356877,3.0,5.0,14.0,0.0,Neutral_Balanced,False,0.567654123298639,0.07606084867894315,0.567654123298639,0.403789698425407,0.0,0.0,0.0,1.0,0.0,0.2903645833333333,both,BOTH,0.3424123647556928,ccc(cc)C(C)=O
ccc(cc)C(=O)O,ccc(cc)C(=O)O,0.8725975184494363,0.8931920579922661,1.0,-0.0,0.135593220338983,0.0029739776951672,8.0,19.0,32.0,0.0,Neutral_Balanced,False,0.566052842273819,0.07606084867894315,0.566052842273819,0.4027221777421937,0.0,0.0,0.0,12.0,11.0,0.2903645833333333,both,BOTH,0.34195943814903645,ccc(cc)C(=O)O
B[C@H](C)N,B[C@H](C)N,0.4022129186602871,0.5232760285879853,0.7672646258171788,0.1150548241719264,0.0625,0.0003717472118959,1.0,3.0,12.0,0.0,Neutral_Balanced,False,0.42634107285828665,0.3546837469975981,0.42634107285828665,0.4024552975713904,0.0,0.0,0.0,2.0,0.0,0.2903645833333333,both,BOTH,0.3418461127314591,B[C@H](C)N
cc(c)CP(=O)(O)O,cc(c)CP(=O)(O)O,0.0,0.0536668959608027,0.0028343717861318,2.5475431837020537,0.0,0.0,0.0,9.0,40.0,0.0,Neutral_Balanced,True,0.18254603682946358,0.8322658126501201,0.18254603682946358,0.3991192954363491,0.0,0.0,0.0,4.0,9.0,0.2903645833333333,both,BOTH,0.34042636196344883,cc(c)CP(=O)(O)O
CCN(CC)C(C)=O,CCN(CC)C(C)=O,0.6774112314278519,0.773623735208369,0.9011994487548776,0.045179082597106,0.1052631578947368,0.0007434944237918,2.0,9.0,8.0,1.0,Neutral_Balanced,False,0.5132105684547638,0.16573258606885508,0.5132105684547638,0.39738457432612756,0.0,0.0,0.0,7.0,1.0,0.2903645833333333,both,BOTH,0.33968574645884103,CCN(CC)C(C)=O
CCSC(C)=O,CCSC(C)=O,0.0,0.0572063565473208,0.004152124378482,2.3817296455065744,0.0,0.0,0.0,7.0,39.0,0.0,Neutral_Balanced,True,0.18254603682946358,0.8254603682946358,0.18254603682946358,0.396850813984521,0.0,0.0,0.0,4.0,0.0,0.2903645833333333,both,BOTH,0.3394575396836983,CCSC(C)=O
CC(=O)S,CC(=O)S,0.0,0.055976859712004,0.0043421544782703,2.362294729967969,0.0,0.0,0.0,7.0,40.0,0.0,Neutral_Balanced,True,0.18254603682946358,0.8238590872698158,0.18254603682946358,0.3963170536429143,0.0,0.0,0.0,9.0,1.0,0.2903645833333333,both,BOTH,0.33922917938897756,CC(=O)S
ccc(c(c)-c)C(P)P,c-c(c)c(cc)C(P)P,0.0,0.0627029306346194,0.0098957142287859,2.00455285487584,0.0,0.0,0.0,8.0,34.0,0.0,Neutral_Balanced,True,0.18254603682946358,0.8094475580464372,0.18254603682946358,0.39151321056845473,0.0,0.0,0.0,14.0,15.0,0.2903645833333333,both,BOTH,0.33716697681742935,c-c(c)c(cc)C(P)P
CC(c)S,CC(c)S,0.8044258373205742,1.0852694610778444,1.0,-0.0,0.125,0.0003717472118959,1.0,2.0,5.0,0.0,Neutral_Balanced,False,0.5464371497197759,0.07606084867894315,0.5464371497197759,0.3896450493728316,0.0,0.0,0.0,1.0,0.0,0.2903645833333333,both,BOTH,0.33636159472959803,CC(c)S
CNNC(C)=O,CNNC(C)=O,0.8044258373205742,1.0852694610778444,1.0,-0.0,0.125,0.0003717472118959,1.0,4.0,3.0,1.0,Neutral_Balanced,False,0.5464371497197759,0.07606084867894315,0.5464371497197759,0.3896450493728316,0.0,0.0,0.0,1.0,0.0,0.2903645833333333,both,BOTH,0.33636159472959803,CNNC(C)=O
cc([N+])c(O)c(c)n,cc([N+])c(O)c(c)n,0.8044258373205742,1.0852694610778444,1.0,-0.0,0.125,0.0003717472118959,1.0,1.0,6.0,0.0,Neutral_Balanced,False,0.5464371497197759,0.07606084867894315,0.5464371497197759,0.3896450493728316,0.0,0.0,0.0,2.0,0.0,0.2903645833333333,both,BOTH,0.33636159472959803,cc([N+])c(O)c(c)n
cNN,cNN,0.0,0.0675559185154938,0.0140638526167198,1.8518956934705784,0.0,0.0,0.0,7.0,32.0,0.0,Neutral_Balanced,True,0.18254603682946358,0.7994395516413131,0.18254603682946358,0.3881772084334134,0.0,0.0,0.0,2.0,0.0,0.2903645833333333,both,BOTH,0.33572743913219927,cNN
CCOP,CCOP,0.0,0.0675559185154938,0.0140638526167198,1.8518956934705784,0.0,0.0,0.0,8.0,31.0,0.0,Neutral_Balanced,True,0.18254603682946358,0.7994395516413131,0.18254603682946358,0.3881772084334134,0.0,0.0,0.0,0.0,13.0,0.2903645833333333,both,BOTH,0.33572743913219927,CCOP
coc(-c(c)c)c(c)O,coc(-c(c)c)c(c)O,0.0,0.0753024719403638,0.0199577912136897,1.699887525011901,0.0,0.0,0.0,3.0,32.0,0.0,VeryNegative_InactiveEnriched,True,0.18254603682946358,0.7874299439551641,0.18254603682946358,0.3841740058713638,0.0,0.0,0.0,0.0,4.0,0.2903645833333333,both,BOTH,0.33399180400473316,coc(-c(c)c)c(c)O
CCOP(C)(=O)O,CCOP(C)(=O)O,0.0,0.0732066578288407,0.0202361103170989,1.6938729617018593,0.0,0.0,0.0,8.0,28.0,0.0,Neutral_Balanced,True,0.18254603682946358,0.7858286629303443,0.18254603682946358,0.3836402455297572,0.0,0.0,0.0,0.0,9.0,0.2903645833333333,both,BOTH,0.3337597040434115,CCOP(C)(=O)O
cB(O)O,cB(O)O,0.0,0.0712226204699323,0.0214053020406741,1.6694786396506192,0.0,0.0,0.0,11.0,26.0,0.0,Neutral_Balanced,True,0.18254603682946358,0.7830264211369096,0.18254603682946358,0.3827061649319456,0.0,0.0,0.0,3.0,0.0,0.2903645833333333,both,BOTH,0.33335314025753876,cB(O)O
COP(=O)(OC)C(c)P,cC(P)P(=O)(OC)OC,0.0,0.0823637533314952,0.0292631602381094,1.5336787745927831,0.0,0.0,0.0,6.0,26.0,0.0,Neutral_Balanced,True,0.18254603682946358,0.7730184147317855,0.18254603682946358,0.37937016279690416,0.0,0.0,0.0,14.0,0.0,0.2903645833333333,both,BOTH,0.33189706122474466,cC(P)P(=O)(OC)OC
CC(C)(C)S,CC(C)(C)S,0.5362838915470494,0.7065347565738089,0.8574350879598587,0.0667987482623484,0.0833333333333333,0.0003717472118959,1.0,3.0,8.0,0.0,Neutral_Balanced,False,0.4747798238590873,0.18815052041633307,0.4747798238590873,0.37923672271150255,0.0,0.0,0.0,3.0,2.0,0.2903645833333333,both,BOTH,0.3318386851692013,CC(C)(C)S
cc(c)CNc,cNCc(c)c,0.5362838915470494,0.7065347565738089,0.8574350879598587,0.0667987482623484,0.0833333333333333,0.0003717472118959,1.0,7.0,4.0,1.0,Neutral_Balanced,False,0.4747798238590873,0.18815052041633307,0.4747798238590873,0.37923672271150255,0.0,0.0,0.0,6.0,0.0,0.2903645833333333,both,BOTH,0.3318386851692013,cNCc(c)c
CNC(=O)CN,CNC(=O)CN,0.7150451887293992,0.9571680169073618,1.0,-0.0,0.1111111111111111,0.0003717472118959,1.0,0.0,8.0,0.0,VeryNegative_InactiveEnriched,False,0.5232185748598879,0.07606084867894315,0.5232185748598879,0.37416599946623963,0.0,0.0,0.0,5.0,1.0,0.2903645833333333,both,BOTH,0.3296127341783307,CNC(=O)CN
ccc(c(c)C)c(c)o,ccc(c(c)C)c(c)o,0.7150451887293992,0.9571680169073618,1.0,-0.0,0.1111111111111111,0.0003717472118959,1.0,1.0,7.0,0.0,Neutral_Balanced,False,0.5232185748598879,0.07606084867894315,0.5232185748598879,0.37416599946623963,0.0,0.0,0.0,1.0,0.0,0.2903645833333333,both,BOTH,0.3296127341783307,ccc(c(c)C)c(c)o
ccc(CC)c(c)C,ccc(CC)c(c)C,0.7150451887293992,0.9571680169073618,1.0,-0.0,0.1111111111111111,0.0003717472118959,1.0,3.0,5.0,0.0,Neutral_Balanced,False,0.5232185748598879,0.07606084867894315,0.5232185748598879,0.37416599946623963,0.0,0.0,0.0,0.0,6.0,0.2903645833333333,both,BOTH,0.3296127341783307,ccc(CC)c(c)C
n[nH]n,n[nH]n,0.7150451887293992,0.9571680169073618,1.0,-0.0,0.1111111111111111,0.0003717472118959,1.0,3.0,5.0,0.0,Neutral_Balanced,False,0.5232185748598879,0.07606084867894315,0.5232185748598879,0.37416599946623963,0.0,0.0,0.0,3.0,0.0,0.2903645833333333,both,BOTH,0.3296127341783307,n[nH]n
cc(=O)c(OC)c(-c)o,c-c(o)c(OC)c(c)=O,0.0,0.0878429990011164,0.0420183694749849,1.3765608044230675,0.0,0.0,0.0,1.0,29.0,0.0,VeryNegative_InactiveEnriched,True,0.18254603682946358,0.7542033626901521,0.18254603682946358,0.37309847878302643,0.0,0.0,0.0,24.0,2.0,0.2903645833333333,both,BOTH,0.32914219470334394,c-c(o)c(OC)c(c)=O
Bc(c)c,Bc(c)c,0.0,0.0878429990011164,0.0420183694749849,1.3765608044230675,0.0,0.0,0.0,7.0,23.0,0.0,Neutral_Balanced,True,0.18254603682946358,0.7542033626901521,0.18254603682946358,0.37309847878302643,0.0,0.0,0.0,1.0,0.0,0.2903645833333333,both,BOTH,0.32914219470334394,Bc(c)c
OS,OS,0.0,0.0850164040128197,0.0421194412944973,1.3755173982730209,0.0,0.0,0.0,9.0,22.0,0.0,Neutral_Balanced,True,0.18254603682946358,0.7497998398718975,0.18254603682946358,0.3716306378436082,0.0,0.0,0.0,2.0,27.0,0.2903645833333333,both,BOTH,0.32849410239966287,OS
ccc(C=N)c(c)C,Cc(c)c(/C=N)cc,0.0,0.0850164040128197,0.0421194412944973,1.3755173982730209,0.0,0.0,0.0,17.0,14.0,1.0,Neutral_Balanced,True,0.18254603682946358,0.7497998398718975,0.18254603682946358,0.3716306378436082,0.0,0.0,0.0,0.0,9.0,0.2903645833333333,both,BOTH,0.32849410239966287,Cc(c)c(/C=N)cc
ccc(cc)CS,ccc(cc)CS,0.0,0.0850164040128197,0.0421194412944973,1.3755173982730209,0.0,0.0,0.0,9.0,22.0,0.0,Neutral_Balanced,True,0.18254603682946358,0.7497998398718975,0.18254603682946358,0.3716306378436082,0.0,0.0,0.0,0.0,4.0,0.2903645833333333,both,BOTH,0.32849410239966287,ccc(cc)CS
cc(c)NCC,cc(c)NCC,0.0,0.4925600086890409,1.0,-0.0,0.0,0.0,0.0,1.0,4.0,0.0,Neutral_Balanced,False,0.18254603682946358,0.07606084867894315,0.18254603682946358,0.14705097411262344,0.002576,0.5277,1.0,0.0,1.0,0.7278645833333334,both,BOTH,0.3271592823094669,cc(c)NCC
Bc(c)ccc,Bc(c)ccc,0.0,0.0975562072336265,0.0616883543779244,1.209796815006778,0.0,0.0,0.0,6.0,21.0,0.0,Neutral_Balanced,False,0.18254603682946358,0.7385908726981585,0.18254603682946358,0.3678943154523619,0.0,0.0,0.0,1.0,0.0,0.2903645833333333,both,BOTH,0.3268386140238435,Bc(c)ccc
CNC(=O)[C@H](C)N,CNC(=O)[C@H](C)N,0.4950312845049687,0.6497245508982036,0.8574350879598587,0.0667987482623484,0.0769230769230769,0.0003717472118959,1.0,3.0,9.0,0.0,Neutral_Balanced,False,0.45716573258606885,0.18815052041633307,0.45716573258606885,0.36749399519615694,0.0,0.0,0.0,0.0,9.0,0.2903645833333333,both,BOTH,0.32666074265609896,CNC(=O)[C@H](C)N
cC[C@H](NC)B(O)O,cC[C@H](NC)B(O)O,0.4950312845049687,0.6497245508982036,0.8574350879598587,0.0667987482623484,0.0769230769230769,0.0003717472118959,1.0,3.0,9.0,0.0,Neutral_Balanced,False,0.45716573258606885,0.18815052041633307,0.45716573258606885,0.36749399519615694,0.0,0.0,0.0,0.0,10.0,0.2903645833333333,both,BOTH,0.32666074265609896,cC[C@H](NC)B(O)O
cCC(=O)Nc,cCC(=O)Nc,0.4950312845049687,0.6497245508982036,0.8574350879598587,0.0667987482623484,0.0769230769230769,0.0003717472118959,1.0,4.0,8.0,0.0,Neutral_Balanced,False,0.45716573258606885,0.18815052041633307,0.45716573258606885,0.36749399519615694,0.0,0.0,0.0,8.0,0.0,0.2903645833333333,both,BOTH,0.32666074265609896,cCC(=O)Nc
ccc(-c(n)n)c(c)N,ccc(-c(n)n)c(c)N,0.4950312845049687,0.6497245508982036,0.8574350879598587,0.0667987482623484,0.0769230769230769,0.0003717472118959,1.0,8.0,4.0,1.0,Neutral_Balanced,False,0.45716573258606885,0.18815052041633307,0.45716573258606885,0.36749399519615694,0.0,0.0,0.0,2.0,0.0,0.2903645833333333,both,BOTH,0.32666074265609896,ccc(-c(n)n)c(c)N
ccc(cc)CP,ccc(cc)CP,0.0,0.0908612275479416,0.0649063250813171,1.187712979408181,0.0,0.0,0.0,9.0,20.0,0.0,Neutral_Balanced,False,0.18254603682946358,0.734187349879904,0.18254603682946358,0.36642647451294375,0.0,0.0,0.0,0.0,13.0,0.2903645833333333,both,BOTH,0.3261859448140787,ccc(cc)CP
cOCc(n)n,cOCc(n)n,0.0,0.4925600086890409,1.0,-0.0,0.0,0.0,0.0,1.0,4.0,0.0,Neutral_Balanced,False,0.18254603682946358,0.07606084867894315,0.18254603682946358,0.14705097411262344,0.002222,1.0,1.0,0.0,0.0,0.7183159722222222,both,BOTH,0.3250062513797757,cOCc(n)n
ccc(c(c)N)c(c)n,ccc(c(c)N)c(c)n,0.0,0.1012826581907531,0.0944561314779926,1.0247698452527008,0.0,0.0,0.0,7.0,19.0,0.0,Neutral_Balanced,False,0.18254603682946358,0.7229783827061649,0.18254603682946358,0.36269015212169736,0.0,0.0,0.0,0.0,3.0,0.2903645833333333,both,BOTH,0.3245186818966204,ccc(c(c)N)c(c)n
CCSC,CCSC,0.6435406698564593,0.8560352978254018,1.0,-0.0,0.1,0.0003717472118959,1.0,3.0,6.0,0.0,Neutral_Balanced,False,0.5048038430744596,0.07606084867894315,0.5048038430744596,0.36188951160928745,0.0,0.0,0.0,2.0,0.0,0.2903645833333333,both,BOTH,0.3241602956118072,CCSC
cCNC(c)=O,cCNC(c)=O,0.6435406698564593,0.8560352978254018,1.0,-0.0,0.1,0.0003717472118959,1.0,1.0,8.0,0.0,Neutral_Balanced,False,0.5048038430744596,0.07606084867894315,0.5048038430744596,0.36188951160928745,0.0,0.0,0.0,0.0,1.0,0.2903645833333333,both,BOTH,0.3241602956118072,cCNC(c)=O
cCCNC,cCCNC,0.6435406698564593,0.8560352978254018,1.0,-0.0,0.1,0.0003717472118959,1.0,1.0,8.0,0.0,Neutral_Balanced,False,0.5048038430744596,0.07606084867894315,0.5048038430744596,0.36188951160928745,0.0,0.0,0.0,1.0,0.0,0.2903645833333333,both,BOTH,0.3241602956118072,cCCNC
cC(c)O,cC(c)O,0.0,0.1195008628700385,0.1333025834323242,0.8751614337854604,0.0,0.0,0.0,8.0,14.0,0.0,Neutral_Balanced,False,0.18254603682946358,0.7037630104083267,0.18254603682946358,0.3562850280224179,0.0,0.0,0.0,0.0,20.0,0.2903645833333333,both,BOTH,0.321640410566885,cC(c)O
BOC,BOC,0.0,0.1195008628700385,0.1333025834323242,0.8751614337854604,0.0,0.0,0.0,7.0,15.0,0.0,Neutral_Balanced,False,0.18254603682946358,0.7037630104083267,0.18254603682946358,0.3562850280224179,0.0,0.0,0.0,4.0,0.0,0.2903645833333333,both,BOTH,0.321640410566885,BOC
CC#N,CC#N,0.0,0.1195008628700385,0.1333025834323242,0.8751614337854604,0.0,0.0,0.0,4.0,18.0,0.0,Neutral_Balanced,False,0.18254603682946358,0.7037630104083267,0.18254603682946358,0.3562850280224179,0.0,0.0,0.0,16.0,2.0,0.2903645833333333,both,BOTH,0.321640410566885,CC#N
ccc(-c(n)n)c(c)O,ccc(-c(n)n)c(c)O,0.0,0.1195008628700385,0.1333025834323242,0.8751614337854604,0.0,0.0,0.0,6.0,16.0,0.0,Neutral_Balanced,False,0.18254603682946358,0.7037630104083267,0.18254603682946358,0.3562850280224179,0.0,0.0,0.0,1.0,0.0,0.2903645833333333,both,BOTH,0.321640410566885,ccc(-c(n)n)c(c)O
CC(=O)Nc(n)s,CC(=O)Nc(n)s,0.459671907040328,0.6013306719893546,0.859611940123381,0.0656975607309856,0.0714285714285714,0.0003717472118959,1.0,5.0,8.0,0.0,Neutral_Balanced,False,0.44275420336269017,0.17734187349879904,0.44275420336269017,0.35428342674139307,0.0,0.0,0.0,3.0,3.0,0.2903645833333333,both,BOTH,0.3207356537519178,CC(=O)Nc(n)s
cnc(C(=O)O)c(c)N,cnc(C(=O)O)c(c)N,0.0,0.1096481603394045,0.1381808819359198,0.8595520397699349,0.0,0.0,0.0,7.0,17.0,0.0,Neutral_Balanced,False,0.18254603682946358,0.6941553242594075,0.18254603682946358,0.35308246597277826,0.0,0.0,0.0,10.0,0.0,0.2903645833333333,both,BOTH,0.32019157252259406,cnc(C(=O)O)c(c)N
ccc(NN)c(c)c,ccc(NN)c(c)c,0.0,0.1096481603394045,0.1381808819359198,0.8595520397699349,0.0,0.0,0.0,6.0,18.0,0.0,Neutral_Balanced,False,0.18254603682946358,0.6941553242594075,0.18254603682946358,0.35308246597277826,0.0,0.0,0.0,4.0,7.0,0.2903645833333333,both,BOTH,0.32019157252259406,ccc(NN)c(c)c
CS(=O)(=O)O,CS(=O)(=O)O,0.0,0.1096481603394045,0.1381808819359198,0.8595520397699349,0.0,0.0,0.0,6.0,18.0,0.0,Neutral_Balanced,False,0.18254603682946358,0.6941553242594075,0.18254603682946358,0.35308246597277826,0.0,0.0,0.0,2.0,5.0,0.2903645833333333,both,BOTH,0.32019157252259406,CS(=O)(=O)O
C[C@@H](N)P(=O)(O)O,C[C@@H](N)P(=O)(O)O,0.0,0.1096481603394045,0.1381808819359198,0.8595520397699349,0.0,0.0,0.0,1.0,23.0,0.0,VeryNegative_InactiveEnriched,False,0.18254603682946358,0.6941553242594075,0.18254603682946358,0.35308246597277826,0.0,0.0,0.0,22.0,0.0,0.2903645833333333,both,BOTH,0.32019157252259406,C[C@@H](N)P(=O)(O)O
cS,cS,0.0,0.1096481603394045,0.1381808819359198,0.8595520397699349,0.0,0.0,0.0,2.0,22.0,0.0,VeryNegative_InactiveEnriched,False,0.18254603682946358,0.6941553242594075,0.18254603682946358,0.35308246597277826,0.0,0.0,0.0,21.0,0.0,0.2903645833333333,both,BOTH,0.32019157252259406,cS
Cc(n)s,Cc(n)s,0.5850369725967812,0.7741659538066724,1.0,-0.0,0.0909090909090909,0.0003717472118959,1.0,2.0,8.0,0.0,Neutral_Balanced,False,0.489191353082466,0.07606084867894315,0.489191353082466,0.3514811849479584,0.0,0.0,0.0,2.0,0.0,0.2903645833333333,both,BOTH,0.31946468946805406,Cc(n)s
ccc(NC)c(c)-c,CNc(cc)c(-c)c,0.5850369725967812,0.7741659538066724,1.0,-0.0,0.0909090909090909,0.0003717472118959,1.0,7.0,3.0,1.0,Neutral_Balanced,False,0.489191353082466,0.07606084867894315,0.489191353082466,0.3514811849479584,0.0,0.0,0.0,1.0,0.0,0.2903645833333333,both,BOTH,0.31946468946805406,CNc(cc)c(-c)c
cccc(c)o,cccc(c)o,0.0,0.1380694176393101,0.1803078066922682,0.7439854694507722,0.0,0.0,0.0,2.0,17.0,0.0,VeryNegative_InactiveEnriched,False,0.18254603682946358,0.6613290632506005,0.18254603682946358,0.34214037896984256,0.0,0.0,0.0,3.0,1.0,0.2903645833333333,both,BOTH,0.31519113023860157,cccc(c)o
CNn,CNn,0.0,0.1380694176393101,0.1803078066922682,0.7439854694507722,0.0,0.0,0.0,2.0,17.0,0.0,VeryNegative_InactiveEnriched,False,0.18254603682946358,0.6613290632506005,0.18254603682946358,0.34214037896984256,0.0,0.0,0.0,0.0,13.0,0.2903645833333333,both,BOTH,0.31519113023860157,CNn
cCS(=O)(=O)Nc,cCS(=O)(=O)Nc,0.0,0.1312760439432351,0.1803078066922682,0.7439854694507722,0.0,0.0,0.0,11.0,9.0,1.0,Neutral_Balanced,False,0.18254603682946358,0.6613290632506005,0.18254603682946358,0.34214037896984256,0.0,0.0,0.0,0.0,16.0,0.2903645833333333,both,BOTH,0.31519113023860157,cCS(=O)(=O)Nc
cc(c)CS(N)(=O)=O,cc(c)CS(N)(=O)=O,0.0,0.1251146119863299,0.184503748866948,0.7339948051380467,0.0,0.0,0.0,11.0,10.0,1.0,Neutral_Balanced,False,0.18254603682946358,0.6509207365892714,0.18254603682946358,0.3386709367493996,0.0,0.0,0.0,12.0,0.0,0.2903645833333333,both,BOTH,0.3135889753105952,cc(c)CS(N)(=O)=O
CSCCn,CSCCn,0.0,0.1251146119863299,0.184503748866948,0.7339948051380467,0.0,0.0,0.0,1.0,20.0,0.0,VeryNegative_InactiveEnriched,False,0.18254603682946358,0.6509207365892714,0.18254603682946358,0.3386709367493996,0.0,0.0,0.0,20.0,0.0,0.2903645833333333,both,BOTH,0.3135889753105952,CSCCn
CC(C)=N,C/C(C)=N,0.0,0.1455972101133391,0.2585884938801472,0.5873908033362606,0.0,0.0,0.0,2.0,16.0,0.0,VeryNegative_InactiveEnriched,False,0.18254603682946358,0.622898318654924,0.18254603682946358,0.3293301307712837,0.0,0.0,0.0,12.0,0.0,0.2903645833333333,both,BOTH,0.30923422546755064,C/C(C)=N
CC(c)=N,C/C(c)=N,0.0,0.1455972101133391,0.2585884938801472,0.5873908033362606,0.0,0.0,0.0,13.0,5.0,1.0,Neutral_Balanced,False,0.18254603682946358,0.622898318654924,0.18254603682946358,0.3293301307712837,0.0,0.0,0.0,1.0,0.0,0.2903645833333333,both,BOTH,0.30923422546755064,C/C(c)=N
CCCCO,CCCCO,0.0,0.1455972101133391,0.2585884938801472,0.5873908033362606,0.0,0.0,0.0,2.0,16.0,0.0,VeryNegative_InactiveEnriched,False,0.18254603682946358,0.622898318654924,0.18254603682946358,0.3293301307712837,0.0,0.0,0.0,3.0,0.0,0.2903645833333333,both,BOTH,0.30923422546755064,CCCCO
cc(c)CSC,cc(c)CSC,0.0,0.1539853217272572,0.2585884938801472,0.5873908033362606,0.0,0.0,0.0,0.0,17.0,0.0,Negative_InactiveOnly,False,0.18254603682946358,0.622898318654924,0.18254603682946358,0.3293301307712837,0.0,0.0,0.0,13.0,2.0,0.2903645833333333,both,BOTH,0.30923422546755064,cc(c)CSC
CSC(=O)C(C)N,CSC(=O)C(C)N,0.0,0.1455972101133391,0.2585884938801472,0.5873908033362606,0.0,0.0,0.0,3.0,15.0,0.0,Neutral_Balanced,False,0.18254603682946358,0.622898318654924,0.18254603682946358,0.3293301307712837,0.0,0.0,0.0,0.0,1.0,0.2903645833333333,both,BOTH,0.30923422546755064,CSC(=O)C(C)N
cc(N)cc(C)n,cc(N)cc(C)n,0.0,0.1455972101133391,0.2585884938801472,0.5873908033362606,0.0,0.0,0.0,5.0,13.0,0.0,Neutral_Balanced,False,0.18254603682946358,0.622898318654924,0.18254603682946358,0.3293301307712837,0.0,0.0,0.0,4.0,15.0,0.2903645833333333,both,BOTH,0.30923422546755064,cc(N)cc(C)n
ccc(cc)NS,ccc(cc)NS,0.0,0.1860915420425987,0.3510214393177255,0.4546663573431926,0.0,0.0,0.0,5.0,9.0,0.0,Neutral_Balanced,False,0.18254603682946358,0.578462770216173,0.18254603682946358,0.31451828129170006,0.0,0.0,0.0,4.0,0.0,0.2903645833333333,both,BOTH,0.3022002145895674,ccc(cc)NS
cCNS(c)(=O)=O,cCNS(c)(=O)=O,0.0,0.1860915420425987,0.3510214393177255,0.4546663573431926,0.0,0.0,0.0,1.0,13.0,0.0,VeryNegative_InactiveEnriched,False,0.18254603682946358,0.578462770216173,0.18254603682946358,0.31451828129170006,0.0,0.0,0.0,2.0,0.0,0.2903645833333333,both,BOTH,0.3022002145895674,cCNS(c)(=O)=O
C[C@H](O)[C@@H](O)[C@@H](C)O,C[C@H](O)[C@@H](O)[C@@H](C)O,0.0,0.1740085559024164,0.3510214393177255,0.4546663573431926,0.0,0.0,0.0,4.0,11.0,0.0,Neutral_Balanced,False,0.18254603682946358,0.578462770216173,0.18254603682946358,0.31451828129170006,0.0,0.0,0.0,0.0,1.0,0.2903645833333333,both,BOTH,0.3022002145895674,C[C@H](O)[C@@H](O)[C@@H](C)O
C[C@@H](O)C(O)[C@@H](C)O,C[C@@H](O)[C@@H](O)[C@@H](C)O,0.0,0.1740085559024164,0.3510214393177255,0.4546663573431926,0.0,0.0,0.0,4.0,11.0,0.0,Neutral_Balanced,False,0.18254603682946358,0.578462770216173,0.18254603682946358,0.31451828129170006,0.0,0.0,0.0,0.0,1.0,0.2903645833333333,both,BOTH,0.3022002145895674,C[C@@H](O)[C@@H](O)[C@@H](C)O
COC(=O)[C@H](C)N,COC(=O)[C@H](C)N,0.0,0.1860915420425987,0.3510214393177255,0.4546663573431926,0.0,0.0,0.0,6.0,8.0,0.0,Neutral_Balanced,False,0.18254603682946358,0.578462770216173,0.18254603682946358,0.31451828129170006,0.0,0.0,0.0,1.0,0.0,0.2903645833333333,both,BOTH,0.3022002145895674,COC(=O)[C@H](C)N
CC(C)C(=O)O,CC(C)C(=O)O,0.0,0.1860915420425987,0.3510214393177255,0.4546663573431926,0.0,0.0,0.0,4.0,10.0,0.0,Neutral_Balanced,False,0.18254603682946358,0.578462770216173,0.18254603682946358,0.31451828129170006,0.0,0.0,0.0,8.0,3.0,0.2903645833333333,both,BOTH,0.3022002145895674,CC(C)C(=O)O
C=NNC(c)=S,cC(=S)N/N=C,0.0,0.1740085559024164,0.3510214393177255,0.4546663573431926,0.0,0.0,0.0,11.0,4.0,1.0,Neutral_Balanced,False,0.18254603682946358,0.578462770216173,0.18254603682946358,0.31451828129170006,0.0,0.0,0.0,2.0,0.0,0.2903645833333333,both,BOTH,0.3022002145895674,cC(=S)N/N=C
C=NNC(c)=O,cC(=O)N/N=C,0.0,0.1740085559024164,0.3510214393177255,0.4546663573431926,0.0,0.0,0.0,11.0,4.0,1.0,Neutral_Balanced,False,0.18254603682946358,0.578462770216173,0.18254603682946358,0.31451828129170006,0.0,0.0,0.0,0.0,8.0,0.2903645833333333,both,BOTH,0.3022002145895674,cC(=O)N/N=C
cc(c)/C=C/c,c/C=C/c(c)c,0.0,0.4925600086890409,1.0,-0.0,0.0,0.0,0.0,3.0,2.0,1.0,Neutral_Balanced,False,0.18254603682946358,0.07606084867894315,0.18254603682946358,0.14705097411262344,8.6e-05,0.0162,1.0,0.0,5.0,0.6115451388888888,both,BOTH,0.29988049017475393,c/C=C/c(c)c
cOS,cOS,0.0,0.1633901741428623,0.3515257467962129,0.4540428604534837,0.0,0.0,0.0,7.0,9.0,0.0,Neutral_Balanced,False,0.18254603682946358,0.5544435548438751,0.18254603682946358,0.3065118761676007,0.0,0.0,0.0,15.0,0.0,0.2903645833333333,both,BOTH,0.2983290016242532,cOS
CC(C)P,CC(C)P,0.0,0.1633901741428623,0.3515257467962129,0.4540428604534837,0.0,0.0,0.0,8.0,8.0,0.0,Neutral_Balanced,False,0.18254603682946358,0.5544435548438751,0.18254603682946358,0.3065118761676007,0.0,0.0,0.0,0.0,6.0,0.2903645833333333,both,BOTH,0.2983290016242532,CC(C)P
cCSCC,cCSCC,0.0,0.1633901741428623,0.3515257467962129,0.4540428604534837,0.0,0.0,0.0,0.0,16.0,0.0,Negative_InactiveOnly,False,0.18254603682946358,0.5544435548438751,0.18254603682946358,0.3065118761676007,0.0,0.0,0.0,14.0,0.0,0.2903645833333333,both,BOTH,0.2983290016242532,cCSCC
CSC(C)=O,CSC(C)=O,0.0,0.1633901741428623,0.3515257467962129,0.4540428604534837,0.0,0.0,0.0,3.0,13.0,0.0,Neutral_Balanced,False,0.18254603682946358,0.5544435548438751,0.18254603682946358,0.3065118761676007,0.0,0.0,0.0,16.0,0.0,0.2903645833333333,both,BOTH,0.2983290016242532,CSC(C)=O
C[C@H](O)CO,C[C@H](O)CO,0.0,0.2160573476702509,0.4513455900264954,0.3454907965553292,0.0,0.0,0.0,1.0,11.0,0.0,VeryNegative_InactiveEnriched,False,0.18254603682946358,0.48478783026421135,0.18254603682946358,0.28329330130771285,0.0,0.0,0.0,1.0,0.0,0.2903645833333333,both,BOTH,0.28680715018168307,C[C@H](O)CO
C[C@H](N)B(O)O,C[C@H](N)B(O)O,0.0,0.1999646002035488,0.4513455900264954,0.3454907965553292,0.0,0.0,0.0,2.0,11.0,0.0,Neutral_Balanced,False,0.18254603682946358,0.48478783026421135,0.18254603682946358,0.28329330130771285,0.0,0.0,0.0,1.0,0.0,0.2903645833333333,both,BOTH,0.28680715018168307,C[C@H](N)B(O)O
cS(C)(=O)=O,cS(C)(=O)=O,0.0,0.2160573476702509,0.4513455900264954,0.3454907965553292,0.0,0.0,0.0,1.0,11.0,0.0,VeryNegative_InactiveEnriched,False,0.18254603682946358,0.48478783026421135,0.18254603682946358,0.28329330130771285,0.0,0.0,0.0,7.0,1.0,0.2903645833333333,both,BOTH,0.28680715018168307,cS(C)(=O)=O
cOCCN,cOCCN,0.0,0.2349488338268142,0.4513455900264954,0.3454907965553292,0.0,0.0,0.0,0.0,11.0,0.0,Negative_InactiveOnly,False,0.18254603682946358,0.48478783026421135,0.18254603682946358,0.28329330130771285,0.0,0.0,0.0,1.0,0.0,0.2903645833333333,both,BOTH,0.28680715018168307,cOCCN
N#CCN,N#CCN,0.0,0.2160573476702509,0.4513455900264954,0.3454907965553292,0.0,0.0,0.0,4.0,8.0,0.0,Neutral_Balanced,False,0.18254603682946358,0.48478783026421135,0.18254603682946358,0.28329330130771285,0.0,0.0,0.0,1.0,1.0,0.2903645833333333,both,BOTH,0.28680715018168307,N#CCN
cncc(c)N,cncc(c)N,0.0,0.2349488338268142,0.4513455900264954,0.3454907965553292,0.0,0.0,0.0,3.0,8.0,0.0,Neutral_Balanced,False,0.18254603682946358,0.48478783026421135,0.18254603682946358,0.28329330130771285,0.0,0.0,0.0,0.0,5.0,0.2903645833333333,both,BOTH,0.28680715018168307,cncc(c)N
nN,nN,0.0,0.2349488338268142,0.4513455900264954,0.3454907965553292,0.0,0.0,0.0,1.0,10.0,0.0,VeryNegative_InactiveEnriched,False,0.18254603682946358,0.48478783026421135,0.18254603682946358,0.28329330130771285,0.0,0.0,0.0,0.0,1.0,0.2903645833333333,both,BOTH,0.28680715018168307,nN
cn(c)NCc,cCNn(c)c,0.0,0.1999646002035488,0.4513455900264954,0.3454907965553292,0.0,0.0,0.0,2.0,11.0,0.0,Neutral_Balanced,False,0.18254603682946358,0.48478783026421135,0.18254603682946358,0.28329330130771285,0.0,0.0,0.0,0.0,1.0,0.2903645833333333,both,BOTH,0.28680715018168307,cCNn(c)c
cc(O)c(O)c(c)O,cc(O)c(O)c(c)O,0.0,0.2349488338268142,0.4513455900264954,0.3454907965553292,0.0,0.0,0.0,4.0,7.0,0.0,Neutral_Balanced,False,0.18254603682946358,0.48478783026421135,0.18254603682946358,0.28329330130771285,0.0,0.0,0.0,0.0,7.0,0.2903645833333333,both,BOTH,0.28680715018168307,cc(O)c(O)c(c)O
CSC(=S)NN,CSC(=S)NN,0.0,0.1999646002035488,0.4513455900264954,0.3454907965553292,0.0,0.0,0.0,9.0,4.0,1.0,Neutral_Balanced,False,0.18254603682946358,0.48478783026421135,0.18254603682946358,0.28329330130771285,0.0,0.0,0.0,0.0,2.0,0.2903645833333333,both,BOTH,0.28680715018168307,CSC(=S)NN
cc([nH])=O,cc([nH])=O,0.0,0.2349488338268142,0.4513455900264954,0.3454907965553292,0.0,0.0,0.0,2.0,9.0,0.0,Neutral_Balanced,False,0.18254603682946358,0.48478783026421135,0.18254603682946358,0.28329330130771285,0.0,0.0,0.0,5.0,1.0,0.2903645833333333,both,BOTH,0.28680715018168307,cc([nH])=O
cc(c)S(=O)(=O)Oc,cOS(=O)(=O)c(c)c,0.0,0.2160573476702509,0.4513455900264954,0.3454907965553292,0.0,0.0,0.0,6.0,6.0,0.0,Neutral_Balanced,False,0.18254603682946358,0.48478783026421135,0.18254603682946358,0.28329330130771285,0.0,0.0,0.0,0.0,7.0,0.2903645833333333,both,BOTH,0.28680715018168307,cOS(=O)(=O)c(c)c
ccc(cc)C(c)O,cC(O)c(cc)cc,0.0,0.2349488338268142,0.4513455900264954,0.3454907965553292,0.0,0.0,0.0,5.0,6.0,0.0,Neutral_Balanced,False,0.18254603682946358,0.48478783026421135,0.18254603682946358,0.28329330130771285,0.0,0.0,0.0,8.0,0.0,0.2903645833333333,both,BOTH,0.28680715018168307,cC(O)c(cc)cc
CC(O)S,CC(O)S,0.0,0.1999646002035488,0.4513455900264954,0.3454907965553292,0.0,0.0,0.0,5.0,8.0,0.0,Neutral_Balanced,False,0.18254603682946358,0.48478783026421135,0.18254603682946358,0.28329330130771285,0.0,0.0,0.0,13.0,0.0,0.2903645833333333,both,BOTH,0.28680715018168307,CC(O)S
CC(N)CC(=O)O,CC(N)CC(=O)O,0.0,0.2349488338268142,0.4513455900264954,0.3454907965553292,0.0,0.0,0.0,8.0,3.0,1.0,Neutral_Balanced,False,0.18254603682946358,0.48478783026421135,0.18254603682946358,0.28329330130771285,0.0,0.0,0.0,2.0,4.0,0.2903645833333333,both,BOTH,0.28680715018168307,CC(N)CC(=O)O
cc(c)OS(c)(=O)=O,cS(=O)(=O)Oc(c)c,0.0,0.2160573476702509,0.4513455900264954,0.3454907965553292,0.0,0.0,0.0,6.0,6.0,0.0,Neutral_Balanced,False,0.18254603682946358,0.48478783026421135,0.18254603682946358,0.28329330130771285,0.0,0.0,0.0,0.0,12.0,0.2903645833333333,both,BOTH,0.28680715018168307,cS(=O)(=O)Oc(c)c
ccc(CP)c(c)c,ccc(CP)c(c)c,0.0,0.2349488338268142,0.4513455900264954,0.3454907965553292,0.0,0.0,0.0,0.0,11.0,0.0,Negative_InactiveOnly,False,0.18254603682946358,0.48478783026421135,0.18254603682946358,0.28329330130771285,0.0,0.0,0.0,5.0,0.0,0.2903645833333333,both,BOTH,0.28680715018168307,ccc(CP)c(c)c
cc(-c)s,c-c(c)s,0.0,0.1999646002035488,0.4513455900264954,0.3454907965553292,0.0,0.0,0.0,1.0,12.0,0.0,VeryNegative_InactiveEnriched,False,0.18254603682946358,0.48478783026421135,0.18254603682946358,0.28329330130771285,0.0,0.0,0.0,4.0,9.0,0.2903645833333333,both,BOTH,0.28680715018168307,c-c(c)s
cc(N)cc(c)S,cc(N)cc(c)S,0.0,0.2349488338268142,0.4513455900264954,0.3454907965553292,0.0,0.0,0.0,1.0,10.0,0.0,VeryNegative_InactiveEnriched,False,0.18254603682946358,0.48478783026421135,0.18254603682946358,0.28329330130771285,0.0,0.0,0.0,6.0,0.0,0.2903645833333333,both,BOTH,0.28680715018168307,cc(N)cc(c)S
ccc(cc)C(C)C,ccc(cc)C(C)C,0.0,0.1999646002035488,0.4513455900264954,0.3454907965553292,0.0,0.0,0.0,2.0,11.0,0.0,Neutral_Balanced,False,0.18254603682946358,0.48478783026421135,0.18254603682946358,0.28329330130771285,0.0,0.0,0.0,2.0,3.0,0.2903645833333333,both,BOTH,0.28680715018168307,ccc(cc)C(C)C
ccc(CN)c(c)O,ccc(CN)c(c)O,0.0,0.2349488338268142,0.4513455900264954,0.3454907965553292,0.0,0.0,0.0,6.0,5.0,1.0,Neutral_Balanced,False,0.18254603682946358,0.48478783026421135,0.18254603682946358,0.28329330130771285,0.0,0.0,0.0,1.0,4.0,0.2903645833333333,both,BOTH,0.28680715018168307,ccc(CN)c(c)O
[nH]c([nH])=S,[nH]c([nH])=S,0.0,0.2160573476702509,0.4513455900264954,0.3454907965553292,0.0,0.0,0.0,1.0,11.0,0.0,VeryNegative_InactiveEnriched,False,0.18254603682946358,0.48478783026421135,0.18254603682946358,0.28329330130771285,0.0,0.0,0.0,0.0,10.0,0.2903645833333333,both,BOTH,0.28680715018168307,[nH]c([nH])=S
NC(=O)[C@@H](N)CS,NC(=O)[C@@H](N)CS,0.0,0.2574386982989133,0.624428810259094,0.2045170674163206,0.0,0.0,0.0,0.0,10.0,0.0,Negative_InactiveOnly,False,0.18254603682946358,0.40392313851080863,0.18254603682946358,0.2563384040565786,0.0,0.0,0.0,9.0,0.0,0.2903645833333333,both,BOTH,0.27282154219602983,NC(=O)[C@@H](N)CS
ccc(cc)B(O)O,ccc(cc)B(O)O,0.0,0.2846632710809281,0.624428810259094,0.2045170674163206,0.0,0.0,0.0,0.0,9.0,0.0,Negative_InactiveOnly,False,0.18254603682946358,0.40392313851080863,0.18254603682946358,0.2563384040565786,0.0,0.0,0.0,5.0,0.0,0.2903645833333333,both,BOTH,0.27282154219602983,ccc(cc)B(O)O
ccc(C#N)cc,ccc(C#N)cc,0.0,0.2846632710809281,0.624428810259094,0.2045170674163206,0.0,0.0,0.0,5.0,4.0,1.0,Neutral_Balanced,False,0.18254603682946358,0.40392313851080863,0.18254603682946358,0.2563384040565786,0.0,0.0,0.0,0.0,3.0,0.2903645833333333,both,BOTH,0.27282154219602983,ccc(C#N)cc
cc([N+])cc(c)[N+],cc([N+])cc(c)[N+],0.0,0.2846632710809281,0.624428810259094,0.2045170674163206,0.0,0.0,0.0,2.0,7.0,0.0,Neutral_Balanced,False,0.18254603682946358,0.40392313851080863,0.18254603682946358,0.2563384040565786,0.0,0.0,0.0,5.0,0.0,0.2903645833333333,both,BOTH,0.27282154219602983,cc([N+])cc(c)[N+]
cc(c)NC(=O)S,cc(c)NC(=O)S,0.0,0.2574386982989133,0.624428810259094,0.2045170674163206,0.0,0.0,0.0,7.0,3.0,1.0,Neutral_Balanced,False,0.18254603682946358,0.40392313851080863,0.18254603682946358,0.2563384040565786,0.0,0.0,0.0,0.0,10.0,0.2903645833333333,both,BOTH,0.27282154219602983,cc(c)NC(=O)S
CC(C)O[C@H](C)O,C[C@H](C)O[C@H](C)O,0.0,0.2574386982989133,0.624428810259094,0.2045170674163206,0.0,0.0,0.0,4.0,6.0,0.0,Neutral_Balanced,False,0.18254603682946358,0.40392313851080863,0.18254603682946358,0.2563384040565786,0.0,0.0,0.0,0.0,1.0,0.2903645833333333,both,BOTH,0.27282154219602983,C[C@H](C)O[C@H](C)O
cc(c)B(O)O,cc(c)B(O)O,0.0,0.2846632710809281,0.624428810259094,0.2045170674163206,0.0,0.0,0.0,0.0,9.0,0.0,Negative_InactiveOnly,False,0.18254603682946358,0.40392313851080863,0.18254603682946358,0.2563384040565786,0.0,0.0,0.0,3.0,0.0,0.2903645833333333,both,BOTH,0.27282154219602983,cc(c)B(O)O
CP(N)(=O)O,CP(N)(=O)O,0.0,0.2574386982989133,0.624428810259094,0.2045170674163206,0.0,0.0,0.0,0.0,10.0,0.0,Negative_InactiveOnly,False,0.18254603682946358,0.40392313851080863,0.18254603682946358,0.2563384040565786,0.0,0.0,0.0,0.0,2.0,0.2903645833333333,both,BOTH,0.27282154219602983,CP(N)(=O)O
cSCCn,cSCCn,0.0,0.2846632710809281,0.624428810259094,0.2045170674163206,0.0,0.0,0.0,0.0,9.0,0.0,Negative_InactiveOnly,False,0.18254603682946358,0.40392313851080863,0.18254603682946358,0.2563384040565786,0.0,0.0,0.0,8.0,0.0,0.2903645833333333,both,BOTH,0.27282154219602983,cSCCn
CONC(c)=O,cC(=O)NOC,0.0,0.2846632710809281,0.624428810259094,0.2045170674163206,0.0,0.0,0.0,4.0,5.0,0.0,Neutral_Balanced,False,0.18254603682946358,0.40392313851080863,0.18254603682946358,0.2563384040565786,0.0,0.0,0.0,5.0,4.0,0.2903645833333333,both,BOTH,0.27282154219602983,cC(=O)NOC
ccc(cc)S(C)(=O)=O,ccc(cc)S(C)(=O)=O,0.0,0.2574386982989133,0.624428810259094,0.2045170674163206,0.0,0.0,0.0,1.0,9.0,0.0,VeryNegative_InactiveEnriched,False,0.18254603682946358,0.40392313851080863,0.18254603682946358,0.2563384040565786,0.0,0.0,0.0,0.0,4.0,0.2903645833333333,both,BOTH,0.27282154219602983,ccc(cc)S(C)(=O)=O
cc(-c)cc(c)[N+],c-c(c)cc(c)[N+],0.0,0.2846632710809281,0.624428810259094,0.2045170674163206,0.0,0.0,0.0,4.0,5.0,0.0,Neutral_Balanced,False,0.18254603682946358,0.40392313851080863,0.18254603682946358,0.2563384040565786,0.0,0.0,0.0,5.0,0.0,0.2903645833333333,both,BOTH,0.27282154219602983,c-c(c)cc(c)[N+]
C=NNC(=S)S,C=N\NC(=S)S,0.0,0.2846632710809281,0.624428810259094,0.2045170674163206,0.0,0.0,0.0,6.0,3.0,1.0,Neutral_Balanced,False,0.18254603682946358,0.40392313851080863,0.18254603682946358,0.2563384040565786,0.0,0.0,0.0,0.0,3.0,0.2903645833333333,both,BOTH,0.27282154219602983,C=N\NC(=S)S
CSC(N)=S,CSC(N)=S,0.0,0.2574386982989133,0.624428810259094,0.2045170674163206,0.0,0.0,0.0,6.0,4.0,1.0,Neutral_Balanced,False,0.18254603682946358,0.40392313851080863,0.18254603682946358,0.2563384040565786,0.0,0.0,0.0,0.0,10.0,0.2903645833333333,both,BOTH,0.27282154219602983,CSC(N)=S
cn(c)CCO,cn(c)CCO,0.0,0.3608920748705695,0.7802674544627747,0.1077565074532979,0.0,0.0,0.0,0.0,7.0,0.0,Negative_InactiveOnly,False,0.18254603682946358,0.2790232185748599,0.18254603682946358,0.21470509741126234,0.0,0.0,0.0,0.0,3.0,0.2903645833333333,both,BOTH,0.2496853142444784,cn(c)CCO
ccc(cc)[C@H](C)N,C[C@H](N)c(cc)cc,0.0,0.3182936256940052,0.7802674544627747,0.1077565074532979,0.0,0.0,0.0,3.0,5.0,0.0,Neutral_Balanced,False,0.18254603682946358,0.2790232185748599,0.18254603682946358,0.21470509741126234,0.0,0.0,0.0,0.0,3.0,0.2903645833333333,both,BOTH,0.2496853142444784,C[C@H](N)c(cc)cc
CCS(=O)(=O)O,CCS(=O)(=O)O,0.0,0.3182936256940052,0.7802674544627747,0.1077565074532979,0.0,0.0,0.0,1.0,7.0,0.0,Neutral_Balanced,False,0.18254603682946358,0.2790232185748599,0.18254603682946358,0.21470509741126234,0.0,0.0,0.0,6.0,1.0,0.2903645833333333,both,BOTH,0.2496853142444784,CCS(=O)(=O)O
cc(c)C(C)=O,cc(c)C(C)=O,0.0,0.3608920748705695,0.7802674544627747,0.1077565074532979,0.0,0.0,0.0,2.0,5.0,0.0,Neutral_Balanced,False,0.18254603682946358,0.2790232185748599,0.18254603682946358,0.21470509741126234,0.0,0.0,0.0,2.0,3.0,0.2903645833333333,both,BOTH,0.2496853142444784,cc(c)C(C)=O
CC(c)C,CC(c)C,0.0,0.4165977391783843,0.7802674544627747,0.1077565074532979,0.0,0.0,0.0,2.0,4.0,0.0,Neutral_Balanced,False,0.18254603682946358,0.2790232185748599,0.18254603682946358,0.21470509741126234,0.0,0.0,0.0,1.0,0.0,0.2903645833333333,both,BOTH,0.2496853142444784,CC(c)C
CC/C(=N\N)C(=O)O,CC/C(=N\N)C(=O)O,0.0,0.3182936256940052,0.7802674544627747,0.1077565074532979,0.0,0.0,0.0,0.0,8.0,0.0,Negative_InactiveOnly,False,0.18254603682946358,0.2790232185748599,0.18254603682946358,0.21470509741126234,0.0,0.0,0.0,3.0,0.0,0.2903645833333333,both,BOTH,0.2496853142444784,CC/C(=N\N)C(=O)O
cC(=O)CC(O)S,cC(=O)CC(O)S,0.0,0.4165977391783843,0.7802674544627747,0.1077565074532979,0.0,0.0,0.0,0.0,6.0,0.0,Negative_InactiveOnly,False,0.18254603682946358,0.2790232185748599,0.18254603682946358,0.21470509741126234,0.0,0.0,0.0,6.0,0.0,0.2903645833333333,both,BOTH,0.2496853142444784,cC(=O)CC(O)S
C=CCn(c)c,C=CCn(c)c,0.0,0.4165977391783843,0.7802674544627747,0.1077565074532979,0.0,0.0,0.0,1.0,5.0,0.0,Neutral_Balanced,False,0.18254603682946358,0.2790232185748599,0.18254603682946358,0.21470509741126234,0.0,0.0,0.0,0.0,2.0,0.2903645833333333,both,BOTH,0.2496853142444784,C=CCn(c)c
CC(C)P(=O)(O)O,CC(C)P(=O)(O)O,0.0,0.4165977391783843,0.7802674544627747,0.1077565074532979,0.0,0.0,0.0,6.0,0.0,1.0,Neutral_Balanced,False,0.18254603682946358,0.2790232185748599,0.18254603682946358,0.21470509741126234,0.0,0.0,0.0,0.0,6.0,0.2903645833333333,both,BOTH,0.2496853142444784,CC(C)P(=O)(O)O
CC(C)NC(N)=S,CC(C)NC(N)=S,0.0,0.3182936256940052,0.7802674544627747,0.1077565074532979,0.0,0.0,0.0,5.0,3.0,1.0,Neutral_Balanced,False,0.18254603682946358,0.2790232185748599,0.18254603682946358,0.21470509741126234,0.0,0.0,0.0,0.0,4.0,0.2903645833333333,both,BOTH,0.2496853142444784,CC(C)NC(N)=S
CC(S)CC(N)=O,CC(S)CC(N)=O,0.0,0.3182936256940052,0.7802674544627747,0.1077565074532979,0.0,0.0,0.0,1.0,7.0,0.0,Neutral_Balanced,False,0.18254603682946358,0.2790232185748599,0.18254603682946358,0.21470509741126234,0.0,0.0,0.0,0.0,1.0,0.2903645833333333,both,BOTH,0.2496853142444784,CC(S)CC(N)=O
NO,NO,0.0,0.3182936256940052,0.7802674544627747,0.1077565074532979,0.0,0.0,0.0,0.0,8.0,0.0,Negative_InactiveOnly,False,0.18254603682946358,0.2790232185748599,0.18254603682946358,0.21470509741126234,0.0,0.0,0.0,5.0,0.0,0.2903645833333333,both,BOTH,0.2496853142444784,NO
cc(s)B(O)O,cc(s)B(O)O,0.0,0.3608920748705695,0.7802674544627747,0.1077565074532979,0.0,0.0,0.0,4.0,3.0,1.0,Neutral_Balanced,False,0.18254603682946358,0.2790232185748599,0.18254603682946358,0.21470509741126234,0.0,0.0,0.0,0.0,5.0,0.2903645833333333,both,BOTH,0.2496853142444784,cc(s)B(O)O
CCCN(C)S,CCCN(C)S,0.0,0.4165977391783843,0.7802674544627747,0.1077565074532979,0.0,0.0,0.0,1.0,5.0,0.0,Neutral_Balanced,False,0.18254603682946358,0.2790232185748599,0.18254603682946358,0.21470509741126234,0.0,0.0,0.0,1.0,0.0,0.2903645833333333,both,BOTH,0.2496853142444784,CCCN(C)S
cC[C@H](NC)C(=O)S,cC[C@H](NC)C(=O)S,0.0,0.3608920748705695,0.7802674544627747,0.1077565074532979,0.0,0.0,0.0,0.0,7.0,0.0,Negative_InactiveOnly,False,0.18254603682946358,0.2790232185748599,0.18254603682946358,0.21470509741126234,0.0,0.0,0.0,6.0,0.0,0.2903645833333333,both,BOTH,0.2496853142444784,cC[C@H](NC)C(=O)S
CCC(CC)C(=O)O,CCC(CC)C(=O)O,0.0,0.3608920748705695,0.7802674544627747,0.1077565074532979,0.0,0.0,0.0,3.0,4.0,0.0,Neutral_Balanced,False,0.18254603682946358,0.2790232185748599,0.18254603682946358,0.21470509741126234,0.0,0.0,0.0,1.0,0.0,0.2903645833333333,both,BOTH,0.2496853142444784,CCC(CC)C(=O)O
CCP,CCP,0.0,0.4165977391783843,0.7802674544627747,0.1077565074532979,0.0,0.0,0.0,1.0,5.0,0.0,Neutral_Balanced,False,0.18254603682946358,0.2790232185748599,0.18254603682946358,0.21470509741126234,0.0,0.0,0.0,6.0,0.0,0.2903645833333333,both,BOTH,0.2496853142444784,CCP
CCC(S)C(F)(F)F,CCC(S)C(F)(F)F,0.0,0.3182936256940052,0.7802674544627747,0.1077565074532979,0.0,0.0,0.0,1.0,7.0,0.0,Neutral_Balanced,False,0.18254603682946358,0.2790232185748599,0.18254603682946358,0.21470509741126234,0.0,0.0,0.0,7.0,0.0,0.2903645833333333,both,BOTH,0.2496853142444784,CCC(S)C(F)(F)F
ccc(-c(n)n)c(c)-c,c-c(c)c(cc)-c(n)n,0.0,0.3182936256940052,0.7802674544627747,0.1077565074532979,0.0,0.0,0.0,1.0,7.0,0.0,Neutral_Balanced,False,0.18254603682946358,0.2790232185748599,0.18254603682946358,0.21470509741126234,0.0,0.0,0.0,0.0,5.0,0.2903645833333333,both,BOTH,0.2496853142444784,c-c(c)c(cc)-c(n)n
cc(s)NS(C)(=O)=O,cc(s)NS(C)(=O)=O,0.0,0.4165977391783843,0.7802674544627747,0.1077565074532979,0.0,0.0,0.0,6.0,0.0,1.0,Neutral_Balanced,False,0.18254603682946358,0.2790232185748599,0.18254603682946358,0.21470509741126234,0.0,0.0,0.0,0.0,6.0,0.2903645833333333,both,BOTH,0.2496853142444784,cc(s)NS(C)(=O)=O
cCC(NC)C(=O)S,cCC(NC)C(=O)S,0.0,0.3182936256940052,0.7802674544627747,0.1077565074532979,0.0,0.0,0.0,1.0,7.0,0.0,Neutral_Balanced,False,0.18254603682946358,0.2790232185748599,0.18254603682946358,0.21470509741126234,0.0,0.0,0.0,8.0,0.0,0.2903645833333333,both,BOTH,0.2496853142444784,cCC(NC)C(=O)S
ccc(NC)c(C)n,CNc(cc)c(C)n,0.0,0.3608920748705695,0.7802674544627747,0.1077565074532979,0.0,0.0,0.0,4.0,3.0,1.0,Neutral_Balanced,False,0.18254603682946358,0.2790232185748599,0.18254603682946358,0.21470509741126234,0.0,0.0,0.0,0.0,1.0,0.2903645833333333,both,BOTH,0.2496853142444784,CNc(cc)c(C)n
CCC(NC)C(=O)S,CNC(CC)C(=O)S,0.0,0.4165977391783843,0.7802674544627747,0.1077565074532979,0.0,0.0,0.0,1.0,5.0,0.0,Neutral_Balanced,False,0.18254603682946358,0.2790232185748599,0.18254603682946358,0.21470509741126234,0.0,0.0,0.0,1.0,0.0,0.2903645833333333,both,BOTH,0.2496853142444784,CNC(CC)C(=O)S
CC(C)(C)OC(N)=O,CC(C)(C)OC(N)=O,0.0,0.3182936256940052,0.7802674544627747,0.1077565074532979,0.0,0.0,0.0,3.0,5.0,0.0,Neutral_Balanced,False,0.18254603682946358,0.2790232185748599,0.18254603682946358,0.21470509741126234,0.0,0.0,0.0,0.0,1.0,0.2903645833333333,both,BOTH,0.2496853142444784,CC(C)(C)OC(N)=O
cC(c)Cc(n)n,cC(c)Cc(n)n,0.0,0.3182936256940052,0.7802674544627747,0.1077565074532979,0.0,0.0,0.0,1.0,7.0,0.0,Neutral_Balanced,False,0.18254603682946358,0.2790232185748599,0.18254603682946358,0.21470509741126234,0.0,0.0,0.0,0.0,7.0,0.2903645833333333,both,BOTH,0.2496853142444784,cC(c)Cc(n)n
CC(=O)CC(O)S,CC(=O)CC(O)S,0.0,0.3608920748705695,0.7802674544627747,0.1077565074532979,0.0,0.0,0.0,5.0,2.0,1.0,Neutral_Balanced,False,0.18254603682946358,0.2790232185748599,0.18254603682946358,0.21470509741126234,0.0,0.0,0.0,0.0,7.0,0.2903645833333333,both,BOTH,0.2496853142444784,CC(=O)CC(O)S
C[C@@H](N)B(O)O,C[C@@H](N)B(O)O,0.0,0.3182936256940052,0.7802674544627747,0.1077565074532979,0.0,0.0,0.0,2.0,6.0,0.0,Neutral_Balanced,False,0.18254603682946358,0.2790232185748599,0.18254603682946358,0.21470509741126234,0.0,0.0,0.0,1.0,0.0,0.2903645833333333,both,BOTH,0.2496853142444784,C[C@@H](N)B(O)O
cncc(C)n,cncc(C)n,0.0,0.3182936256940052,0.7802674544627747,0.1077565074532979,0.0,0.0,0.0,2.0,6.0,0.0,Neutral_Balanced,False,0.18254603682946358,0.2790232185748599,0.18254603682946358,0.21470509741126234,0.0,0.0,0.0,1.0,0.0,0.2903645833333333,both,BOTH,0.2496853142444784,cncc(C)n
cn(c)-c,c-n(c)c,0.0,0.3608920748705695,0.7802674544627747,0.1077565074532979,0.0,0.0,0.0,1.0,6.0,0.0,Neutral_Balanced,False,0.18254603682946358,0.2790232185748599,0.18254603682946358,0.21470509741126234,0.0,0.0,0.0,0.0,1.0,0.2903645833333333,both,BOTH,0.2496853142444784,c-n(c)c
ccnc(-c)n,c-c(n)ncc,0.0,0.4165977391783843,0.7802674544627747,0.1077565074532979,0.0,0.0,0.0,0.0,6.0,0.0,Negative_InactiveOnly,False,0.18254603682946358,0.2790232185748599,0.18254603682946358,0.21470509741126234,0.0,0.0,0.0,3.0,0.0,0.2903645833333333,both,BOTH,0.2496853142444784,c-c(n)ncc
cc(c)C(=S)NN,cc(c)C(=S)NN,0.0,0.3182936256940052,0.7802674544627747,0.1077565074532979,0.0,0.0,0.0,4.0,4.0,0.0,Neutral_Balanced,False,0.18254603682946358,0.2790232185748599,0.18254603682946358,0.21470509741126234,0.0,0.0,0.0,3.0,0.0,0.2903645833333333,both,BOTH,0.2496853142444784,cc(c)C(=S)NN
CN(C)N,CN(C)N,0.0,0.3182936256940052,0.7802674544627747,0.1077565074532979,0.0,0.0,0.0,1.0,7.0,0.0,Neutral_Balanced,False,0.18254603682946358,0.2790232185748599,0.18254603682946358,0.21470509741126234,0.0,0.0,0.0,2.0,0.0,0.2903645833333333,both,BOTH,0.2496853142444784,CN(C)N
cc(s)CN(C)C,cc(s)CN(C)C,0.0,0.4165977391783843,0.7802674544627747,0.1077565074532979,0.0,0.0,0.0,0.0,6.0,0.0,Negative_InactiveOnly,False,0.18254603682946358,0.2790232185748599,0.18254603682946358,0.21470509741126234,0.0,0.0,0.0,2.0,0.0,0.2903645833333333,both,BOTH,0.2496853142444784,cc(s)CN(C)C
COC(OC)[C@@H](C)O,CO[C@H](OC)[C@@H](C)O,0.0,0.4165977391783843,0.7802674544627747,0.1077565074532979,0.0,0.0,0.0,2.0,4.0,0.0,Neutral_Balanced,False,0.18254603682946358,0.2790232185748599,0.18254603682946358,0.21470509741126234,0.0,0.0,0.0,1.0,0.0,0.2903645833333333,both,BOTH,0.2496853142444784,CO[C@H](OC)[C@@H](C)O
ccc(c(c)-c)c(c)c,c-c(c)c(cc)c(c)c,0.0,0.3182936256940052,0.7802674544627747,0.1077565074532979,0.0,0.0,0.0,0.0,8.0,0.0,Negative_InactiveOnly,False,0.18254603682946358,0.2790232185748599,0.18254603682946358,0.21470509741126234,0.0,0.0,0.0,7.0,0.0,0.2903645833333333,both,BOTH,0.2496853142444784,c-c(c)c(cc)c(c)c
cC[C@@H](NC)B(O)O,cC[C@@H](NC)B(O)O,0.0,0.4165977391783843,0.7802674544627747,0.1077565074532979,0.0,0.0,0.0,2.0,4.0,0.0,Neutral_Balanced,False,0.18254603682946358,0.2790232185748599,0.18254603682946358,0.21470509741126234,0.0,0.0,0.0,0.0,4.0,0.2903645833333333,both,BOTH,0.2496853142444784,cC[C@@H](NC)B(O)O
NOS,NOS,0.0,0.3608920748705695,0.7802674544627747,0.1077565074532979,0.0,0.0,0.0,1.0,6.0,0.0,Neutral_Balanced,False,0.18254603682946358,0.2790232185748599,0.18254603682946358,0.21470509741126234,0.0,0.0,0.0,0.0,7.0,0.2903645833333333,both,BOTH,0.2496853142444784,NOS
CCN(CC)C(N)=O,CCN(CC)C(N)=O,0.0,0.4165977391783843,0.7802674544627747,0.1077565074532979,0.0,0.0,0.0,0.0,6.0,0.0,Negative_InactiveOnly,False,0.18254603682946358,0.2790232185748599,0.18254603682946358,0.21470509741126234,0.0,0.0,0.0,1.0,0.0,0.2903645833333333,both,BOTH,0.2496853142444784,CCN(CC)C(N)=O
CNOC,CNOC,0.0,0.4165977391783843,0.7802674544627747,0.1077565074532979,0.0,0.0,0.0,1.0,5.0,0.0,Neutral_Balanced,False,0.18254603682946358,0.2790232185748599,0.18254603682946358,0.21470509741126234,0.0,0.0,0.0,4.0,0.0,0.2903645833333333,both,BOTH,0.2496853142444784,CNOC
cCNCc,cCNCc,0.0,0.4165977391783843,0.7802674544627747,0.1077565074532979,0.0,0.0,0.0,3.0,3.0,0.0,Neutral_Balanced,False,0.18254603682946358,0.2790232185748599,0.18254603682946358,0.21470509741126234,0.0,0.0,0.0,1.0,0.0,0.2903645833333333,both,BOTH,0.2496853142444784,cCNCc
cc(c)O[C@@H](C)O,cc(c)O[C@@H](C)O,0.0,0.3608920748705695,0.7802674544627747,0.1077565074532979,0.0,0.0,0.0,4.0,3.0,1.0,Neutral_Balanced,False,0.18254603682946358,0.2790232185748599,0.18254603682946358,0.21470509741126234,0.0,0.0,0.0,0.0,2.0,0.2903645833333333,both,BOTH,0.2496853142444784,cc(c)O[C@@H](C)O
ccc(C(=O)O)c(c)N,ccc(C(=O)O)c(c)N,0.0,0.4925600086890409,1.0,-0.0,0.0,0.0,0.0,3.0,2.0,1.0,Neutral_Balanced,False,0.18254603682946358,0.07606084867894315,0.18254603682946358,0.14705097411262344,0.0,0.0,0.0,1.0,0.0,0.2903645833333333,both,BOTH,0.2066358991728511,ccc(C(=O)O)c(c)N
CC(C)(C)[Si],CC(C)(C)[Si],0.0,0.4925600086890409,1.0,-0.0,0.0,0.0,0.0,1.0,4.0,0.0,Neutral_Balanced,False,0.18254603682946358,0.07606084867894315,0.18254603682946358,0.14705097411262344,0.0,0.0,0.0,0.0,2.0,0.2903645833333333,both,BOTH,0.2066358991728511,CC(C)(C)[Si]
cC(C)CC(=O)O,cC(C)CC(=O)O,0.0,0.4925600086890409,1.0,-0.0,0.0,0.0,0.0,0.0,5.0,0.0,Negative_InactiveOnly,False,0.18254603682946358,0.07606084867894315,0.18254603682946358,0.14705097411262344,0.0,0.0,0.0,0.0,1.0,0.2903645833333333,both,BOTH,0.2066358991728511,cC(C)CC(=O)O
CC(C)CC(C)C,C[C@H](C)C[C@@H](C)C,0.0,0.4925600086890409,1.0,-0.0,0.0,0.0,0.0,0.0,5.0,0.0,Negative_InactiveOnly,False,0.18254603682946358,0.07606084867894315,0.18254603682946358,0.14705097411262344,0.0,0.0,0.0,1.0,0.0,0.2903645833333333,both,BOTH,0.2066358991728511,C[C@H](C)C[C@@H](C)C
cc(s)S,cc(s)S,0.0,0.4925600086890409,1.0,-0.0,0.0,0.0,0.0,1.0,4.0,0.0,Neutral_Balanced,False,0.18254603682946358,0.07606084867894315,0.18254603682946358,0.14705097411262344,0.0,0.0,0.0,1.0,0.0,0.2903645833333333,both,BOTH,0.2066358991728511,cc(s)S
cCC(CS)P(N)(=O)O,cCC(CS)P(N)(=O)O,0.0,0.4925600086890409,1.0,-0.0,0.0,0.0,0.0,0.0,5.0,0.0,Negative_InactiveOnly,False,0.18254603682946358,0.07606084867894315,0.18254603682946358,0.14705097411262344,0.0,0.0,0.0,0.0,1.0,0.2903645833333333,both,BOTH,0.2066358991728511,cCC(CS)P(N)(=O)O
cc(C)nc(c)-c,Cc(c)nc(-c)c,0.0,0.4925600086890409,1.0,-0.0,0.0,0.0,0.0,1.0,4.0,0.0,Neutral_Balanced,False,0.18254603682946358,0.07606084867894315,0.18254603682946358,0.14705097411262344,0.0,0.0,0.0,5.0,0.0,0.2903645833333333,both,BOTH,0.2066358991728511,Cc(c)nc(-c)c
CC(=O)NC(C)c,C[C@@H](c)NC(C)=O,0.0,0.4925600086890409,1.0,-0.0,0.0,0.0,0.0,3.0,2.0,1.0,Neutral_Balanced,False,0.18254603682946358,0.07606084867894315,0.18254603682946358,0.14705097411262344,0.0,0.0,0.0,0.0,4.0,0.2903645833333333,both,BOTH,0.2066358991728511,C[C@@H](c)NC(C)=O
ccc(cc)[C@@H](C)N,C[C@@H](N)c(cc)cc,0.0,0.4925600086890409,1.0,-0.0,0.0,0.0,0.0,2.0,3.0,0.0,Neutral_Balanced,False,0.18254603682946358,0.07606084867894315,0.18254603682946358,0.14705097411262344,0.0,0.0,0.0,1.0,2.0,0.2903645833333333,both,BOTH,0.2066358991728511,C[C@@H](N)c(cc)cc
ccc(c(c)C)N(C)C,Cc(c)c(cc)N(C)C,0.0,0.4925600086890409,1.0,-0.0,0.0,0.0,0.0,3.0,2.0,1.0,Neutral_Balanced,False,0.18254603682946358,0.07606084867894315,0.18254603682946358,0.14705097411262344,0.0,0.0,0.0,0.0,1.0,0.2903645833333333,both,BOTH,0.2066358991728511,Cc(c)c(cc)N(C)C
NCS,NCS,0.0,0.4925600086890409,1.0,-0.0,0.0,0.0,0.0,3.0,2.0,1.0,Neutral_Balanced,False,0.18254603682946358,0.07606084867894315,0.18254603682946358,0.14705097411262344,0.0,0.0,0.0,1.0,0.0,0.2903645833333333,both,BOTH,0.2066358991728511,NCS
COP(C)(N)=O,COP(C)(N)=O,0.0,0.4925600086890409,1.0,-0.0,0.0,0.0,0.0,0.0,5.0,0.0,Negative_InactiveOnly,False,0.18254603682946358,0.07606084867894315,0.18254603682946358,0.14705097411262344,0.0,0.0,0.0,1.0,0.0,0.2903645833333333,both,BOTH,0.2066358991728511,COP(C)(N)=O
CNC(=O)OC,CNC(=O)OC,0.0,0.4925600086890409,1.0,-0.0,0.0,0.0,0.0,3.0,2.0,1.0,Neutral_Balanced,False,0.18254603682946358,0.07606084867894315,0.18254603682946358,0.14705097411262344,0.0,0.0,0.0,2.0,5.0,0.2903645833333333,both,BOTH,0.2066358991728511,CNC(=O)OC
cc(s)Cc(n)n,cc(s)Cc(n)n,0.0,0.4925600086890409,1.0,-0.0,0.0,0.0,0.0,1.0,4.0,0.0,Neutral_Balanced,False,0.18254603682946358,0.07606084867894315,0.18254603682946358,0.14705097411262344,0.0,0.0,0.0,0.0,5.0,0.2903645833333333,both,BOTH,0.2066358991728511,cc(s)Cc(n)n
cc(s)Cl,cc(s)Cl,0.0,0.4925600086890409,1.0,-0.0,0.0,0.0,0.0,0.0,5.0,0.0,Negative_InactiveOnly,False,0.18254603682946358,0.07606084867894315,0.18254603682946358,0.14705097411262344,0.0,0.0,0.0,4.0,0.0,0.2903645833333333,both,BOTH,0.2066358991728511,cc(s)Cl
CN[C@@H](CS)C(=O)O,CN[C@@H](CS)C(=O)O,0.0,0.4925600086890409,1.0,-0.0,0.0,0.0,0.0,2.0,3.0,0.0,Neutral_Balanced,False,0.18254603682946358,0.07606084867894315,0.18254603682946358,0.14705097411262344,0.0,0.0,0.0,0.0,1.0,0.2903645833333333,both,BOTH,0.2066358991728511,CN[C@@H](CS)C(=O)O
ccc(CC)nc,ccc(CC)nc,0.0,0.4925600086890409,1.0,-0.0,0.0,0.0,0.0,3.0,2.0,1.0,Neutral_Balanced,False,0.18254603682946358,0.07606084867894315,0.18254603682946358,0.14705097411262344,0.0,0.0,0.0,1.0,3.0,0.2903645833333333,both,BOTH,0.2066358991728511,ccc(CC)nc
cCN(Cc)Cc,cCN(Cc)Cc,0.0,0.4925600086890409,1.0,-0.0,0.0,0.0,0.0,1.0,4.0,0.0,Neutral_Balanced,False,0.18254603682946358,0.07606084867894315,0.18254603682946358,0.14705097411262344,0.0,0.0,0.0,1.0,0.0,0.2903645833333333,both,BOTH,0.2066358991728511,cCN(Cc)Cc
cc(c)Cc(c)n,cc(c)Cc(c)n,0.0,0.4925600086890409,1.0,-0.0,0.0,0.0,0.0,0.0,5.0,0.0,Negative_InactiveOnly,False,0.18254603682946358,0.07606084867894315,0.18254603682946358,0.14705097411262344,0.0,0.0,0.0,0.0,2.0,0.2903645833333333,both,BOTH,0.2066358991728511,cc(c)Cc(c)n
cc(c)C(=O)NO,cc(c)C(=O)NO,0.0,0.4925600086890409,1.0,-0.0,0.0,0.0,0.0,5.0,0.0,1.0,Neutral_Balanced,False,0.18254603682946358,0.07606084867894315,0.18254603682946358,0.14705097411262344,0.0,0.0,0.0,0.0,5.0,0.2903645833333333,both,BOTH,0.2066358991728511,cc(c)C(=O)NO
CN(C)P,CN(C)P,0.0,0.4925600086890409,1.0,-0.0,0.0,0.0,0.0,0.0,5.0,0.0,Negative_InactiveOnly,False,0.18254603682946358,0.07606084867894315,0.18254603682946358,0.14705097411262344,0.0,0.0,0.0,0.0,1.0,0.2903645833333333,both,BOTH,0.2066358991728511,CN(C)P
CN(C)OS(c)(=O)=O,CN(C)OS(c)(=O)=O,0.0,0.4925600086890409,1.0,-0.0,0.0,0.0,0.0,1.0,4.0,0.0,Neutral_Balanced,False,0.18254603682946358,0.07606084867894315,0.18254603682946358,0.14705097411262344,0.0,0.0,0.0,5.0,0.0,0.2903645833333333,both,BOTH,0.2066358991728511,CN(C)OS(c)(=O)=O
cc(c)S(=O)(=O)O,cc(c)S(=O)(=O)O,0.0,0.4925600086890409,1.0,-0.0,0.0,0.0,0.0,3.0,2.0,1.0,Neutral_Balanced,False,0.18254603682946358,0.07606084867894315,0.18254603682946358,0.14705097411262344,0.0,0.0,0.0,0.0,3.0,0.2903645833333333,both,BOTH,0.2066358991728511,cc(c)S(=O)(=O)O
CCC(=O)OC,COC(=O)CC,0.0,0.4925600086890409,1.0,-0.0,0.0,0.0,0.0,0.0,5.0,0.0,Negative_InactiveOnly,False,0.18254603682946358,0.07606084867894315,0.18254603682946358,0.14705097411262344,0.0,0.0,0.0,4.0,0.0,0.2903645833333333,both,BOTH,0.2066358991728511,COC(=O)CC
cC(=O)N(OS)C(c)=O,cC(=O)N(OS)C(c)=O,0.0,0.4925600086890409,1.0,-0.0,0.0,0.0,0.0,1.0,4.0,0.0,Neutral_Balanced,False,0.18254603682946358,0.07606084867894315,0.18254603682946358,0.14705097411262344,0.0,0.0,0.0,1.0,0.0,0.2903645833333333,both,BOTH,0.2066358991728511,cC(=O)N(OS)C(c)=O
cC(=O)NC(C)C,cC(=O)NC(C)C,0.0,0.4925600086890409,1.0,-0.0,0.0,0.0,0.0,0.0,5.0,0.0,Negative_InactiveOnly,False,0.18254603682946358,0.07606084867894315,0.18254603682946358,0.14705097411262344,0.0,0.0,0.0,7.0,1.0,0.2903645833333333,both,BOTH,0.2066358991728511,cC(=O)NC(C)C
C=CCC,C=CCC,0.0,0.4925600086890409,1.0,-0.0,0.0,0.0,0.0,2.0,3.0,0.0,Neutral_Balanced,False,0.18254603682946358,0.07606084867894315,0.18254603682946358,0.14705097411262344,0.0,0.0,0.0,0.0,1.0,0.2903645833333333,both,BOTH,0.2066358991728511,C=CCC
BC1=CC(c)=c-s1,,,,,,,,,,,,,,,,,,0.044503,1.0,7.0,0.0,0.0,0.8988715277777778,right_only,SHAP_only,,BC1=CC(c)=c-s1
BC1=CC=C(c)s1,,,,,,,,,,,,,,,,,,9.9e-05,0.0246,2.0,2.0,2.0,0.6141493055555556,right_only,SHAP_only,,BC1=CC=C(c)s1
BC1CC1,,,,,,,,,,,,,,,,,,0.097695,1.0,1.0,0.0,0.0,0.9197048611111112,right_only,SHAP_only,,BC1CC1
BCN,,,,,,,,,,,,,,,,,,0.024332,1.0,3.0,0.0,0.0,0.8815104166666666,right_only,SHAP_only,,BCN
BCNC(C)=O,,,,,,,,,,,,,,,,,,0.01289,1.0,2.0,0.0,0.0,0.8602430555555556,right_only,SHAP_only,,BCNC(C)=O
BOC(c(c)c)c(c)c,BOC(c(c)c)c(c)c,0.0,0.1312760439432351,0.1803078066922682,0.7439854694507722,0.0,0.0,0.0,7.0,13.0,0.0,Neutral_Balanced,False,0.18254603682946358,0.6613290632506005,0.18254603682946358,0.34214037896984256,,,,,,,left_only,STATS_only,,BOC(c(c)c)c(c)c
BOc(c(c)C)c(c)C,,,,,,,,,,,,,,,,,,0.018057,1.0,2.0,0.0,0.0,0.8719618055555556,right_only,SHAP_only,,BOc(c(c)C)c(c)C
B[C@@H](C)N,B[C@@H](C)N,0.0,0.3182936256940052,0.7802674544627747,0.1077565074532979,0.0,0.0,0.0,2.0,6.0,0.0,Neutral_Balanced,False,0.18254603682946358,0.2790232185748599,0.18254603682946358,0.21470509741126234,,,,,,,left_only,STATS_only,,B[C@@H](C)N
B[C@@H](N)Cc(c)c,B[C@@H](N)Cc(c)c,0.4950312845049687,0.6497245508982036,0.8574350879598587,0.0667987482623484,0.0769230769230769,0.0003717472118959,1.0,3.0,9.0,0.0,Neutral_Balanced,False,0.45716573258606885,0.18815052041633307,0.45716573258606885,0.36749399519615694,,,,,,,left_only,STATS_only,,B[C@@H](N)Cc(c)c
B[C@@H](c)N,,,,,,,,,,,,,,,,,,0.024783,1.0,4.0,0.0,0.0,0.8819444444444444,right_only,SHAP_only,,B[C@@H](c)N
B[C@@H]1C[C@@H]1c,,,,,,,,,,,,,,,,,,0.09999,1.0,1.0,0.0,0.0,0.9214409722222222,right_only,SHAP_only,,B[C@@H]1C[C@@H]1c
B[C@@H]1C[C@@H]1c(c)c,,,,,,,,,,,,,,,,,,0.122795,1.0,1.0,0.0,0.0,0.9357638888888888,right_only,SHAP_only,,B[C@@H]1C[C@@H]1c(c)c
B[C@H](C)Sc(n)s,,,,,,,,,,,,,,,,,,0.0,0.0,0.0,1.0,0.0,0.2903645833333333,right_only,SHAP_only,,B[C@H](C)Sc(n)s
B[C@H](N)Cc(c)c,B[C@H](N)Cc(c)c,0.0,0.4165977391783843,0.7802674544627747,0.1077565074532979,0.0,0.0,0.0,2.0,4.0,0.0,Neutral_Balanced,False,0.18254603682946358,0.2790232185748599,0.18254603682946358,0.21470509741126234,,,,,,,left_only,STATS_only,,B[C@H](N)Cc(c)c
B[C@H](c)N,,,,,,,,,,,,,,,,,,0.023738,1.0,4.0,0.0,0.0,0.8810763888888888,right_only,SHAP_only,,B[C@H](c)N
Bc(c)c(cc)C(c)O,Bc(c)c(cc)C(c)O,0.0,0.1455972101133391,0.2585884938801472,0.5873908033362606,0.0,0.0,0.0,7.0,11.0,0.0,Neutral_Balanced,False,0.18254603682946358,0.622898318654924,0.18254603682946358,0.3293301307712837,,,,,,,left_only,STATS_only,,Bc(c)c(cc)C(c)O
Bc(c)cc(c)Cl,,,,,,,,,,,,,,,,,,0.0,0.0,0.0,1.0,0.0,0.2903645833333333,right_only,SHAP_only,,Bc(c)cc(c)Cl
Bc(c)sc(c)c,Bc(c)sc(c)c,0.0,0.3608920748705695,0.7802674544627747,0.1077565074532979,0.0,0.0,0.0,4.0,3.0,1.0,Neutral_Balanced,False,0.18254603682946358,0.2790232185748599,0.18254603682946358,0.21470509741126234,,,,,,,left_only,STATS_only,,Bc(c)sc(c)c
Bc(s)cc(c)c,Bc(s)cc(c)c,0.0,0.3608920748705695,0.7802674544627747,0.1077565074532979,0.0,0.0,0.0,4.0,3.0,1.0,Neutral_Balanced,False,0.18254603682946358,0.2790232185748599,0.18254603682946358,0.21470509741126234,,,,,,,left_only,STATS_only,,Bc(s)cc(c)c
Brc1cccs1,,,,,,,,,,,,,,,,,,0.0,0.0,0.0,2.0,2.0,0.2903645833333333,right_only,SHAP_only,,Brc1cccs1
Brc1ccsc1,,,,,,,,,,,,,,,,,,0.0,0.0,0.0,0.0,1.0,0.2903645833333333,right_only,SHAP_only,,Brc1ccsc1
Brc1nccs1,,,,,,,,,,,,,,,,,,0.0,0.0,0.0,1.0,0.0,0.2903645833333333,right_only,SHAP_only,,Brc1nccs1
C#CC,,,,,,,,,,,,,,,,,,0.0,0.0,0.0,0.0,1.0,0.2903645833333333,right_only,SHAP_only,,C#CC
C/C(=N\N)C(=O)O,,,,,,,,,,,,,,,,,,0.0,0.0,0.0,0.0,4.0,0.2903645833333333,right_only,SHAP_only,,C/C(=N\N)C(=O)O
C/C=C/C(=O)O,,,,,,,,,,,,,,,,,,0.005349,1.0,1.0,0.0,0.0,0.7973090277777778,right_only,SHAP_only,,C/C=C/C(=O)O
C/C=N/NC,,,,,,,,,,,,,,,,,,0.097018,1.0,1.0,0.0,0.0,0.9188368055555556,right_only,SHAP_only,,C/C=N/NC
C1=CCCC1,,,,,,,,,,,,,,,,,,0.004593,1.0,1.0,0.0,0.0,0.7842881944444444,right_only,SHAP_only,,C1=CCCC1
C1=COCC1,,,,,,,,,,,,,,,,,,0.002808,1.0,1.0,0.0,0.0,0.7341579861111112,right_only,SHAP_only,,C1=COCC1
C1=NCCN1,,,,,,,,,,,,,,,,,,0.095877,1.0,1.0,0.0,0.0,0.9175347222222222,right_only,SHAP_only,,C1=NCCN1
C1CC1,,,,,,,,,,,,,,,,,,0.0,0.0,0.0,5.0,8.0,0.2903645833333333,right_only,SHAP_only,,C1CC1
C1CC1c1cncn1,,,,,,,,,,,,,,,,,,0.0,0.0,0.0,0.0,1.0,0.2903645833333333,right_only,SHAP_only,,C1CC1c1cncn1
C1CCC1,,,,,,,,,,,,,,,,,,0.006363,1.0,2.0,0.0,0.0,0.8094618055555556,right_only,SHAP_only,,C1CCC1
C1CCCC1,,,,,,,,,,,,,,,,,,0.0,0.0,0.0,1.0,5.0,0.2903645833333333,right_only,SHAP_only,,C1CCCC1
C1CCNC1,,,,,,,,,,,,,,,,,,0.0,0.0,0.0,27.0,0.0,0.2903645833333333,right_only,SHAP_only,,C1CCNC1
C1CCOC1,,,,,,,,,,,,,,,,,,0.0,0.0,0.0,4.0,0.0,0.2903645833333333,right_only,SHAP_only,,C1CCOC1
C1CN1,,,,,,,,,,,,,,,,,,0.0,0.0,0.0,0.0,1.0,0.2903645833333333,right_only,SHAP_only,,C1CN1
C1CN2CSC[C@@H]2O1,,,,,,,,,,,,,,,,,,0.0,0.0,0.0,1.0,0.0,0.2903645833333333,right_only,SHAP_only,,C1CN2CSC[C@@H]2O1
C1CN2CSC[C@@H]2S1,,,,,,,,,,,,,,,,,,0.0,0.0,0.0,0.0,4.0,0.2903645833333333,right_only,SHAP_only,,C1CN2CSC[C@@H]2S1
C1COC1,,,,,,,,,,,,,,,,,,0.0,0.0,0.0,0.0,1.0,0.2903645833333333,right_only,SHAP_only,,C1COC1
C1CSCN1,,,,,,,,,,,,,,,,,,0.0018,1.0,1.0,0.0,0.0,0.7022569444444444,right_only,SHAP_only,,C1CSCN1
C1C[C@H]2CC[C@@H]1C2,,,,,,,,,,,,,,,,,,0.0,0.0,0.0,2.0,0.0,0.2903645833333333,right_only,SHAP_only,,C1C[C@H]2CC[C@@H]1C2
C1[C@@H]2C3C4C5[C@H]([C@H]52)[C@@H]1C43,,,,,,,,,,,,,,,,,,0.0,0.0,0.0,0.0,1.0,0.2903645833333333,right_only,SHAP_only,,C1[C@@H]2C3C4C5[C@H]([C@H]52)[C@@H]1C43
C=C(C)/C=N/N,,,,,,,,,,,,,,,,,,0.0,0.0,0.0,0.0,1.0,0.2903645833333333,right_only,SHAP_only,,C=C(C)/C=N/N
C=C(C)C#N,,,,,,,,,,,,,,,,,,0.0,0.0,0.0,1.0,0.0,0.2903645833333333,right_only,SHAP_only,,C=C(C)C#N
C=C(C)C(=O)C(=C)C,,,,,,,,,,,,,,,,,,0.0,0.0,0.0,1.0,0.0,0.2903645833333333,right_only,SHAP_only,,C=C(C)C(=O)C(=C)C
C=C(C)C(=O)C(=C)O,,,,,,,,,,,,,,,,,,0.0,0.0,0.0,0.0,1.0,0.2903645833333333,right_only,SHAP_only,,C=C(C)C(=O)C(=C)O
C=C(C)C(=O)O,,,,,,,,,,,,,,,,,,0.00264,1.0,1.0,0.0,0.0,0.7287326388888888,right_only,SHAP_only,,C=C(C)C(=O)O
C=C(C)C1=C(C)NC=C1c,,,,,,,,,,,,,,,,,,0.115618,1.0,1.0,0.0,0.0,0.9305555555555556,right_only,SHAP_only,,C=C(C)C1=C(C)NC=C1c
C=C(C)CC,,,,,,,,,,,,,,,,,,0.001863,1.0,1.0,0.0,0.0,0.7065972222222222,right_only,SHAP_only,,C=C(C)CC
C=C(C)CC(C)C,,,,,,,,,,,,,,,,,,0.0,0.0,0.0,0.0,1.0,0.2903645833333333,right_only,SHAP_only,,C=C(C)CC(C)C
C=C(C)CCC,,,,,,,,,,,,,,,,,,0.0,0.0,0.0,0.0,1.0,0.2903645833333333,right_only,SHAP_only,,C=C(C)CCC
C=C(C)CN(C)C,,,,,,,,,,,,,,,,,,0.003464,1.0,1.0,0.0,0.0,0.7552083333333334,right_only,SHAP_only,,C=C(C)CN(C)C
C=C(C)COC,,,,,,,,,,,,,,,,,,0.0,0.0,0.0,1.0,0.0,0.2903645833333333,right_only,SHAP_only,,C=C(C)COC
C=C(C)COc,,,,,,,,,,,,,,,,,,0.0,0.0,0.0,0.0,1.0,0.2903645833333333,right_only,SHAP_only,,C=C(C)COc
C=C(C)CS(C)=O,,,,,,,,,,,,,,,,,,0.129775,1.0,1.0,0.0,0.0,0.9392361111111112,right_only,SHAP_only,,C=C(C)CS(C)=O
C=C(C)CSc,cSCC(=C)C,6.435406698564593,105.43956043956044,8.776324592128554e-07,6.056687322766594,1.0,0.0033457249070631,9.0,0.0,0.0,2.0,Highest_StrongOnly,True,0.9951961569255404,0.9399519615692554,0.9951961569255404,0.976781425140112,,,,,,,left_only,STATS_only,,cSCC(=C)C
C=C(C)C[S@](C)=O,,,,,,,,,,,,,,,,,,0.0,0.0,0.0,1.0,0.0,0.2903645833333333,right_only,SHAP_only,,C=C(C)C[S@](C)=O
C=C(C)N(NC)C(c)N,,,,,,,,,,,,,,,,,,0.0,0.0,0.0,1.0,0.0,0.2903645833333333,right_only,SHAP_only,,C=C(C)N(NC)C(c)N
C=C(C)Oc(c)c,C/C(=C)Oc(c)c,0.0,0.0436920524897064,0.0005896232789323,3.229425378418527,0.0,0.0,0.0,4.0,56.0,0.0,VeryNegative_InactiveEnriched,True,0.18254603682946358,0.8602882305844676,0.18254603682946358,0.40846010141446487,,,,,,,left_only,STATS_only,,C/C(=C)Oc(c)c
C=C(C)SC(C)C,,,,,,,,,,,,,,,,,,0.0,0.0,0.0,0.0,3.0,0.2903645833333333,right_only,SHAP_only,,C=C(C)SC(C)C
C=C(C)SC(N)=O,C/C(=C)SC(N)=O,0.238348396243133,0.3045757541520732,0.288422078292803,0.5399714980658795,0.037037037037037,0.0003717472118959,1.0,12.0,14.0,0.0,Neutral_Balanced,False,0.3875100080064051,0.611689351481185,0.3875100080064051,0.4622364558313317,,,,,,,left_only,STATS_only,,C/C(=C)SC(N)=O
C=C(C)[C@]1(C)CCCC1(C)C,,,,,,,,,,,,,,,,,,0.003525,1.0,1.0,0.0,0.0,0.7582465277777778,right_only,SHAP_only,,C=C(C)[C@]1(C)CCCC1(C)C
C=C(C)c(cc)c(c)Cl,,,,,,,,,,,,,,,,,,0.0,0.0,0.0,1.0,0.0,0.2903645833333333,right_only,SHAP_only,,C=C(C)c(cc)c(c)Cl
C=C(N)O,,,,,,,,,,,,,,,,,,0.0,0.0,0.0,1.0,0.0,0.2903645833333333,right_only,SHAP_only,,C=C(N)O
C=C(N)c(cc)c(c)C,,,,,,,,,,,,,,,,,,0.0,0.0,0.0,1.0,0.0,0.2903645833333333,right_only,SHAP_only,,C=C(N)c(cc)c(c)C
C=C(O)C(=O)c(c)c,C=C(\O)C(=O)c(c)c,0.0,0.0436920524897064,0.0005896232789323,3.229425378418527,0.0,0.0,0.0,4.0,56.0,0.0,VeryNegative_InactiveEnriched,True,0.18254603682946358,0.8602882305844676,0.18254603682946358,0.40846010141446487,,,,,,,left_only,STATS_only,,C=C(\O)C(=O)c(c)c
C=C(S)C(=O)N(C)C,CN(C)C(=O)/C(=C)S,0.0,0.1633901741428623,0.3515257467962129,0.4540428604534837,0.0,0.0,0.0,3.0,13.0,0.0,Neutral_Balanced,False,0.18254603682946358,0.5544435548438751,0.18254603682946358,0.3065118761676007,,,,,,,left_only,STATS_only,,CN(C)C(=O)/C(=C)S
C=C(S)C(=O)N(c)C,cN(C)C(=O)/C(=C)S,0.5362838915470494,0.7065347565738089,0.8574350879598587,0.0667987482623484,0.0833333333333333,0.0003717472118959,1.0,9.0,2.0,1.0,Neutral_Balanced,False,0.4747798238590873,0.18815052041633307,0.4747798238590873,0.37923672271150255,,,,,,,left_only,STATS_only,,cN(C)C(=O)/C(=C)S
C=C(S)C(=O)O,,,,,,,,,,,,,,,,,,0.000965,1.0,1.0,0.0,0.0,0.67578125,right_only,SHAP_only,,C=C(S)C(=O)O
C=C(S)N=C(C)O,,,,,,,,,,,,,,,,,,0.0,0.0,0.0,1.0,0.0,0.2903645833333333,right_only,SHAP_only,,C=C(S)N=C(C)O
C=C(c)C,cC(=C)C,1.2870813397129186,1.8111776447105787,0.7802674544627747,0.1077565074532979,0.2,0.0003717472118959,1.0,0.0,4.0,0.0,Neutral_Balanced,False,0.6985588470776621,0.2790232185748599,0.6985588470776621,0.558713637576728,,,,,,,left_only,STATS_only,,cC(=C)C
C=C1CC=C(c)C1,,,,,,,,,,,,,,,,,,0.0,0.0,0.0,0.0,1.0,0.2903645833333333,right_only,SHAP_only,,C=C1CC=C(c)C1
C=C1CC=C(c)C1=O,,,,,,,,,,,,,,,,,,0.008773,1.0,1.0,0.0,0.0,0.8324652777777778,right_only,SHAP_only,,C=C1CC=C(c)C1=O
C=C1CC=C(c)O1,,,,,,,,,,,,,,,,,,0.000437,0.0471,4.0,5.0,0.0,0.6471354166666666,right_only,SHAP_only,,C=C1CC=C(c)O1
C=C1CCC(C)(C)[C@@]12COC[C@@H]2C,,,,,,,,,,,,,,,,,,0.0,0.0,0.0,0.0,1.0,0.2903645833333333,right_only,SHAP_only,,C=C1CCC(C)(C)[C@@]12COC[C@@H]2C
C=C1OC=C(c)C1=O,,,,,,,,,,,,,,,,,,0.0,0.0,0.0,8.0,0.0,0.2903645833333333,right_only,SHAP_only,,C=C1OC=C(c)C1=O
C=C1SCN(C)C1=O,,,,,,,,,,,,,,,,,,0.000275,0.0212,8.0,15.0,0.0,0.6354166666666666,right_only,SHAP_only,,C=C1SCN(C)C1=O
C=C1SCN(c)C1=O,,,,,,,,,,,,,,,,,,0.013037,1.0,5.0,0.0,0.0,0.8606770833333334,right_only,SHAP_only,,C=C1SCN(c)C1=O
C=C1[C@H](C)CCC1(C)C,,,,,,,,,,,,,,,,,,0.0,0.0,0.0,0.0,1.0,0.2903645833333333,right_only,SHAP_only,,C=C1[C@H](C)CCC1(C)C
C=CC(=O)C(C)(C)C,,,,,,,,,,,,,,,,,,0.003807,1.0,1.0,0.0,0.0,0.7686631944444444,right_only,SHAP_only,,C=CC(=O)C(C)(C)C
C=CC(=O)O,,,,,,,,,,,,,,,,,,0.001817,0.2307,2.0,1.0,0.0,0.7039930555555556,right_only,SHAP_only,,C=CC(=O)O
C=CC(=O)c(c)c,,,,,,,,,,,,,,,,,,2.9e-05,0.0178,1.0,2.0,0.0,0.5985243055555556,right_only,SHAP_only,,C=CC(=O)c(c)c
C=CC(CC)(C(N)=O)C(=O)O,,,,,,,,,,,,,,,,,,0.0,0.0,0.0,1.0,0.0,0.2903645833333333,right_only,SHAP_only,,C=CC(CC)(C(N)=O)C(=O)O
C=CCCO,,,,,,,,,,,,,,,,,,0.0,0.0,0.0,0.0,1.0,0.2903645833333333,right_only,SHAP_only,,C=CCCO
C=CCNC,,,,,,,,,,,,,,,,,,0.0,0.0,0.0,1.0,0.0,0.2903645833333333,right_only,SHAP_only,,C=CCNC
C=CCON,,,,,,,,,,,,,,,,,,0.0,0.0,0.0,2.0,0.0,0.2903645833333333,right_only,SHAP_only,,C=CCON
C=CCc(c)c,,,,,,,,,,,,,,,,,,0.0,0.0,0.0,0.0,1.0,0.2903645833333333,right_only,SHAP_only,,C=CCc(c)c
C=CCn,C=CCn,0.0,0.2846632710809281,0.624428810259094,0.2045170674163206,0.0,0.0,0.0,2.0,7.0,0.0,Neutral_Balanced,False,0.18254603682946358,0.40392313851080863,0.18254603682946358,0.2563384040565786,,,,,,,left_only,STATS_only,,C=CCn
C=CN(NC)C(c)N,,,,,,,,,,,,,,,,,,0.008914,1.0,1.0,0.0,0.0,0.8333333333333334,right_only,SHAP_only,,C=CN(NC)C(c)N
C=C[C@]1(C)OCC2O[C@H]21,,,,,,,,,,,,,,,,,,0.0,0.0,0.0,0.0,1.0,0.2903645833333333,right_only,SHAP_only,,C=C[C@]1(C)OCC2O[C@H]21
C=Cc(c(c)Cl)c(c)Cl,,,,,,,,,,,,,,,,,,0.0,0.0,0.0,1.0,1.0,0.2903645833333333,right_only,SHAP_only,,C=Cc(c(c)Cl)c(c)Cl
C=Cc(cc)c(c)c,,,,,,,,,,,,,,,,,,0.001665,1.0,1.0,0.0,0.0,0.6970486111111112,right_only,SHAP_only,,C=Cc(cc)c(c)c
C=Cc(cn)c(c)c,C=C\c(cn)c(c)c,0.0,0.2574386982989133,0.624428810259094,0.2045170674163206,0.0,0.0,0.0,0.0,10.0,0.0,Negative_InactiveOnly,False,0.18254603682946358,0.40392313851080863,0.18254603682946358,0.2563384040565786,,,,,,,left_only,STATS_only,,C=C\c(cn)c(c)c
C=Cc1ccco1,,,,,,,,,,,,,,,,,,0.003713,1.0,1.0,0.0,0.0,0.7660590277777778,right_only,SHAP_only,,C=Cc1ccco1
C=Cc1cccs1,,,,,,,,,,,,,,,,,,0.0,0.0,0.0,1.0,0.0,0.2903645833333333,right_only,SHAP_only,,C=Cc1cccs1
C=N/N=C(/N)S,,,,,,,,,,,,,,,,,,0.0,0.0,0.0,1.0,0.0,0.2903645833333333,right_only,SHAP_only,,C=N/N=C(/N)S
C=NCCN,C=N/CCN,0.919343814080656,1.25278673422386,1.0,-0.0,0.1428571428571428,0.0003717472118959,1.0,6.0,0.0,1.0,Second_StrongWeak_NoInactive,False,0.588470776621297,0.07606084867894315,0.588470776621297,0.417667467307179,,,,,,,left_only,STATS_only,,C=N/CCN
C=NNS(c)(=O)=O,cS(=O)(=O)N/N=C,0.0,0.1999646002035488,0.4513455900264954,0.3454907965553292,0.0,0.0,0.0,9.0,4.0,1.0,Neutral_Balanced,False,0.18254603682946358,0.48478783026421135,0.18254603682946358,0.28329330130771285,,,,,,,left_only,STATS_only,,cS(=O)(=O)N/N=C
C=NNc(c)n,,,,,,,,,,,,,,,,,,0.0,0.0,0.0,0.0,1.0,0.2903645833333333,right_only,SHAP_only,,C=NNc(c)n
C=Nc(c(c)C)n(c)C,Cc(c)c(/N=C)n(c)C,0.0,0.2846632710809281,0.624428810259094,0.2045170674163206,0.0,0.0,0.0,4.0,5.0,0.0,Neutral_Balanced,False,0.18254603682946358,0.40392313851080863,0.18254603682946358,0.2563384040565786,,,,,,,left_only,STATS_only,,Cc(c)c(/N=C)n(c)C
C=Nc1c(C)ccn1C,,,,,,,,,,,,,,,,,,0.0,0.0,0.0,3.0,0.0,0.2903645833333333,right_only,SHAP_only,,C=Nc1c(C)ccn1C
C=Nn(c(-c)n)c([nH])=S,c-c(n)n(/N=C)c([nH])=S,0.0,0.0333995388443713,3.3669860617748865e-05,4.472758681445824,0.0,0.0,0.0,22.0,56.0,0.0,Neutral_Balanced,True,0.18254603682946358,0.8943154523618895,0.18254603682946358,0.4198025086736055,,,,,,,left_only,STATS_only,,c-c(n)n(/N=C)c([nH])=S
C=Nn(c(C)n)c([nH])=S,C=N/n(c(C)n)c([nH])=S,0.0,0.1251146119863299,0.184503748866948,0.7339948051380467,0.0,0.0,0.0,6.0,15.0,0.0,Neutral_Balanced,False,0.18254603682946358,0.6509207365892714,0.18254603682946358,0.3386709367493996,,,,,,,left_only,STATS_only,,C=N/n(c(C)n)c([nH])=S
C=Nn(cn)c([nH])=S,C=N/n(cn)c([nH])=S,0.0,0.3608920748705695,0.7802674544627747,0.1077565074532979,0.0,0.0,0.0,0.0,7.0,0.0,Negative_InactiveOnly,False,0.18254603682946358,0.2790232185748599,0.18254603682946358,0.21470509741126234,,,,,,,left_only,STATS_only,,C=N/n(cn)c([nH])=S
CBr,,,,,,,,,,,,,,,,,,0.0,0.0,0.0,0.0,2.0,0.2903645833333333,right_only,SHAP_only,,CBr
CC(=O)C(=O)O,,,,,,,,,,,,,,,,,,0.000112,1.0,1.0,0.0,0.0,0.6163194444444444,right_only,SHAP_only,,CC(=O)C(=O)O
CC(=O)N(C)C,,,,,,,,,,,,,,,,,,0.0,0.0,0.0,1.0,0.0,0.2903645833333333,right_only,SHAP_only,,CC(=O)N(C)C
CC(=O)N1CCCC1C,,,,,,,,,,,,,,,,,,0.000152,0.0568,1.0,1.0,0.0,0.6239149305555556,right_only,SHAP_only,,CC(=O)N1CCCC1C
CC(=O)N1CCC[C@@H]1C,,,,,,,,,,,,,,,,,,0.00054,0.0894,1.0,1.0,0.0,0.6540798611111112,right_only,SHAP_only,,CC(=O)N1CCC[C@@H]1C
CC(=O)N1CCC[C@H]1C,,,,,,,,,,,,,,,,,,0.000706,0.0753,2.0,2.0,0.0,0.6627604166666666,right_only,SHAP_only,,CC(=O)N1CCC[C@H]1C
CC(=O)N1N=CCC1c,,,,,,,,,,,,,,,,,,0.0,0.0,0.0,1.0,0.0,0.2903645833333333,right_only,SHAP_only,,CC(=O)N1N=CCC1c
CC(=O)N1N=CC[C@@H]1c,,,,,,,,,,,,,,,,,,0.0,0.0,0.0,1.0,0.0,0.2903645833333333,right_only,SHAP_only,,CC(=O)N1N=CC[C@@H]1c
CC(=O)N1N=CC[C@H]1c,,,,,,,,,,,,,,,,,,0.0,0.0,0.0,2.0,0.0,0.2903645833333333,right_only,SHAP_only,,CC(=O)N1N=CC[C@H]1c
CC(=O)NC1CC1,,,,,,,,,,,,,,,,,,0.0,0.0,0.0,1.0,0.0,0.2903645833333333,right_only,SHAP_only,,CC(=O)NC1CC1
CC(=O)NO,,,,,,,,,,,,,,,,,,0.006481,1.0,2.0,0.0,0.0,0.8107638888888888,right_only,SHAP_only,,CC(=O)NO
CC(=O)N[C@H](C)P,CC(=O)N[C@H](C)P,0.0,0.2574386982989133,0.624428810259094,0.2045170674163206,0.0,0.0,0.0,1.0,9.0,0.0,VeryNegative_InactiveEnriched,False,0.18254603682946358,0.40392313851080863,0.18254603682946358,0.2563384040565786,,,,,,,left_only,STATS_only,,CC(=O)N[C@H](C)P
CC(=O)Nc(n)o,CC(=O)Nc(n)o,0.0,0.3182936256940052,0.7802674544627747,0.1077565074532979,0.0,0.0,0.0,0.0,8.0,0.0,Negative_InactiveOnly,False,0.18254603682946358,0.2790232185748599,0.18254603682946358,0.21470509741126234,,,,,,,left_only,STATS_only,,CC(=O)Nc(n)o
CC(=O)OC(C)(C)C,CC(C)(C)OC(C)=O,0.0,0.4165977391783843,0.7802674544627747,0.1077565074532979,0.0,0.0,0.0,1.0,5.0,0.0,Neutral_Balanced,False,0.18254603682946358,0.2790232185748599,0.18254603682946358,0.21470509741126234,,,,,,,left_only,STATS_only,,CC(C)(C)OC(C)=O
CC(=O)OC(C)C,,,,,,,,,,,,,,,,,,0.0,0.0,0.0,0.0,1.0,0.2903645833333333,right_only,SHAP_only,,CC(=O)OC(C)C
CC(=O)O[C@@H](C)N,,,,,,,,,,,,,,,,,,0.0,0.0,0.0,1.0,0.0,0.2903645833333333,right_only,SHAP_only,,CC(=O)O[C@@H](C)N
CC(=O)[O-],,,,,,,,,,,,,,,,,,0.000433,1.0,1.0,0.0,0.0,0.6467013888888888,right_only,SHAP_only,,CC(=O)[O-]
CC(C)(C)C(=O)O,,,,,,,,,,,,,,,,,,0.000602,0.0805,1.0,3.0,0.0,0.6579861111111112,right_only,SHAP_only,,CC(C)(C)C(=O)O
CC(C)(C)C(C)(C)C(=O)O,,,,,,,,,,,,,,,,,,0.0,0.0,0.0,0.0,1.0,0.2903645833333333,right_only,SHAP_only,,CC(C)(C)C(C)(C)C(=O)O
CC(C)(C)CCn,,,,,,,,,,,,,,,,,,0.0,0.0,0.0,1.0,0.0,0.2903645833333333,right_only,SHAP_only,,CC(C)(C)CCn
CC(C)(C)NC(N)=S,CC(C)(C)NC(N)=S,1.2870813397129186,1.8111776447105787,0.7802674544627747,0.1077565074532979,0.2,0.0003717472118959,1.0,2.0,2.0,0.0,Neutral_Balanced,False,0.6985588470776621,0.2790232185748599,0.6985588470776621,0.558713637576728,,,,,,,left_only,STATS_only,,CC(C)(C)NC(N)=S
CC(C)(C)NS(N)(=O)=O,,,,,,,,,,,,,,,,,,0.000521,0.0757,2.0,2.0,0.0,0.6536458333333334,right_only,SHAP_only,,CC(C)(C)NS(N)(=O)=O
CC(C)(C)[Si](C)(C)ON,,,,,,,,,,,,,,,,,,0.002029,1.0,1.0,0.0,0.0,0.7113715277777778,right_only,SHAP_only,,CC(C)(C)[Si](C)(C)ON
CC(C)(C)c1cnnn1,,,,,,,,,,,,,,,,,,0.0,0.0,0.0,1.0,0.0,0.2903645833333333,right_only,SHAP_only,,CC(C)(C)c1cnnn1
CC(C)(C)n1cnnn1,,,,,,,,,,,,,,,,,,0.0,0.0,0.0,0.0,1.0,0.2903645833333333,right_only,SHAP_only,,CC(C)(C)n1cnnn1
CC(C)(N)CO,,,,,,,,,,,,,,,,,,0.0,0.0,0.0,1.0,0.0,0.2903645833333333,right_only,SHAP_only,,CC(C)(N)CO
CC(C)(O)C(=O)[O-],,,,,,,,,,,,,,,,,,0.0,0.0,0.0,0.0,1.0,0.2903645833333333,right_only,SHAP_only,,CC(C)(O)C(=O)[O-]
CC(C)(O)CC(=O)[O-],,,,,,,,,,,,,,,,,,0.000818,1.0,1.0,0.0,0.0,0.6684027777777778,right_only,SHAP_only,,CC(C)(O)CC(=O)[O-]
CC(C)(S)[C@@H](N)C(=O)O,,,,,,,,,,,,,,,,,,0.0,0.0,0.0,1.0,0.0,0.2903645833333333,right_only,SHAP_only,,CC(C)(S)[C@@H](N)C(=O)O
CC(C)(n)CC(=O)O,,,,,,,,,,,,,,,,,,0.0,0.0,0.0,0.0,1.0,0.2903645833333333,right_only,SHAP_only,,CC(C)(n)CC(=O)O
CC(C)=C(C(=O)O)N(C)C,CN(C)C(C(=O)O)=C(C)C,3.550569213001155,6.861145617667357,1.0137858036127346e-05,4.994053794643314,0.5517241379310345,0.0059479553903345,16.0,8.0,5.0,2.0,Medium_StrongEnriched,True,0.9139311449159327,0.911529223378703,0.9139311449159327,0.9131305044035228,,,,,,,left_only,STATS_only,,CN(C)C(C(=O)O)=C(C)C
CC(C)=CC(C)(C)C,,,,,,,,,,,,,,,,,,0.0,0.0,0.0,0.0,1.0,0.2903645833333333,right_only,SHAP_only,,CC(C)=CC(C)(C)C
CC(C)C(=O)NO,,,,,,,,,,,,,,,,,,0.0,0.0,0.0,1.0,0.0,0.2903645833333333,right_only,SHAP_only,,CC(C)C(=O)NO
CC(C)C(C(C)C)N(C)C,,,,,,,,,,,,,,,,,,0.0,0.0,0.0,0.0,1.0,0.2903645833333333,right_only,SHAP_only,,CC(C)C(C(C)C)N(C)C
CC(C)C(F)(F)F,CC(C)C(F)(F)F,0.0,0.4165977391783843,0.7802674544627747,0.1077565074532979,0.0,0.0,0.0,4.0,2.0,1.0,Neutral_Balanced,False,0.18254603682946358,0.2790232185748599,0.18254603682946358,0.21470509741126234,,,,,,,left_only,STATS_only,,CC(C)C(F)(F)F
CC(C)C(N)=O,,,,,,,,,,,,,,,,,,0.0,0.0,0.0,1.0,0.0,0.2903645833333333,right_only,SHAP_only,,CC(C)C(N)=O
CC(C)CC(=O)O,,,,,,,,,,,,,,,,,,0.008043,1.0,1.0,0.0,0.0,0.8259548611111112,right_only,SHAP_only,,CC(C)CC(=O)O
CC(C)CC(C)N,,,,,,,,,,,,,,,,,,0.014529,1.0,2.0,0.0,0.0,0.8641493055555556,right_only,SHAP_only,,CC(C)CC(C)N
CC(C)CCO,CC(C)CCO,0.0,0.4165977391783843,0.7802674544627747,0.1077565074532979,0.0,0.0,0.0,0.0,6.0,0.0,Negative_InactiveOnly,False,0.18254603682946358,0.2790232185748599,0.18254603682946358,0.21470509741126234,,,,,,,left_only,STATS_only,,CC(C)CCO
CC(C)CN,,,,,,,,,,,,,,,,,,0.0,0.0,0.0,0.0,1.0,0.2903645833333333,right_only,SHAP_only,,CC(C)CN
CC(C)Cn(n)n,,,,,,,,,,,,,,,,,,0.0,0.0,0.0,1.0,0.0,0.2903645833333333,right_only,SHAP_only,,CC(C)Cn(n)n
CC(C)N([C@H](C)S)[C@@H](C)S,C[C@H](C)N([C@H](C)S)[C@@H](C)S,0.0,0.2349488338268142,0.4513455900264954,0.3454907965553292,0.0,0.0,0.0,6.0,5.0,1.0,Neutral_Balanced,False,0.18254603682946358,0.48478783026421135,0.18254603682946358,0.28329330130771285,,,,,,,left_only,STATS_only,,C[C@H](C)N([C@H](C)S)[C@@H](C)S
CC(C)NC(=O)O,,,,,,,,,,,,,,,,,,0.0,0.0,0.0,1.0,0.0,0.2903645833333333,right_only,SHAP_only,,CC(C)NC(=O)O
CC(C)NC(C)C,,,,,,,,,,,,,,,,,,0.0,0.0,0.0,1.0,0.0,0.2903645833333333,right_only,SHAP_only,,CC(C)NC(C)C
CC(C)NC(N)=O,,,,,,,,,,,,,,,,,,0.0005,0.1804,1.0,1.0,0.0,0.6519097222222222,right_only,SHAP_only,,CC(C)NC(N)=O
CC(C)OC(=O)O,,,,,,,,,,,,,,,,,,0.0,0.0,0.0,0.0,1.0,0.2903645833333333,right_only,SHAP_only,,CC(C)OC(=O)O
CC(C)O[C@@H](C)O,,,,,,,,,,,,,,,,,,0.0,0.0,0.0,0.0,3.0,0.2903645833333333,right_only,SHAP_only,,CC(C)O[C@@H](C)O
CC(C)O[Si](C)(C)C,,,,,,,,,,,,,,,,,,0.0,0.0,0.0,0.0,1.0,0.2903645833333333,right_only,SHAP_only,,CC(C)O[Si](C)(C)C
CC(C)[C@@H](C)N,,,,,,,,,,,,,,,,,,0.012227,1.0,2.0,0.0,0.0,0.8563368055555556,right_only,SHAP_only,,CC(C)[C@@H](C)N
CC(C)[C@H](C)N,,,,,,,,,,,,,,,,,,0.003694,1.0,1.0,0.0,0.0,0.763671875,right_only,SHAP_only,,CC(C)[C@H](C)N
CC(C)c,,,,,,,,,,,,,,,,,,0.005893,1.0,2.0,0.0,0.0,0.8033854166666666,right_only,SHAP_only,,CC(C)c
CC(C)c1ccsc1,,,,,,,,,,,,,,,,,,0.0,0.0,0.0,1.0,0.0,0.2903645833333333,right_only,SHAP_only,,CC(C)c1ccsc1
CC(C)c1n[nH]cn1C,,,,,,,,,,,,,,,,,,0.006497,1.0,2.0,0.0,0.0,0.8111979166666666,right_only,SHAP_only,,CC(C)c1n[nH]cn1C
CC(C)c1n[nH]cn1N,,,,,,,,,,,,,,,,,,0.004143,1.0,1.0,0.0,0.0,0.7743055555555556,right_only,SHAP_only,,CC(C)c1n[nH]cn1N
CC(C)c1nnn[nH]1,,,,,,,,,,,,,,,,,,0.000155,0.0379,1.0,0.0,2.0,0.6252170138888888,right_only,SHAP_only,,CC(C)c1nnn[nH]1
CC(C)c1nonc1N,,,,,,,,,,,,,,,,,,0.0,0.0,0.0,0.0,1.0,0.2903645833333333,right_only,SHAP_only,,CC(C)c1nonc1N
CC(C)n1nnnc1S,,,,,,,,,,,,,,,,,,0.0,0.0,0.0,1.0,0.0,0.2903645833333333,right_only,SHAP_only,,CC(C)n1nnnc1S
CC(CN)CN,,,,,,,,,,,,,,,,,,0.0,0.0,0.0,0.0,1.0,0.2903645833333333,right_only,SHAP_only,,CC(CN)CN
CC(CS)C(=O)O,,,,,,,,,,,,,,,,,,4.9e-05,0.0203,1.0,2.0,0.0,0.6043836805555556,right_only,SHAP_only,,CC(CS)C(=O)O
CC(F)(F)F,CC(F)(F)F,0.2681419457735247,0.3439164224742005,0.3587543592621338,0.445202813067742,0.0416666666666666,0.0003717472118959,1.0,8.0,15.0,0.0,Neutral_Balanced,False,0.39591673338670935,0.544435548438751,0.39591673338670935,0.44542300507072324,,,,,,,left_only,STATS_only,,CC(F)(F)F
CC(N)=C(C)CS,,,,,,,,,,,,,,,,,,0.0,0.0,0.0,1.0,0.0,0.2903645833333333,right_only,SHAP_only,,CC(N)=C(C)CS
CC(N)=C(CS)C[Se],,,,,,,,,,,,,,,,,,0.0,0.0,0.0,1.0,0.0,0.2903645833333333,right_only,SHAP_only,,CC(N)=C(CS)C[Se]
CC(N)CC(N)=O,,,,,,,,,,,,,,,,,,0.0,0.0,0.0,1.0,0.0,0.2903645833333333,right_only,SHAP_only,,CC(N)CC(N)=O
CC(N)CCS,,,,,,,,,,,,,,,,,,0.0,0.0,0.0,0.0,4.0,0.2903645833333333,right_only,SHAP_only,,CC(N)CCS
CC(N)S,,,,,,,,,,,,,,,,,,0.0,0.0,0.0,1.0,1.0,0.2903645833333333,right_only,SHAP_only,,CC(N)S
CC(O)C(=O)O,,,,,,,,,,,,,,,,,,0.002545,1.0,1.0,0.0,0.0,0.7269965277777778,right_only,SHAP_only,,CC(O)C(=O)O
CC(O)C(O)C(=O)O,,,,,,,,,,,,,,,,,,0.0,0.0,0.0,1.0,0.0,0.2903645833333333,right_only,SHAP_only,,CC(O)C(O)C(=O)O
CC(O)CO,,,,,,,,,,,,,,,,,,0.0,0.0,0.0,1.0,0.0,0.2903645833333333,right_only,SHAP_only,,CC(O)CO
CC(O)Cn,,,,,,,,,,,,,,,,,,0.0,0.0,0.0,0.0,1.0,0.2903645833333333,right_only,SHAP_only,,CC(O)Cn
CC(O)O,C[C@H](O)O,0.7150451887293992,0.9571680169073618,1.0,-0.0,0.1111111111111111,0.0003717472118959,1.0,2.0,6.0,0.0,Neutral_Balanced,False,0.5232185748598879,0.07606084867894315,0.5232185748598879,0.37416599946623963,,,,,,,left_only,STATS_only,,C[C@H](O)O
CC(O)P,,,,,,,,,,,,,,,,,,0.0,0.0,0.0,0.0,1.0,0.2903645833333333,right_only,SHAP_only,,CC(O)P
CC(S)C(=O)N(c)C,cN(C)C(=O)C(C)S,2.7580314422419683,4.246423318625484,0.2283820215674583,0.6413380871221691,0.4285714285714285,0.0011152416356877,3.0,4.0,0.0,1.0,Second_StrongWeak_NoInactive,False,0.8722978382706165,0.6329063250600481,0.8722978382706165,0.792500667200427,,,,,,,left_only,STATS_only,,cN(C)C(=O)C(C)S
CC(S)C(=O)O,,,,,,,,,,,,,,,,,,0.0,0.0,0.0,2.0,0.0,0.2903645833333333,right_only,SHAP_only,,CC(S)C(=O)O
CC(S)C(F)(F)F,CC(S)C(F)(F)F,0.0,0.3182936256940052,0.7802674544627747,0.1077565074532979,0.0,0.0,0.0,1.0,7.0,0.0,Neutral_Balanced,False,0.18254603682946358,0.2790232185748599,0.18254603682946358,0.21470509741126234,,,,,,,left_only,STATS_only,,CC(S)C(F)(F)F
CC(S)C(S)C(=O)O,,,,,,,,,,,,,,,,,,0.0,0.0,0.0,1.0,0.0,0.2903645833333333,right_only,SHAP_only,,CC(S)C(S)C(=O)O
CC(S)CC(=O)O,,,,,,,,,,,,,,,,,,0.0,0.0,0.0,1.0,0.0,0.2903645833333333,right_only,SHAP_only,,CC(S)CC(=O)O
CC(S)CCN,CC(S)CCN,2.4132775119617222,3.472814790504321,0.2956297726768292,0.5292518305676541,0.375,0.0011152416356877,3.0,5.0,0.0,1.0,Second_StrongWeak_NoInactive,False,0.8326661329063251,0.6044835868694955,0.8326661329063251,0.7566052842273819,,,,,,,left_only,STATS_only,,CC(S)CCN
CC(S)CO,,,,,,,,,,,,,,,,,,0.001117,0.2841,1.0,1.0,0.0,0.6801215277777778,right_only,SHAP_only,,CC(S)CO
CC(S)CS,,,,,,,,,,,,,,,,,,0.003334,0.8207,1.0,1.0,0.0,0.7513020833333334,right_only,SHAP_only,,CC(S)CS
CC(S)CS(=O)(=O)O,,,,,,,,,,,,,,,,,,0.000616,1.0,1.0,0.0,0.0,0.6592881944444444,right_only,SHAP_only,,CC(S)CS(=O)(=O)O
CC(c)C(=O)O,,,,,,,,,,,,,,,,,,0.000426,0.0962,1.0,1.0,0.0,0.6462673611111112,right_only,SHAP_only,,CC(c)C(=O)O
CC(c)N,C[C@@H](c)N,0.0,0.3182936256940052,0.7802674544627747,0.1077565074532979,0.0,0.0,0.0,3.0,5.0,0.0,Neutral_Balanced,False,0.18254603682946358,0.2790232185748599,0.18254603682946358,0.21470509741126234,,,,,,,left_only,STATS_only,,C[C@@H](c)N
CC(c)NS(c)(=O)=O,,,,,,,,,,,,,,,,,,0.0,0.0,0.0,0.0,1.0,0.2903645833333333,right_only,SHAP_only,,CC(c)NS(c)(=O)=O
CC(c)O,,,,,,,,,,,,,,,,,,0.0,0.0,0.0,0.0,1.0,0.2903645833333333,right_only,SHAP_only,,CC(c)O
CC(c)n1-c=n-n=n-1,,,,,,,,,,,,,,,,,,0.0,0.0,0.0,0.0,1.0,0.2903645833333333,right_only,SHAP_only,,CC(c)n1-c=n-n=n-1
CC1(C)CCCC1C(N)=O,,,,,,,,,,,,,,,,,,0.0,0.0,0.0,0.0,1.0,0.2903645833333333,right_only,SHAP_only,,CC1(C)CCCC1C(N)=O
CC1(C)CC[C@@](C)(O)C1,,,,,,,,,,,,,,,,,,0.005051,1.0,1.0,0.0,0.0,0.7916666666666666,right_only,SHAP_only,,CC1(C)CC[C@@](C)(O)C1
CC1(C)NCCS1,,,,,,,,,,,,,,,,,,0.0,0.0,0.0,0.0,1.0,0.2903645833333333,right_only,SHAP_only,,CC1(C)NCCS1
CC1(N)CC1,,,,,,,,,,,,,,,,,,0.006187,0.4817,2.0,0.0,2.0,0.8072916666666666,right_only,SHAP_only,,CC1(N)CC1
CC1=C(C(c)C)c(O)=n-[nH]1,,,,,,,,,,,,,,,,,,0.005068,1.0,1.0,0.0,0.0,0.7921006944444444,right_only,SHAP_only,,CC1=C(C(c)C)c(O)=n-[nH]1
CC1=C(C)N(c)C=C1,,,,,,,,,,,,,,,,,,0.0,0.0,0.0,1.0,0.0,0.2903645833333333,right_only,SHAP_only,,CC1=C(C)N(c)C=C1
CC1=C(O)N(c)n=c1,,,,,,,,,,,,,,,,,,0.0,0.0,0.0,1.0,0.0,0.2903645833333333,right_only,SHAP_only,,CC1=C(O)N(c)n=c1
CC1=C(c(n)n)SN=N1,,,,,,,,,,,,,,,,,,0.005904,1.0,2.0,0.0,0.0,0.8038194444444444,right_only,SHAP_only,,CC1=C(c(n)n)SN=N1
CC1=CC=C(c)[nH]1,,,,,,,,,,,,,,,,,,2.035434,1.0,19.0,0.0,0.0,0.9934895833333334,right_only,SHAP_only,,CC1=CC=C(c)[nH]1
CC1=CC=C(c)o1,,,,,,,,,,,,,,,,,,0.005661,1.0,2.0,0.0,0.0,0.80078125,right_only,SHAP_only,,CC1=CC=C(c)o1
CC1=CC=C(c)s1,,,,,,,,,,,,,,,,,,0.0,0.0,0.0,1.0,1.0,0.2903645833333333,right_only,SHAP_only,,CC1=CC=C(c)s1
CC1=CC=C(n)s1,,,,,,,,,,,,,,,,,,0.0,0.0,0.0,0.0,1.0,0.2903645833333333,right_only,SHAP_only,,CC1=CC=C(n)s1
CC1=CC=NN1c(n)n,,,,,,,,,,,,,,,,,,0.0,0.0,0.0,1.0,0.0,0.2903645833333333,right_only,SHAP_only,,CC1=CC=NN1c(n)n
CC1=CN(c)N=C1,,,,,,,,,,,,,,,,,,0.0,0.0,0.0,4.0,0.0,0.2903645833333333,right_only,SHAP_only,,CC1=CN(c)N=C1
CC1=CN(c)n=n1,,,,,,,,,,,,,,,,,,0.000594,0.1028,4.0,1.0,0.0,0.6569010416666666,right_only,SHAP_only,,CC1=CN(c)n=n1
CC1=NC=CN1C(C)c,,,,,,,,,,,,,,,,,,0.002825,1.0,1.0,0.0,0.0,0.7352430555555556,right_only,SHAP_only,,CC1=NC=CN1C(C)c
CC1=NN(c)C=C1,,,,,,,,,,,,,,,,,,0.0,0.0,0.0,0.0,1.0,0.2903645833333333,right_only,SHAP_only,,CC1=NN(c)C=C1
CC1C=CC(=O)O1,,,,,,,,,,,,,,,,,,0.0,0.0,0.0,7.0,0.0,0.2903645833333333,right_only,SHAP_only,,CC1C=CC(=O)O1
CC1CCCN1,,,,,,,,,,,,,,,,,,0.0,0.0,0.0,1.0,0.0,0.2903645833333333,right_only,SHAP_only,,CC1CCCN1
CC1CCCN1C,,,,,,,,,,,,,,,,,,0.0,0.0,0.0,0.0,1.0,0.2903645833333333,right_only,SHAP_only,,CC1CCCN1C
CC1CCCO1,,,,,,,,,,,,,,,,,,0.005662,1.0,1.0,0.0,0.0,0.8012152777777778,right_only,SHAP_only,,CC1CCCO1
CC1CC[C@H](C)C1C(=O)O,,,,,,,,,,,,,,,,,,0.003303,1.0,1.0,0.0,0.0,0.7504340277777778,right_only,SHAP_only,,CC1CC[C@H](C)C1C(=O)O
CC1CN(C)C1,,,,,,,,,,,,,,,,,,0.0,0.0,0.0,1.0,0.0,0.2903645833333333,right_only,SHAP_only,,CC1CN(C)C1
CC1CSCN1,,,,,,,,,,,,,,,,,,0.0,0.0,0.0,1.0,0.0,0.2903645833333333,right_only,SHAP_only,,CC1CSCN1
CC1NCCS1,,,,,,,,,,,,,,,,,,0.0,0.0,0.0,1.0,0.0,0.2903645833333333,right_only,SHAP_only,,CC1NCCS1
CC=C(CC)C(C)C,,,,,,,,,,,,,,,,,,0.0,0.0,0.0,1.0,0.0,0.2903645833333333,right_only,SHAP_only,,CC=C(CC)C(C)C
CC=C(O)C(C)=O,,,,,,,,,,,,,,,,,,0.0,0.0,0.0,2.0,0.0,0.2903645833333333,right_only,SHAP_only,,CC=C(O)C(C)=O
CC=CC(C)(C)C,,,,,,,,,,,,,,,,,,0.000861,0.1417,1.0,1.0,0.0,0.6707899305555556,right_only,SHAP_only,,CC=CC(C)(C)C
CC=CC(C)=O,,,,,,,,,,,,,,,,,,0.0,0.0,0.0,1.0,0.0,0.2903645833333333,right_only,SHAP_only,,CC=CC(C)=O
CC=N,,,,,,,,,,,,,,,,,,0.0,0.0,0.0,0.0,2.0,0.2903645833333333,right_only,SHAP_only,,CC=N
CC=O,,,,,,,,,,,,,,,,,,0.0,0.0,0.0,1.0,0.0,0.2903645833333333,right_only,SHAP_only,,CC=O
CCBr,,,,,,,,,,,,,,,,,,0.0,0.0,0.0,0.0,1.0,0.2903645833333333,right_only,SHAP_only,,CCBr
CCC(=C(C)C)C(C)(C)C,,,,,,,,,,,,,,,,,,0.002711,1.0,1.0,0.0,0.0,0.7313368055555556,right_only,SHAP_only,,CCC(=C(C)C)C(C)(C)C
CCC(=O)CC,CCC(=O)CC,0.0,0.3182936256940052,0.7802674544627747,0.1077565074532979,0.0,0.0,0.0,5.0,3.0,1.0,Neutral_Balanced,False,0.18254603682946358,0.2790232185748599,0.18254603682946358,0.21470509741126234,,,,,,,left_only,STATS_only,,CCC(=O)CC
CCC(=O)N(c)C,,,,,,,,,,,,,,,,,,0.003165,1.0,1.0,0.0,0.0,0.7443576388888888,right_only,SHAP_only,,CCC(=O)N(c)C
CCC(=O)NN,,,,,,,,,,,,,,,,,,0.0,0.0,0.0,0.0,1.0,0.2903645833333333,right_only,SHAP_only,,CCC(=O)NN
CCC(=O)ON,,,,,,,,,,,,,,,,,,0.0,0.0,0.0,1.0,0.0,0.2903645833333333,right_only,SHAP_only,,CCC(=O)ON
CCC(=O)SC,,,,,,,,,,,,,,,,,,0.0,0.0,0.0,0.0,1.0,0.2903645833333333,right_only,SHAP_only,,CCC(=O)SC
CCC(=O)[O-],,,,,,,,,,,,,,,,,,0.0,0.0,0.0,1.0,0.0,0.2903645833333333,right_only,SHAP_only,,CCC(=O)[O-]
CCC(C(=O)O)=C(C)C,,,,,,,,,,,,,,,,,,0.0,0.0,0.0,1.0,0.0,0.2903645833333333,right_only,SHAP_only,,CCC(C(=O)O)=C(C)C
CCC(C(N)=O)N(C)S,,,,,,,,,,,,,,,,,,0.0,0.0,0.0,0.0,1.0,0.2903645833333333,right_only,SHAP_only,,CCC(C(N)=O)N(C)S
CCC(C)(C)Sc,,,,,,,,,,,,,,,,,,0.0,0.0,0.0,1.0,0.0,0.2903645833333333,right_only,SHAP_only,,CCC(C)(C)Sc
CCC(C)=N,,,,,,,,,,,,,,,,,,0.0,0.0,0.0,0.0,4.0,0.2903645833333333,right_only,SHAP_only,,CCC(C)=N
CCC(C)C,,,,,,,,,,,,,,,,,,0.006588,1.0,2.0,0.0,0.0,0.8116319444444444,right_only,SHAP_only,,CCC(C)C
CCC(C)CC,,,,,,,,,,,,,,,,,,0.005521,1.0,1.0,0.0,0.0,0.7977430555555556,right_only,SHAP_only,,CCC(C)CC
CCC(C)n,,,,,,,,,,,,,,,,,,0.0,0.0,0.0,1.0,0.0,0.2903645833333333,right_only,SHAP_only,,CCC(C)n
CCC(CC)(CC)NC,,,,,,,,,,,,,,,,,,0.0,0.0,0.0,2.0,0.0,0.2903645833333333,right_only,SHAP_only,,CCC(CC)(CC)NC
CCC(CC)(CC)NS,,,,,,,,,,,,,,,,,,0.0,0.0,0.0,0.0,2.0,0.2903645833333333,right_only,SHAP_only,,CCC(CC)(CC)NS
CCC(CC)N(C)C,,,,,,,,,,,,,,,,,,0.0,0.0,0.0,0.0,1.0,0.2903645833333333,right_only,SHAP_only,,CCC(CC)N(C)C
CCC(CC)NS,,,,,,,,,,,,,,,,,,0.0,0.0,0.0,1.0,0.0,0.2903645833333333,right_only,SHAP_only,,CCC(CC)NS
CCC(CC)SC,,,,,,,,,,,,,,,,,,0.0,0.0,0.0,1.0,0.0,0.2903645833333333,right_only,SHAP_only,,CCC(CC)SC
CCC(CC)c(n)n,,,,,,,,,,,,,,,,,,0.0,0.0,0.0,2.0,0.0,0.2903645833333333,right_only,SHAP_only,,CCC(CC)c(n)n
CCC(CS)C(=O)O,,,,,,,,,,,,,,,,,,0.0,0.0,0.0,1.0,0.0,0.2903645833333333,right_only,SHAP_only,,CCC(CS)C(=O)O
CCC(CS)c(n)[nH],,,,,,,,,,,,,,,,,,0.0,0.0,0.0,0.0,1.0,0.2903645833333333,right_only,SHAP_only,,CCC(CS)c(n)[nH]
CCC(F)(F)F,,,,,,,,,,,,,,,,,,0.004418,1.0,1.0,0.0,0.0,0.7782118055555556,right_only,SHAP_only,,CCC(F)(F)F
CCC(S)C(=O)O,,,,,,,,,,,,,,,,,,0.0,0.0,0.0,1.0,0.0,0.2903645833333333,right_only,SHAP_only,,CCC(S)C(=O)O
CCC(SC)C(=O)O,,,,,,,,,,,,,,,,,,0.0,0.0,0.0,1.0,0.0,0.2903645833333333,right_only,SHAP_only,,CCC(SC)C(=O)O
CCC(SC)C(N)=O,CCC(SC)C(N)=O,2.4132775119617222,3.472814790504321,0.2956297726768292,0.5292518305676541,0.375,0.0011152416356877,3.0,5.0,0.0,1.0,Second_StrongWeak_NoInactive,False,0.8326661329063251,0.6044835868694955,0.8326661329063251,0.7566052842273819,,,,,,,left_only,STATS_only,,CCC(SC)C(N)=O
CCC(c)n,,,,,,,,,,,,,,,,,,0.0,0.0,0.0,0.0,1.0,0.2903645833333333,right_only,SHAP_only,,CCC(c)n
CCC1=CNC=C1c,,,,,,,,,,,,,,,,,,0.019577,1.0,7.0,0.0,0.0,0.8736979166666666,right_only,SHAP_only,,CCC1=CNC=C1c
CCC1CCCC1,,,,,,,,,,,,,,,,,,0.0,0.0,0.0,0.0,1.0,0.2903645833333333,right_only,SHAP_only,,CCC1CCCC1
CCC=C(C)C,,,,,,,,,,,,,,,,,,0.000112,0.0474,1.0,1.0,0.0,0.6163194444444444,right_only,SHAP_only,,CCC=C(C)C
CCC=O,,,,,,,,,,,,,,,,,,0.0,0.0,0.0,1.0,0.0,0.2903645833333333,right_only,SHAP_only,,CCC=O
CCCC(=N)N,,,,,,,,,,,,,,,,,,0.0,0.0,0.0,1.0,0.0,0.2903645833333333,right_only,SHAP_only,,CCCC(=N)N
CCCC(C)(C)C,,,,,,,,,,,,,,,,,,0.000782,0.313,1.0,0.0,1.0,0.6671006944444444,right_only,SHAP_only,,CCCC(C)(C)C
CCCC(C)(C)O,,,,,,,,,,,,,,,,,,0.0,0.0,0.0,1.0,0.0,0.2903645833333333,right_only,SHAP_only,,CCCC(C)(C)O
CCCC(C)=O,CCCC(C)=O,0.7150451887293992,0.9571680169073618,1.0,-0.0,0.1111111111111111,0.0003717472118959,1.0,5.0,3.0,1.0,Neutral_Balanced,False,0.5232185748598879,0.07606084867894315,0.5232185748598879,0.37416599946623963,,,,,,,left_only,STATS_only,,CCCC(C)=O
CCCC(C)P,CCCC(C)P,0.0,0.3608920748705695,0.7802674544627747,0.1077565074532979,0.0,0.0,0.0,5.0,2.0,1.0,Neutral_Balanced,False,0.18254603682946358,0.2790232185748599,0.18254603682946358,0.21470509741126234,,,,,,,left_only,STATS_only,,CCCC(C)P
CCCN(C)c,CN(c)CCC,3.2177033492822966,5.462093862815885,0.1666910694955296,0.7780876669548686,0.5,0.0011152416356877,3.0,3.0,0.0,1.0,Second_StrongWeak_NoInactive,False,0.8967173738991193,0.678142514011209,0.8967173738991193,0.8238590872698159,,,,,,,left_only,STATS_only,,CN(c)CCC
CCCNc,,,,,,,,,,,,,,,,,,0.0,0.0,0.0,0.0,1.0,0.2903645833333333,right_only,SHAP_only,,CCCNc
CCCO,,,,,,,,,,,,,,,,,,0.0,0.0,0.0,0.0,1.0,0.2903645833333333,right_only,SHAP_only,,CCCO
CCCS(=O)(=O)O,,,,,,,,,,,,,,,,,,0.0,0.0,0.0,1.0,1.0,0.2903645833333333,right_only,SHAP_only,,CCCS(=O)(=O)O
CCCS(N)(=O)=O,,,,,,,,,,,,,,,,,,0.084165,1.0,1.0,0.0,0.0,0.9131944444444444,right_only,SHAP_only,,CCCS(N)(=O)=O
CCCSc,,,,,,,,,,,,,,,,,,0.002702,1.0,1.0,0.0,0.0,0.7309027777777778,right_only,SHAP_only,,CCCSc
CCCn,,,,,,,,,,,,,,,,,,0.058405,0.6788,3.0,3.0,0.0,0.90625,right_only,SHAP_only,,CCCn
CCCn(n)n,,,,,,,,,,,,,,,,,,0.100711,0.9929,2.0,1.0,0.0,0.9223090277777778,right_only,SHAP_only,,CCCn(n)n
CCN(C(C)=O)C(=O)S,CCN(C(C)=O)C(=O)S,0.0,0.1860915420425987,0.3510214393177255,0.4546663573431926,0.0,0.0,0.0,2.0,12.0,0.0,Neutral_Balanced,False,0.18254603682946358,0.578462770216173,0.18254603682946358,0.31451828129170006,,,,,,,left_only,STATS_only,,CCN(C(C)=O)C(=O)S
CCN(C(C)C)S(c)(=O)=O,,,,,,,,,,,,,,,,,,0.0,0.0,0.0,1.0,0.0,0.2903645833333333,right_only,SHAP_only,,CCN(C(C)C)S(c)(=O)=O
CCN(C(c)=O)C(c)=O,,,,,,,,,,,,,,,,,,0.078766,1.0,1.0,0.0,0.0,0.9127604166666666,right_only,SHAP_only,,CCN(C(c)=O)C(c)=O
CCN(C)C(c)=O,,,,,,,,,,,,,,,,,,0.0,0.0,0.0,1.0,0.0,0.2903645833333333,right_only,SHAP_only,,CCN(C)C(c)=O
CCN(CC)C(N)=S,,,,,,,,,,,,,,,,,,0.0,0.0,0.0,1.0,0.0,0.2903645833333333,right_only,SHAP_only,,CCN(CC)C(N)=S
CCN(CC)Cc,CCN(CC)Cc,0.0,0.2160573476702509,0.4513455900264954,0.3454907965553292,0.0,0.0,0.0,4.0,8.0,0.0,Neutral_Balanced,False,0.18254603682946358,0.48478783026421135,0.18254603682946358,0.28329330130771285,,,,,,,left_only,STATS_only,,CCN(CC)Cc
CCN(CC)NC,,,,,,,,,,,,,,,,,,0.0,0.0,0.0,1.0,0.0,0.2903645833333333,right_only,SHAP_only,,CCN(CC)NC
CCN(CC)S(C)(=O)=O,,,,,,,,,,,,,,,,,,0.003181,1.0,1.0,0.0,0.0,0.7452256944444444,right_only,SHAP_only,,CCN(CC)S(C)(=O)=O
CCN(Cc)CC,,,,,,,,,,,,,,,,,,0.0,0.0,0.0,2.0,0.0,0.2903645833333333,right_only,SHAP_only,,CCN(Cc)CC
CCN(Cc)Cc,,,,,,,,,,,,,,,,,,0.0,0.0,0.0,0.0,1.0,0.2903645833333333,right_only,SHAP_only,,CCN(Cc)Cc
CCN(c)C,,,,,,,,,,,,,,,,,,0.0,0.0,0.0,1.0,0.0,0.2903645833333333,right_only,SHAP_only,,CCN(c)C
CCN1C(=O)C=CC1=O,,,,,,,,,,,,,,,,,,0.0,0.0,0.0,0.0,1.0,0.2903645833333333,right_only,SHAP_only,,CCN1C(=O)C=CC1=O
CCN1C(=S)NN=C1c,,,,,,,,,,,,,,,,,,0.0,0.0,0.0,0.0,25.0,0.2903645833333333,right_only,SHAP_only,,CCN1C(=S)NN=C1c
CCN1C(c)=c-n=c1S,,,,,,,,,,,,,,,,,,0.0,0.0,0.0,0.0,1.0,0.2903645833333333,right_only,SHAP_only,,CCN1C(c)=c-n=c1S
CCN1C=CC=C1c,,,,,,,,,,,,,,,,,,0.00458,1.0,1.0,0.0,0.0,0.7838541666666666,right_only,SHAP_only,,CCN1C=CC=C1c
CCN1CC1,,,,,,,,,,,,,,,,,,0.00394,1.0,1.0,0.0,0.0,0.7708333333333334,right_only,SHAP_only,,CCN1CC1
CCN1CCCC1,,,,,,,,,,,,,,,,,,0.003378,1.0,1.0,0.0,0.0,0.7526041666666666,right_only,SHAP_only,,CCN1CCCC1
CCN1CCCC1=O,,,,,,,,,,,,,,,,,,0.0,0.0,0.0,0.0,1.0,0.2903645833333333,right_only,SHAP_only,,CCN1CCCC1=O
CCN1CCC[C@@H]1C,,,,,,,,,,,,,,,,,,0.013974,1.0,1.0,0.0,0.0,0.8637152777777778,right_only,SHAP_only,,CCN1CCC[C@@H]1C
CCN1CCC[C@H]1C,,,,,,,,,,,,,,,,,,0.013876,1.0,1.0,0.0,0.0,0.86328125,right_only,SHAP_only,,CCN1CCC[C@H]1C
CCNC,,,,,,,,,,,,,,,,,,9.4e-05,0.0296,1.0,0.0,2.0,0.6130642361111112,right_only,SHAP_only,,CCNC
CCNC(=O)O,CCNC(=O)O,0.0,0.4925600086890409,1.0,-0.0,0.0,0.0,0.0,3.0,2.0,1.0,Neutral_Balanced,False,0.18254603682946358,0.07606084867894315,0.18254603682946358,0.14705097411262344,,,,,,,left_only,STATS_only,,CCNC(=O)O
CCNS(c)(=O)=O,cS(=O)(=O)NCC,2.574162679425837,3.892128279883382,0.3802649752069439,0.4199136739963857,0.4,0.0007434944237918,2.0,0.0,3.0,0.0,Medium_StrongEnriched,False,0.8518815052041633,0.5320256204963971,0.8518815052041633,0.7452628769682411,,,,,,,left_only,STATS_only,,cS(=O)(=O)NCC
CCOC(C)C,,,,,,,,,,,,,,,,,,0.119253,1.0,1.0,0.0,0.0,0.93359375,right_only,SHAP_only,,CCOC(C)C
CCOC(N)=O,,,,,,,,,,,,,,,,,,0.006023,1.0,1.0,0.0,0.0,0.8064236111111112,right_only,SHAP_only,,CCOC(N)=O
CCOC(c)=O,,,,,,,,,,,,,,,,,,0.00047,0.0631,1.0,2.0,0.0,0.6497395833333334,right_only,SHAP_only,,CCOC(c)=O
CCON(C)C,,,,,,,,,,,,,,,,,,0.003957,1.0,1.0,0.0,0.0,0.7712673611111112,right_only,SHAP_only,,CCON(C)C
CCOP(C)(N)=O,,,,,,,,,,,,,,,,,,0.0,0.0,0.0,2.0,0.0,0.2903645833333333,right_only,SHAP_only,,CCOP(C)(N)=O
CCO[C@@H](C)O,,,,,,,,,,,,,,,,,,0.000345,0.4241,1.0,1.0,0.0,0.6414930555555556,right_only,SHAP_only,,CCO[C@@H](C)O
CCP(=O)(NC)OC,,,,,,,,,,,,,,,,,,0.0,0.0,0.0,0.0,1.0,0.2903645833333333,right_only,SHAP_only,,CCP(=O)(NC)OC
CCP(=O)(O)O,,,,,,,,,,,,,,,,,,0.0,0.0,0.0,2.0,0.0,0.2903645833333333,right_only,SHAP_only,,CCP(=O)(O)O
CCS(=O)(=O)NC,,,,,,,,,,,,,,,,,,0.0,0.0,0.0,1.0,0.0,0.2903645833333333,right_only,SHAP_only,,CCS(=O)(=O)NC
CCS(=O)(=O)Nc,,,,,,,,,,,,,,,,,,0.0,0.0,0.0,1.0,0.0,0.2903645833333333,right_only,SHAP_only,,CCS(=O)(=O)Nc
CCS(=O)(=O)Oc,,,,,,,,,,,,,,,,,,0.0,0.0,0.0,1.0,0.0,0.2903645833333333,right_only,SHAP_only,,CCS(=O)(=O)Oc
CCS(=O)(=O)[C@H](C)N,,,,,,,,,,,,,,,,,,0.0,0.0,0.0,1.0,0.0,0.2903645833333333,right_only,SHAP_only,,CCS(=O)(=O)[C@H](C)N
CCS(=O)(=O)c(n)n,,,,,,,,,,,,,,,,,,0.0,0.0,0.0,0.0,1.0,0.2903645833333333,right_only,SHAP_only,,CCS(=O)(=O)c(n)n
CCS(=O)[C@H](C)N,,,,,,,,,,,,,,,,,,0.070158,1.0,2.0,0.0,0.0,0.9105902777777778,right_only,SHAP_only,,CCS(=O)[C@H](C)N
CCS(C)(=O)=O,,,,,,,,,,,,,,,,,,0.001662,1.0,1.0,0.0,0.0,0.6966145833333334,right_only,SHAP_only,,CCS(C)(=O)=O
CCS(N)(=O)=O,,,,,,,,,,,,,,,,,,0.0,0.0,0.0,0.0,1.0,0.2903645833333333,right_only,SHAP_only,,CCS(N)(=O)=O
CCSC(=N)N,,,,,,,,,,,,,,,,,,0.0,0.0,0.0,0.0,1.0,0.2903645833333333,right_only,SHAP_only,,CCSC(=N)N
CCSC(C)C,CC(C)SCC,2.925184862983906,4.637987163984746,0.0714818714537862,1.1458040858332508,0.4545454545454545,0.0018587360594795,5.0,6.0,0.0,1.0,Second_StrongWeak_NoInactive,False,0.8807045636509208,0.732986389111289,0.8807045636509208,0.8314651721377101,,,,,,,left_only,STATS_only,,CC(C)SCC
CCSCc,,,,,,,,,,,,,,,,,,0.000156,0.0609,1.0,1.0,0.0,0.6258680555555556,right_only,SHAP_only,,CCSCc
CCS[C@@H](C)N,C[C@@H](N)SCC,0.0,0.2160573476702509,0.4513455900264954,0.3454907965553292,0.0,0.0,0.0,6.0,6.0,0.0,Neutral_Balanced,False,0.18254603682946358,0.48478783026421135,0.18254603682946358,0.28329330130771285,,,,,,,left_only,STATS_only,,C[C@@H](N)SCC
CC[C@@H](C)NC,,,,,,,,,,,,,,,,,,0.0,0.0,0.0,0.0,1.0,0.2903645833333333,right_only,SHAP_only,,CC[C@@H](C)NC
CC[C@@H](NC)C(=O)O,,,,,,,,,,,,,,,,,,0.011106,1.0,1.0,0.0,0.0,0.8489583333333334,right_only,SHAP_only,,CC[C@@H](NC)C(=O)O
CC[C@@H](NC)[C@@H](N)P,CC[C@@H](NC)[C@@H](N)P,0.0,0.2160573476702509,0.4513455900264954,0.3454907965553292,0.0,0.0,0.0,0.0,12.0,0.0,Negative_InactiveOnly,False,0.18254603682946358,0.48478783026421135,0.18254603682946358,0.28329330130771285,,,,,,,left_only,STATS_only,,CC[C@@H](NC)[C@@H](N)P
CC[C@@H]([C@H](C)O)N(C)C,,,,,,,,,,,,,,,,,,0.0,0.0,0.0,0.0,1.0,0.2903645833333333,right_only,SHAP_only,,CC[C@@H]([C@H](C)O)N(C)C
CC[C@H](C(=O)O)C(C)C,,,,,,,,,,,,,,,,,,0.008667,1.0,1.0,0.0,0.0,0.8302951388888888,right_only,SHAP_only,,CC[C@H](C(=O)O)C(C)C
CC[C@H](C(C)C)N(C)C,,,,,,,,,,,,,,,,,,0.00302,1.0,1.0,0.0,0.0,0.7417534722222222,right_only,SHAP_only,,CC[C@H](C(C)C)N(C)C
CC[C@H](C)Cn,,,,,,,,,,,,,,,,,,0.000249,0.0799,1.0,1.0,0.0,0.6332465277777778,right_only,SHAP_only,,CC[C@H](C)Cn
CC[C@H](CN)NC,,,,,,,,,,,,,,,,,,0.00669,1.0,1.0,0.0,0.0,0.8138020833333334,right_only,SHAP_only,,CC[C@H](CN)NC
CC[C@H](NC)B(O)O,,,,,,,,,,,,,,,,,,0.003445,1.0,1.0,0.0,0.0,0.75390625,right_only,SHAP_only,,CC[C@H](NC)B(O)O
CC[C@H](NC)C(N)=O,CN[C@@H](CC)C(N)=O,2.574162679425837,3.892128279883382,0.3802649752069439,0.4199136739963857,0.4,0.0007434944237918,2.0,2.0,1.0,1.0,Medium_StrongEnriched,False,0.8518815052041633,0.5320256204963971,0.8518815052041633,0.7452628769682411,,,,,,,left_only,STATS_only,,CN[C@@H](CC)C(N)=O
CC[C@H](NC)[C@@H](N)P,CC[C@H](NC)[C@@H](N)P,0.0,0.2160573476702509,0.4513455900264954,0.3454907965553292,0.0,0.0,0.0,1.0,11.0,0.0,VeryNegative_InactiveEnriched,False,0.18254603682946358,0.48478783026421135,0.18254603682946358,0.28329330130771285,,,,,,,left_only,STATS_only,,CC[C@H](NC)[C@@H](N)P
CC[C@H]1SCCN1C,,,,,,,,,,,,,,,,,,0.0,0.0,0.0,2.0,0.0,0.2903645833333333,right_only,SHAP_only,,CC[C@H]1SCCN1C
CC[C@](C)(C(=O)O)C(C)(C)C,,,,,,,,,,,,,,,,,,0.004078,1.0,1.0,0.0,0.0,0.7730034722222222,right_only,SHAP_only,,CC[C@](C)(C(=O)O)C(C)(C)C
CC[C@](C)(C(C)=O)[C@@H](C)O,,,,,,,,,,,,,,,,,,0.0,0.0,0.0,1.0,0.0,0.2903645833333333,right_only,SHAP_only,,CC[C@](C)(C(C)=O)[C@@H](C)O
CC[N+](C)(C)C,,,,,,,,,,,,,,,,,,0.0,0.0,0.0,0.0,1.0,0.2903645833333333,right_only,SHAP_only,,CC[N+](C)(C)C
CC[S@@](=O)[C@H](C)N,,,,,,,,,,,,,,,,,,0.11354,1.0,1.0,0.0,0.0,0.9292534722222222,right_only,SHAP_only,,CC[S@@](=O)[C@H](C)N
CCc(cn)nn,CCc(cn)nn,0.0,0.3182936256940052,0.7802674544627747,0.1077565074532979,0.0,0.0,0.0,0.0,8.0,0.0,Negative_InactiveOnly,False,0.18254603682946358,0.2790232185748599,0.18254603682946358,0.21470509741126234,,,,,,,left_only,STATS_only,,CCc(cn)nn
CCc1[nH]c[nH]n1,,,,,,,,,,,,,,,,,,0.0,0.0,0.0,3.0,0.0,0.2903645833333333,right_only,SHAP_only,,CCc1[nH]c[nH]n1
CCc1c[nH]cn1,,,,,,,,,,,,,,,,,,0.012441,1.0,2.0,0.0,0.0,0.8580729166666666,right_only,SHAP_only,,CCc1c[nH]cn1
CCc1cccs1,,,,,,,,,,,,,,,,,,0.013704,0.2616,7.0,4.0,0.0,0.8619791666666666,right_only,SHAP_only,,CCc1cccs1
CCc1cnnn1,,,,,,,,,,,,,,,,,,0.0,0.0,0.0,8.0,0.0,0.2903645833333333,right_only,SHAP_only,,CCc1cnnn1
CCc1cscc1C,,,,,,,,,,,,,,,,,,0.009528,1.0,2.0,0.0,0.0,0.83984375,right_only,SHAP_only,,CCc1cscc1C
CCc1n[nH]cn1N,,,,,,,,,,,,,,,,,,4.8e-05,0.0099,1.0,8.0,2.0,0.6037326388888888,right_only,SHAP_only,,CCc1n[nH]cn1N
CCc1nccs1,,,,,,,,,,,,,,,,,,0.0,0.0,0.0,0.0,1.0,0.2903645833333333,right_only,SHAP_only,,CCc1nccs1
CCc1ncno1,,,,,,,,,,,,,,,,,,0.1119,1.0,1.0,0.0,0.0,0.9288194444444444,right_only,SHAP_only,,CCc1ncno1
CCc1nnc[nH]1,,,,,,,,,,,,,,,,,,0.0,0.0,0.0,1.0,0.0,0.2903645833333333,right_only,SHAP_only,,CCc1nnc[nH]1
CCc1nncn1C,,,,,,,,,,,,,,,,,,0.007727,1.0,1.0,0.0,0.0,0.8224826388888888,right_only,SHAP_only,,CCc1nncn1C
CCc1nncs1,,,,,,,,,,,,,,,,,,0.0,0.0,0.0,0.0,2.0,0.2903645833333333,right_only,SHAP_only,,CCc1nncs1
CCc1occc1S,,,,,,,,,,,,,,,,,,0.0,0.0,0.0,0.0,1.0,0.2903645833333333,right_only,SHAP_only,,CCc1occc1S
CCc1scnc1C,,,,,,,,,,,,,,,,,,0.542027,0.629,11.0,8.0,0.0,0.9752604166666666,right_only,SHAP_only,,CCc1scnc1C
CCn(c(-c)n)c([nH])=S,c-c(n)n(CC)c([nH])=S,0.4151875289396511,0.3697966779094725,0.0009883484383296,3.005089919616597,0.064516129032258,0.0044609665427509,12.0,14.0,160.0,0.0,Neutral_Balanced,True,0.4311449159327462,0.8450760608486789,0.4311449159327462,0.569121964238057,,,,,,,left_only,STATS_only,,c-c(n)n(CC)c([nH])=S
CCn(c(C)n)c([nH])=S,CCn(c(C)n)c([nH])=S,1.016116847141778,1.1519892061408308,1.0,-0.0,0.1578947368421052,0.0011152416356877,3.0,0.0,16.0,0.0,Neutral_Balanced,False,0.6253002401921537,0.07606084867894315,0.6253002401921537,0.4422204430210835,,,,,,,left_only,STATS_only,,CCn(c(C)n)c([nH])=S
CCn1c(C)nnc1S,,,,,,,,,,,,,,,,,,0.0,0.0,0.0,0.0,1.0,0.2903645833333333,right_only,SHAP_only,,CCn1c(C)nnc1S
CCn1ccnc1C,,,,,,,,,,,,,,,,,,0.0,0.0,0.0,0.0,2.0,0.2903645833333333,right_only,SHAP_only,,CCn1ccnc1C
CCn1ccnn1,,,,,,,,,,,,,,,,,,0.0,0.0,0.0,1.0,1.0,0.2903645833333333,right_only,SHAP_only,,CCn1ccnn1
CCn1ncnn1,,,,,,,,,,,,,,,,,,0.0,0.0,0.0,0.0,1.0,0.2903645833333333,right_only,SHAP_only,,CCn1ncnn1
CCn1nnnc1N,,,,,,,,,,,,,,,,,,0.004605,1.0,2.0,0.0,0.0,0.7847222222222222,right_only,SHAP_only,,CCn1nnnc1N
CN(C)C(=O)C(C)(C)C,,,,,,,,,,,,,,,,,,0.0,0.0,0.0,0.0,2.0,0.2903645833333333,right_only,SHAP_only,,CN(C)C(=O)C(C)(C)C
CN(C)C(=O)CS,CN(C)C(=O)CS,1.2870813397129186,1.8111776447105787,0.7802674544627747,0.1077565074532979,0.2,0.0003717472118959,1.0,3.0,1.0,1.0,Neutral_Balanced,False,0.6985588470776621,0.2790232185748599,0.6985588470776621,0.558713637576728,,,,,,,left_only,STATS_only,,CN(C)C(=O)CS
CN(C)C(=S)NN,,,,,,,,,,,,,,,,,,0.0,0.0,0.0,2.0,0.0,0.2903645833333333,right_only,SHAP_only,,CN(C)C(=S)NN
CN(C)C(=S)SS,CN(C)C(=S)SS,6.435406698564593,71.61818181818182,0.0001226317452109,3.911397091112006,1.0,0.0022304832713754,6.0,0.0,0.0,2.0,Highest_StrongOnly,True,0.9951961569255404,0.8811048839071257,0.9951961569255404,0.9571657325860689,,,,,,,left_only,STATS_only,,CN(C)C(=S)SS
CN(C)C(CN)C(=O)O,,,,,,,,,,,,,,,,,,0.001677,0.1434,2.0,2.0,0.0,0.6987847222222222,right_only,SHAP_only,,CN(C)C(CN)C(=O)O
CN(C)Cc(n)n,,,,,,,,,,,,,,,,,,0.007165,1.0,1.0,0.0,0.0,0.8177083333333334,right_only,SHAP_only,,CN(C)Cc(n)n
CN(C)S(=O)(=O)N(C)C,,,,,,,,,,,,,,,,,,0.002495,1.0,1.0,0.0,0.0,0.7261284722222222,right_only,SHAP_only,,CN(C)S(=O)(=O)N(C)C
CN(C)[C@@H](C(=O)O)C(C)(C)S,,,,,,,,,,,,,,,,,,0.0,0.0,0.0,1.0,0.0,0.2903645833333333,right_only,SHAP_only,,CN(C)[C@@H](C(=O)O)C(C)(C)S
CN(C)[C@@H](CS)C(=O)O,CN(C)[C@@H](CS)C(=O)O,0.0,0.3608920748705695,0.7802674544627747,0.1077565074532979,0.0,0.0,0.0,5.0,2.0,1.0,Neutral_Balanced,False,0.18254603682946358,0.2790232185748599,0.18254603682946358,0.21470509741126234,,,,,,,left_only,STATS_only,,CN(C)[C@@H](CS)C(=O)O
CN(C)[C@@H](Cn)C(=O)O,,,,,,,,,,,,,,,,,,0.106275,1.0,1.0,0.0,0.0,0.9253472222222222,right_only,SHAP_only,,CN(C)[C@@H](Cn)C(=O)O
CN(C)[C@H](CN)C(=O)O,,,,,,,,,,,,,,,,,,0.0,0.0,0.0,1.0,0.0,0.2903645833333333,right_only,SHAP_only,,CN(C)[C@H](CN)C(=O)O
CN(C)[C@H](CS)C(N)=O,,,,,,,,,,,,,,,,,,0.099152,1.0,2.0,0.0,0.0,0.9210069444444444,right_only,SHAP_only,,CN(C)[C@H](CS)C(N)=O
CN(C)c,,,,,,,,,,,,,,,,,,0.004395,1.0,1.0,0.0,0.0,0.7777777777777778,right_only,SHAP_only,,CN(C)c
CN(C)c1ccnn1C,,,,,,,,,,,,,,,,,,0.0,0.0,0.0,0.0,1.0,0.2903645833333333,right_only,SHAP_only,,CN(C)c1ccnn1C
CN(C)c1nccs1,,,,,,,,,,,,,,,,,,0.0,0.0,0.0,0.0,2.0,0.2903645833333333,right_only,SHAP_only,,CN(C)c1nccs1
CN(C)n,,,,,,,,,,,,,,,,,,0.0,0.0,0.0,0.0,4.0,0.2903645833333333,right_only,SHAP_only,,CN(C)n
CN(O)C1CCN1,,,,,,,,,,,,,,,,,,0.0,0.0,0.0,0.0,3.0,0.2903645833333333,right_only,SHAP_only,,CN(O)C1CCN1
CN(O)C1CCN1S,,,,,,,,,,,,,,,,,,0.047195,1.0,1.0,0.0,0.0,0.9010416666666666,right_only,SHAP_only,,CN(O)C1CCN1S
CN(O)[C@@H]1NC[C@H]1N,,,,,,,,,,,,,,,,,,0.0,0.0,0.0,2.0,0.0,0.2903645833333333,right_only,SHAP_only,,CN(O)[C@@H]1NC[C@H]1N
CN(O)[C@H]1[C@H](N)CN1S,,,,,,,,,,,,,,,,,,0.313246,1.0,3.0,0.0,0.0,0.9644097222222222,right_only,SHAP_only,,CN(O)[C@H]1[C@H](N)CN1S
CN(S)CC(=O)O,,,,,,,,,,,,,,,,,,0.0,0.0,0.0,4.0,0.0,0.2903645833333333,right_only,SHAP_only,,CN(S)CC(=O)O
CN(S)CCN,,,,,,,,,,,,,,,,,,0.0,0.0,0.0,1.0,0.0,0.2903645833333333,right_only,SHAP_only,,CN(S)CCN
CN1C=CC(=N)C1=O,,,,,,,,,,,,,,,,,,0.0,0.0,0.0,3.0,0.0,0.2903645833333333,right_only,SHAP_only,,CN1C=CC(=N)C1=O
CN1C=CC(=O)C1=O,,,,,,,,,,,,,,,,,,0.0,0.0,0.0,0.0,1.0,0.2903645833333333,right_only,SHAP_only,,CN1C=CC(=O)C1=O
CN1CC(O)P1(=O)O,,,,,,,,,,,,,,,,,,0.002338,1.0,1.0,0.0,0.0,0.7213541666666666,right_only,SHAP_only,,CN1CC(O)P1(=O)O
CN1CCCC1,,,,,,,,,,,,,,,,,,0.0,0.0,0.0,0.0,1.0,0.2903645833333333,right_only,SHAP_only,,CN1CCCC1
CN1CCCC1=O,,,,,,,,,,,,,,,,,,0.009176,1.0,1.0,0.0,0.0,0.8363715277777778,right_only,SHAP_only,,CN1CCCC1=O
CN1CCC[C@@H]1C(=O)O,,,,,,,,,,,,,,,,,,0.001241,0.4735,1.0,0.0,1.0,0.6857638888888888,right_only,SHAP_only,,CN1CCC[C@@H]1C(=O)O
CN1CCC[C@H]1C(=O)O,,,,,,,,,,,,,,,,,,0.012385,0.7438,3.0,0.0,2.0,0.8572048611111112,right_only,SHAP_only,,CN1CCC[C@H]1C(=O)O
CN1CCNC1=O,,,,,,,,,,,,,,,,,,0.0,0.0,0.0,1.0,1.0,0.2903645833333333,right_only,SHAP_only,,CN1CCNC1=O
CN1CCSC1,,,,,,,,,,,,,,,,,,0.0,0.0,0.0,1.0,0.0,0.2903645833333333,right_only,SHAP_only,,CN1CCSC1
CN1CCS[C@@H]1CS,,,,,,,,,,,,,,,,,,6e-05,0.0069,1.0,1.0,12.0,0.6076388888888888,right_only,SHAP_only,,CN1CCS[C@@H]1CS
CN1CCS[C@H]1CS,,,,,,,,,,,,,,,,,,0.0,0.0,0.0,0.0,2.0,0.2903645833333333,right_only,SHAP_only,,CN1CCS[C@H]1CS
CN1CC[C@@H](S)C1,,,,,,,,,,,,,,,,,,0.000657,0.1203,1.0,1.0,0.0,0.6605902777777778,right_only,SHAP_only,,CN1CC[C@@H](S)C1
CN1C[C@@H](N)C1=O,,,,,,,,,,,,,,,,,,0.0,0.0,0.0,1.0,0.0,0.2903645833333333,right_only,SHAP_only,,CN1C[C@@H](N)C1=O
CN1C[C@@H](S)C1=O,,,,,,,,,,,,,,,,,,0.135462,1.0,1.0,0.0,0.0,0.9427083333333334,right_only,SHAP_only,,CN1C[C@@H](S)C1=O
CN1C[C@H](O)[C@H]1S(C)(=O)=O,,,,,,,,,,,,,,,,,,0.0,0.0,0.0,1.0,0.0,0.2903645833333333,right_only,SHAP_only,,CN1C[C@H](O)[C@H]1S(C)(=O)=O
CN1N=CC=C1n,,,,,,,,,,,,,,,,,,0.0,0.0,0.0,1.0,0.0,0.2903645833333333,right_only,SHAP_only,,CN1N=CC=C1n
CN=[N+],,,,,,,,,,,,,,,,,,0.0,0.0,0.0,0.0,1.0,0.2903645833333333,right_only,SHAP_only,,CN=[N+]
CN=[N+]=[N-],,,,,,,,,,,,,,,,,,0.002311,1.0,1.0,0.0,0.0,0.7204861111111112,right_only,SHAP_only,,CN=[N+]=[N-]
CNC(=O)C(C)N,,,,,,,,,,,,,,,,,,0.0,0.0,0.0,2.0,0.0,0.2903645833333333,right_only,SHAP_only,,CNC(=O)C(C)N
CNC(=O)C(F)(F)F,,,,,,,,,,,,,,,,,,0.0,0.0,0.0,3.0,0.0,0.2903645833333333,right_only,SHAP_only,,CNC(=O)C(F)(F)F
CNC(=O)NS,,,,,,,,,,,,,,,,,,0.0,0.0,0.0,1.0,0.0,0.2903645833333333,right_only,SHAP_only,,CNC(=O)NS
CNC(=S)SC,,,,,,,,,,,,,,,,,,0.0,0.0,0.0,1.0,0.0,0.2903645833333333,right_only,SHAP_only,,CNC(=S)SC
CNC(C)C,,,,,,,,,,,,,,,,,,0.0,0.0,0.0,3.0,1.0,0.2903645833333333,right_only,SHAP_only,,CNC(C)C
CNC(C)C(=O)S,,,,,,,,,,,,,,,,,,0.0,0.0,0.0,0.0,1.0,0.2903645833333333,right_only,SHAP_only,,CNC(C)C(=O)S
CNC(CO)C(=O)S,,,,,,,,,,,,,,,,,,0.0,0.0,0.0,1.0,0.0,0.2903645833333333,right_only,SHAP_only,,CNC(CO)C(=O)S
CNC(c)=O,,,,,,,,,,,,,,,,,,0.0,0.0,0.0,0.0,1.0,0.2903645833333333,right_only,SHAP_only,,CNC(c)=O
CNC=C(C)C,,,,,,,,,,,,,,,,,,0.0,0.0,0.0,0.0,1.0,0.2903645833333333,right_only,SHAP_only,,CNC=C(C)C
CNC=N,,,,,,,,,,,,,,,,,,0.0,0.0,0.0,1.0,0.0,0.2903645833333333,right_only,SHAP_only,,CNC=N
CNCB(O)O,,,,,,,,,,,,,,,,,,0.0,0.0,0.0,0.0,3.0,0.2903645833333333,right_only,SHAP_only,,CNCB(O)O
CNCC#N,,,,,,,,,,,,,,,,,,0.0,0.0,0.0,2.0,0.0,0.2903645833333333,right_only,SHAP_only,,CNCC#N
CNCC(C)C,,,,,,,,,,,,,,,,,,0.0,0.0,0.0,0.0,1.0,0.2903645833333333,right_only,SHAP_only,,CNCC(C)C
CNCC(c)C,,,,,,,,,,,,,,,,,,0.0,0.0,0.0,0.0,1.0,0.2903645833333333,right_only,SHAP_only,,CNCC(c)C
CNCCO,,,,,,,,,,,,,,,,,,0.002268,1.0,1.0,0.0,0.0,0.7191840277777778,right_only,SHAP_only,,CNCCO
CNCCn,,,,,,,,,,,,,,,,,,0.0,0.0,0.0,0.0,2.0,0.2903645833333333,right_only,SHAP_only,,CNCCn
CNC[C@H](C)N,,,,,,,,,,,,,,,,,,0.0,0.0,0.0,2.0,0.0,0.2903645833333333,right_only,SHAP_only,,CNC[C@H](C)N
CNCc(n)n,,,,,,,,,,,,,,,,,,0.0,0.0,0.0,0.0,1.0,0.2903645833333333,right_only,SHAP_only,,CNCc(n)n
CNCc(n)s,,,,,,,,,,,,,,,,,,0.002397,1.0,1.0,0.0,0.0,0.7239583333333334,right_only,SHAP_only,,CNCc(n)s
CNN1C(=S)NN=C1c,,,,,,,,,,,,,,,,,,0.0,0.0,0.0,0.0,3.0,0.2903645833333333,right_only,SHAP_only,,CNN1C(=S)NN=C1c
CNN=C(C)C,,,,,,,,,,,,,,,,,,0.0,0.0,0.0,2.0,0.0,0.2903645833333333,right_only,SHAP_only,,CNN=C(C)C
CNN=C(C)c,CN/N=C(\C)c,0.0,0.1455972101133391,0.2585884938801472,0.5873908033362606,0.0,0.0,0.0,13.0,5.0,1.0,Neutral_Balanced,False,0.18254603682946358,0.622898318654924,0.18254603682946358,0.3293301307712837,,,,,,,left_only,STATS_only,,CN/N=C(\C)c
CNN=C(c)c,,,,,,,,,,,,,,,,,,0.0,0.0,0.0,1.0,0.0,0.2903645833333333,right_only,SHAP_only,,CNN=C(c)c
CNNS(c)(=O)=O,,,,,,,,,,,,,,,,,,0.004392,1.0,1.0,0.0,0.0,0.77734375,right_only,SHAP_only,,CNNS(c)(=O)=O
CNP,CNP,0.0,0.4925600086890409,1.0,-0.0,0.0,0.0,0.0,0.0,5.0,0.0,Negative_InactiveOnly,False,0.18254603682946358,0.07606084867894315,0.18254603682946358,0.14705097411262344,,,,,,,left_only,STATS_only,,CNP
CNP(=O)(OC)C(C)C,,,,,,,,,,,,,,,,,,0.011996,1.0,2.0,0.0,0.0,0.8546006944444444,right_only,SHAP_only,,CNP(=O)(OC)C(C)C
CNS(C)(=O)=O,,,,,,,,,,,,,,,,,,0.0,0.0,0.0,1.0,0.0,0.2903645833333333,right_only,SHAP_only,,CNS(C)(=O)=O
CN[C@@H](C(=O)O)C(C)C,,,,,,,,,,,,,,,,,,0.0,0.0,0.0,1.0,0.0,0.2903645833333333,right_only,SHAP_only,,CN[C@@H](C(=O)O)C(C)C
CN[C@@H](C(N)=O)[C@@H](c)O,,,,,,,,,,,,,,,,,,0.010845,1.0,2.0,0.0,0.0,0.8454861111111112,right_only,SHAP_only,,CN[C@@H](C(N)=O)[C@@H](c)O
CN[C@@H](C)CN,,,,,,,,,,,,,,,,,,0.0,0.0,0.0,1.0,0.0,0.2903645833333333,right_only,SHAP_only,,CN[C@@H](C)CN
CN[C@@H](CS)C(=O)[O-],,,,,,,,,,,,,,,,,,0.166497,1.0,1.0,0.0,0.0,0.9500868055555556,right_only,SHAP_only,,CN[C@@H](CS)C(=O)[O-]
CN[C@@H]1C(=O)N[C@@H]1S,CN[C@@H]1C(=O)N[C@@H]1S,2.145135566188197,3.025877017473656,0.4513455900264954,0.3454907965553292,0.3333333333333333,0.0007434944237918,2.0,2.0,2.0,0.0,Medium_StrongEnriched,False,0.8090472377902321,0.48478783026421135,0.8090472377902321,0.7009607686148919,,,,,,,left_only,STATS_only,,CN[C@@H]1C(=O)N[C@@H]1S
CN[C@H](C(=O)O)C(C)C,,,,,,,,,,,,,,,,,,0.0,0.0,0.0,2.0,0.0,0.2903645833333333,right_only,SHAP_only,,CN[C@H](C(=O)O)C(C)C
CN[C@H](C)CN,,,,,,,,,,,,,,,,,,0.0,0.0,0.0,1.0,0.0,0.2903645833333333,right_only,SHAP_only,,CN[C@H](C)CN
CN[C@H](CN)C(=O)O,,,,,,,,,,,,,,,,,,0.0,0.0,0.0,2.0,0.0,0.2903645833333333,right_only,SHAP_only,,CN[C@H](CN)C(=O)O
CN[C@H]([C@@H](C)N)P(=O)(O)O,CN[C@H]([C@@H](C)N)P(=O)(O)O,0.0,0.2160573476702509,0.4513455900264954,0.3454907965553292,0.0,0.0,0.0,0.0,12.0,0.0,Negative_InactiveOnly,False,0.18254603682946358,0.48478783026421135,0.18254603682946358,0.28329330130771285,,,,,,,left_only,STATS_only,,CN[C@H]([C@@H](C)N)P(=O)(O)O
CN[C@H]([C@H](C)N)P(=O)(O)O,CN[C@H]([C@H](C)N)P(=O)(O)O,0.0,0.2160573476702509,0.4513455900264954,0.3454907965553292,0.0,0.0,0.0,1.0,11.0,0.0,VeryNegative_InactiveEnriched,False,0.18254603682946358,0.48478783026421135,0.18254603682946358,0.28329330130771285,,,,,,,left_only,STATS_only,,CN[C@H]([C@H](C)N)P(=O)(O)O
CNc(nn)[nH]n,CNc(nn)[nH]n,0.0,0.2846632710809281,0.624428810259094,0.2045170674163206,0.0,0.0,0.0,0.0,9.0,0.0,Negative_InactiveOnly,False,0.18254603682946358,0.40392313851080863,0.18254603682946358,0.2563384040565786,,,,,,,left_only,STATS_only,,CNc(nn)[nH]n
CNc1ccno1,,,,,,,,,,,,,,,,,,0.00418,1.0,1.0,0.0,0.0,0.7747395833333334,right_only,SHAP_only,,CNc1ccno1
CNc1ncco1,,,,,,,,,,,,,,,,,,0.0,0.0,0.0,0.0,1.0,0.2903645833333333,right_only,SHAP_only,,CNc1ncco1
CNc1nncs1,,,,,,,,,,,,,,,,,,0.0,0.0,0.0,1.0,0.0,0.2903645833333333,right_only,SHAP_only,,CNc1nncs1
CNn(c(-c)n)c([nH])=S,c-c(n)n(NC)c([nH])=S,0.0,0.4925600086890409,1.0,-0.0,0.0,0.0,0.0,1.0,4.0,0.0,Neutral_Balanced,False,0.18254603682946358,0.07606084867894315,0.18254603682946358,0.14705097411262344,,,,,,,left_only,STATS_only,,c-c(n)n(NC)c([nH])=S
CNn(c(C)n)c([nH])=S,CNn(c(C)n)c([nH])=S,0.0,0.3182936256940052,0.7802674544627747,0.1077565074532979,0.0,0.0,0.0,0.0,8.0,0.0,Negative_InactiveOnly,False,0.18254603682946358,0.2790232185748599,0.18254603682946358,0.21470509741126234,,,,,,,left_only,STATS_only,,CNn(c(C)n)c([nH])=S
COB(O)[C@H](C)N,,,,,,,,,,,,,,,,,,0.0,0.0,0.0,1.0,0.0,0.2903645833333333,right_only,SHAP_only,,COB(O)[C@H](C)N
COC(=O)C(C)(C)C,,,,,,,,,,,,,,,,,,0.0,0.0,0.0,0.0,1.0,0.2903645833333333,right_only,SHAP_only,,COC(=O)C(C)(C)C
COC(=O)C(C)N,,,,,,,,,,,,,,,,,,0.001521,1.0,1.0,0.0,0.0,0.6953125,right_only,SHAP_only,,COC(=O)C(C)N
COC(=O)C(c)S,,,,,,,,,,,,,,,,,,0.140711,1.0,2.0,0.0,0.0,0.9440104166666666,right_only,SHAP_only,,COC(=O)C(c)S
COC(=O)[C@@](C)(N)S,,,,,,,,,,,,,,,,,,0.0,0.0,0.0,2.0,0.0,0.2903645833333333,right_only,SHAP_only,,COC(=O)[C@@](C)(N)S
COC(=O)[C@](C)(N)S,,,,,,,,,,,,,,,,,,0.0,0.0,0.0,2.0,0.0,0.2903645833333333,right_only,SHAP_only,,COC(=O)[C@](C)(N)S
COC(C)(C)C,COC(C)(C)C,0.0,0.1633901741428623,0.3515257467962129,0.4540428604534837,0.0,0.0,0.0,5.0,11.0,0.0,Neutral_Balanced,False,0.18254603682946358,0.5544435548438751,0.18254603682946358,0.3065118761676007,,,,,,,left_only,STATS_only,,COC(C)(C)C
COC(OC)[C@@H](C)N,,,,,,,,,,,,,,,,,,0.0,0.0,0.0,0.0,1.0,0.2903645833333333,right_only,SHAP_only,,COC(OC)[C@@H](C)N
COCC(c)=O,,,,,,,,,,,,,,,,,,0.010942,1.0,1.0,0.0,0.0,0.8467881944444444,right_only,SHAP_only,,COCC(c)=O
COCC(c)c,,,,,,,,,,,,,,,,,,0.0,0.0,0.0,1.0,0.0,0.2903645833333333,right_only,SHAP_only,,COCC(c)c
COCCN,COCCN,1.2870813397129186,1.484702269985744,0.7802674544627747,0.1077565074532979,0.2,0.0014869888475836,4.0,3.0,13.0,0.0,Neutral_Balanced,False,0.6985588470776621,0.2790232185748599,0.6985588470776621,0.558713637576728,,,,,,,left_only,STATS_only,,COCCN
COCCO,COCCO,0.0,0.4925600086890409,1.0,-0.0,0.0,0.0,0.0,0.0,5.0,0.0,Negative_InactiveOnly,False,0.18254603682946358,0.07606084867894315,0.18254603682946358,0.14705097411262344,,,,,,,left_only,STATS_only,,COCCO
CON(C)C,,,,,,,,,,,,,,,,,,0.0,0.0,0.0,0.0,3.0,0.2903645833333333,right_only,SHAP_only,,CON(C)C
CON(C)C(C)=O,,,,,,,,,,,,,,,,,,0.000583,0.0911,2.0,2.0,0.0,0.65625,right_only,SHAP_only,,CON(C)C(C)=O
CON(C)C(c)=O,,,,,,,,,,,,,,,,,,0.0,0.0,0.0,0.0,1.0,0.2903645833333333,right_only,SHAP_only,,CON(C)C(c)=O
COOC(C)C,,,,,,,,,,,,,,,,,,0.000781,0.5347,1.0,1.0,0.0,0.6666666666666666,right_only,SHAP_only,,COOC(C)C
COP(=O)(OC)C(C)C,COP(=O)(OC)C(C)C,0.0,0.4925600086890409,1.0,-0.0,0.0,0.0,0.0,2.0,3.0,0.0,Neutral_Balanced,False,0.18254603682946358,0.07606084867894315,0.18254603682946358,0.14705097411262344,,,,,,,left_only,STATS_only,,COP(=O)(OC)C(C)C
CO[C@@H](C)[C@@H](C)O,,,,,,,,,,,,,,,,,,0.0,0.0,0.0,0.0,1.0,0.2903645833333333,right_only,SHAP_only,,CO[C@@H](C)[C@@H](C)O
CO[C@@H](C)[C@H](C)O,,,,,,,,,,,,,,,,,,0.0,0.0,0.0,0.0,1.0,0.2903645833333333,right_only,SHAP_only,,CO[C@@H](C)[C@H](C)O
CO[C@H](CO)[C@@H](C)O,,,,,,,,,,,,,,,,,,0.004816,1.0,1.0,0.0,0.0,0.7873263888888888,right_only,SHAP_only,,CO[C@H](CO)[C@@H](C)O
CO[C@H]([C@H](C)O)[C@@H](C)O,,,,,,,,,,,,,,,,,,0.0,0.0,0.0,1.0,0.0,0.2903645833333333,right_only,SHAP_only,,CO[C@H]([C@H](C)O)[C@@H](C)O
CO[Si],,,,,,,,,,,,,,,,,,0.0,0.0,0.0,3.0,0.0,0.2903645833333333,right_only,SHAP_only,,CO[Si]
CO[Si](C)(C)C(C)(C)C,,,,,,,,,,,,,,,,,,0.0,0.0,0.0,3.0,0.0,0.2903645833333333,right_only,SHAP_only,,CO[Si](C)(C)C(C)(C)C
COc1c(O)csc1C,,,,,,,,,,,,,,,,,,0.0,0.0,0.0,2.0,0.0,0.2903645833333333,right_only,SHAP_only,,COc1c(O)csc1C
COc1ccsc1C,,,,,,,,,,,,,,,,,,0.0,0.0,0.0,1.0,0.0,0.2903645833333333,right_only,SHAP_only,,COc1ccsc1C
COn,,,,,,,,,,,,,,,,,,0.0,0.0,0.0,0.0,1.0,0.2903645833333333,right_only,SHAP_only,,COn
CS(=O)(=O)CCN,,,,,,,,,,,,,,,,,,0.000645,0.2113,1.0,1.0,0.0,0.66015625,right_only,SHAP_only,,CS(=O)(=O)CCN
CS(=O)(=O)CCn,,,,,,,,,,,,,,,,,,0.0,0.0,0.0,1.0,0.0,0.2903645833333333,right_only,SHAP_only,,CS(=O)(=O)CCn
CS(=O)Cn,,,,,,,,,,,,,,,,,,0.0,0.0,0.0,0.0,1.0,0.2903645833333333,right_only,SHAP_only,,CS(=O)Cn
CS(C)=O,,,,,,,,,,,,,,,,,,0.0,0.0,0.0,0.0,2.0,0.2903645833333333,right_only,SHAP_only,,CS(C)=O
CS(n)(=O)=O,,,,,,,,,,,,,,,,,,0.0,0.0,0.0,1.0,0.0,0.2903645833333333,right_only,SHAP_only,,CS(n)(=O)=O
CSC(=O)N(C)C,CSC(=O)N(C)C,0.0,0.1860915420425987,0.3510214393177255,0.4546663573431926,0.0,0.0,0.0,2.0,12.0,0.0,Neutral_Balanced,False,0.18254603682946358,0.578462770216173,0.18254603682946358,0.31451828129170006,,,,,,,left_only,STATS_only,,CSC(=O)N(C)C
CSC(=O)N(c)C,CSC(=O)N(c)C,0.4950312845049687,0.6497245508982036,0.8574350879598587,0.0667987482623484,0.0769230769230769,0.0003717472118959,1.0,10.0,2.0,1.0,Neutral_Balanced,False,0.45716573258606885,0.18815052041633307,0.45716573258606885,0.36749399519615694,,,,,,,left_only,STATS_only,,CSC(=O)N(c)C
CSC(=O)[C@H](C)N,CSC(=O)[C@H](C)N,0.0,0.2349488338268142,0.4513455900264954,0.3454907965553292,0.0,0.0,0.0,0.0,11.0,0.0,Negative_InactiveOnly,False,0.18254603682946358,0.48478783026421135,0.18254603682946358,0.28329330130771285,,,,,,,left_only,STATS_only,,CSC(=O)[C@H](C)N
CSC1=NC=NN1c,,,,,,,,,,,,,,,,,,0.004942,1.0,1.0,0.0,0.0,0.7894965277777778,right_only,SHAP_only,,CSC1=NC=NN1c
CSC1CCCC1=O,,,,,,,,,,,,,,,,,,0.0,0.0,0.0,1.0,1.0,0.2903645833333333,right_only,SHAP_only,,CSC1CCCC1=O
CSC1CCNC1=O,,,,,,,,,,,,,,,,,,0.0,0.0,0.0,0.0,1.0,0.2903645833333333,right_only,SHAP_only,,CSC1CCNC1=O
CSCC(C)C,,,,,,,,,,,,,,,,,,0.0,0.0,0.0,1.0,0.0,0.2903645833333333,right_only,SHAP_only,,CSCC(C)C
CSCC(C)P,CSCC(C)P,0.0,0.2574386982989133,0.624428810259094,0.2045170674163206,0.0,0.0,0.0,3.0,7.0,0.0,Neutral_Balanced,False,0.18254603682946358,0.40392313851080863,0.18254603682946358,0.2563384040565786,,,,,,,left_only,STATS_only,,CSCC(C)P
CSCC(c)=O,cC(=O)CSC,3.2177033492822966,5.462093862815885,0.1666910694955296,0.7780876669548686,0.5,0.0011152416356877,3.0,3.0,0.0,1.0,Second_StrongWeak_NoInactive,False,0.8967173738991193,0.678142514011209,0.8967173738991193,0.8238590872698159,,,,,,,left_only,STATS_only,,cC(=O)CSC
CSCCP,,,,,,,,,,,,,,,,,,0.0,0.0,0.0,0.0,3.0,0.2903645833333333,right_only,SHAP_only,,CSCCP
CSCN(C)C,,,,,,,,,,,,,,,,,,0.0,0.0,0.0,0.0,2.0,0.2903645833333333,right_only,SHAP_only,,CSCN(C)C
CSC[C@@H](C)N,C[C@@H](N)CSC,0.0,0.2160573476702509,0.4513455900264954,0.3454907965553292,0.0,0.0,0.0,8.0,4.0,1.0,Neutral_Balanced,False,0.18254603682946358,0.48478783026421135,0.18254603682946358,0.28329330130771285,,,,,,,left_only,STATS_only,,C[C@@H](N)CSC
CSC[C@@H](N)S,CSC[C@@H](N)S,0.459671907040328,0.6013306719893546,0.859611940123381,0.0656975607309856,0.0714285714285714,0.0003717472118959,1.0,8.0,5.0,1.0,Neutral_Balanced,False,0.44275420336269017,0.17734187349879904,0.44275420336269017,0.35428342674139307,,,,,,,left_only,STATS_only,,CSC[C@@H](N)S
CSC[C@H](C)N,,,,,,,,,,,,,,,,,,0.0,0.0,0.0,2.0,0.0,0.2903645833333333,right_only,SHAP_only,,CSC[C@H](C)N
CS[C@@H](CS)N(C)C,CS[C@@H](CS)N(C)C,0.0,0.1740085559024164,0.3510214393177255,0.4546663573431926,0.0,0.0,0.0,8.0,7.0,1.0,Neutral_Balanced,False,0.18254603682946358,0.578462770216173,0.18254603682946358,0.31451828129170006,,,,,,,left_only,STATS_only,,CS[C@@H](CS)N(C)C
CS[C@H](CS)N(C)C,CS[C@H](CS)N(C)C,0.0,0.1633901741428623,0.3515257467962129,0.4540428604534837,0.0,0.0,0.0,8.0,8.0,0.0,Neutral_Balanced,False,0.18254603682946358,0.5544435548438751,0.18254603682946358,0.3065118761676007,,,,,,,left_only,STATS_only,,CS[C@H](CS)N(C)C
CSc,,,,,,,,,,,,,,,,,,0.0,0.0,0.0,0.0,1.0,0.2903645833333333,right_only,SHAP_only,,CSc
CSc(n)s,,,,,,,,,,,,,,,,,,0.0,0.0,0.0,0.0,1.0,0.2903645833333333,right_only,SHAP_only,,CSc(n)s
CSc1ncc[nH]1,,,,,,,,,,,,,,,,,,0.0,0.0,0.0,2.0,0.0,0.2903645833333333,right_only,SHAP_only,,CSc1ncc[nH]1
CSc1nccs1,,,,,,,,,,,,,,,,,,0.0,0.0,0.0,1.0,0.0,0.2903645833333333,right_only,SHAP_only,,CSc1nccs1
CSc1ncn[nH]1,,,,,,,,,,,,,,,,,,0.0,0.0,0.0,0.0,1.0,0.2903645833333333,right_only,SHAP_only,,CSc1ncn[nH]1
CSc1nncn1C,,,,,,,,,,,,,,,,,,0.018804,1.0,3.0,0.0,0.0,0.8728298611111112,right_only,SHAP_only,,CSc1nncn1C
CSc1nncn1N,,,,,,,,,,,,,,,,,,0.109214,1.0,3.0,0.0,0.0,0.9270833333333334,right_only,SHAP_only,,CSc1nncn1N
CSc1nnco1,,,,,,,,,,,,,,,,,,0.0,0.0,0.0,0.0,1.0,0.2903645833333333,right_only,SHAP_only,,CSc1nnco1
CSc1nncs1,,,,,,,,,,,,,,,,,,0.0,0.0,0.0,1.0,3.0,0.2903645833333333,right_only,SHAP_only,,CSc1nncs1
CSc1nnnn1C,,,,,,,,,,,,,,,,,,0.002784,1.0,1.0,0.0,0.0,0.7335069444444444,right_only,SHAP_only,,CSc1nnnn1C
C[C@@H](C(=O)O)N(C)C,,,,,,,,,,,,,,,,,,0.0,0.0,0.0,0.0,1.0,0.2903645833333333,right_only,SHAP_only,,C[C@@H](C(=O)O)N(C)C
C[C@@H](CS)C(=O)O,,,,,,,,,,,,,,,,,,0.0,0.0,0.0,1.0,0.0,0.2903645833333333,right_only,SHAP_only,,C[C@@H](CS)C(=O)O
C[C@@H](CS)C(N)=O,,,,,,,,,,,,,,,,,,3.5e-05,0.0265,1.0,1.0,0.0,0.6002604166666666,right_only,SHAP_only,,C[C@@H](CS)C(N)=O
C[C@@H](N)C(N)=O,,,,,,,,,,,,,,,,,,0.116564,1.0,1.0,0.0,0.0,0.9314236111111112,right_only,SHAP_only,,C[C@@H](N)C(N)=O
C[C@@H](N)CC(C)(C)S,,,,,,,,,,,,,,,,,,0.01189,1.0,1.0,0.0,0.0,0.8532986111111112,right_only,SHAP_only,,C[C@@H](N)CC(C)(C)S
C[C@@H](N)CCN,,,,,,,,,,,,,,,,,,0.0,0.0,0.0,1.0,0.0,0.2903645833333333,right_only,SHAP_only,,C[C@@H](N)CCN
C[C@@H](N)CCS,,,,,,,,,,,,,,,,,,0.0,0.0,0.0,0.0,3.0,0.2903645833333333,right_only,SHAP_only,,C[C@@H](N)CCS
C[C@@H](N)CN(C)C,,,,,,,,,,,,,,,,,,0.026355,1.0,2.0,0.0,0.0,0.8832465277777778,right_only,SHAP_only,,C[C@@H](N)CN(C)C
C[C@@H](N)CO,,,,,,,,,,,,,,,,,,0.003159,0.4272,1.0,0.0,1.0,0.7439236111111112,right_only,SHAP_only,,C[C@@H](N)CO
C[C@@H](N)O,,,,,,,,,,,,,,,,,,0.003719,1.0,1.0,0.0,0.0,0.7664930555555556,right_only,SHAP_only,,C[C@@H](N)O
C[C@@H](N)P,C[C@@H](N)P,0.0,0.1096481603394045,0.1381808819359198,0.8595520397699349,0.0,0.0,0.0,1.0,23.0,0.0,VeryNegative_InactiveEnriched,False,0.18254603682946358,0.6941553242594075,0.18254603682946358,0.35308246597277826,,,,,,,left_only,STATS_only,,C[C@@H](N)P
C[C@@H](N)S,C[C@@H](N)S,0.4022129186602871,0.5232760285879853,0.7672646258171788,0.1150548241719264,0.0625,0.0003717472118959,1.0,8.0,7.0,1.0,Neutral_Balanced,False,0.42634107285828665,0.3546837469975981,0.42634107285828665,0.4024552975713904,,,,,,,left_only,STATS_only,,C[C@@H](N)S
C[C@@H](N)[C@@H]1NCCS1,,,,,,,,,,,,,,,,,,0.0,0.0,0.0,1.0,0.0,0.2903645833333333,right_only,SHAP_only,,C[C@@H](N)[C@@H]1NCCS1
C[C@@H](N)c1ccco1,,,,,,,,,,,,,,,,,,0.0,0.0,0.0,1.0,0.0,0.2903645833333333,right_only,SHAP_only,,C[C@@H](N)c1ccco1
C[C@@H](O)C(=O)O,,,,,,,,,,,,,,,,,,0.002324,0.4487,1.0,0.0,1.0,0.7209201388888888,right_only,SHAP_only,,C[C@@H](O)C(=O)O
C[C@@H](O)CN,,,,,,,,,,,,,,,,,,0.0,0.0,0.0,1.0,0.0,0.2903645833333333,right_only,SHAP_only,,C[C@@H](O)CN
C[C@@H](O)CN(C)C,,,,,,,,,,,,,,,,,,0.0,0.0,0.0,4.0,0.0,0.2903645833333333,right_only,SHAP_only,,C[C@@H](O)CN(C)C
C[C@@H](O)[C@H]1C(=O)N[C@@H]1C,,,,,,,,,,,,,,,,,,0.0,0.0,0.0,1.0,4.0,0.2903645833333333,right_only,SHAP_only,,C[C@@H](O)[C@H]1C(=O)N[C@@H]1C
C[C@@H](O)[C@H]1C(=O)N[C@H]1N,,,,,,,,,,,,,,,,,,0.0,0.0,0.0,0.0,2.0,0.2903645833333333,right_only,SHAP_only,,C[C@@H](O)[C@H]1C(=O)N[C@H]1N
C[C@@H]1CCCN1,,,,,,,,,,,,,,,,,,0.0,0.0,0.0,1.0,0.0,0.2903645833333333,right_only,SHAP_only,,C[C@@H]1CCCN1
C[C@@H]1CCCO1,,,,,,,,,,,,,,,,,,0.005607,1.0,2.0,0.0,0.0,0.7994791666666666,right_only,SHAP_only,,C[C@@H]1CCCO1
C[C@@H]1CCOC1=O,,,,,,,,,,,,,,,,,,0.0,0.0,0.0,1.0,0.0,0.2903645833333333,right_only,SHAP_only,,C[C@@H]1CCOC1=O
C[C@@H]1CN(C)CN1,,,,,,,,,,,,,,,,,,0.00996,1.0,2.0,0.0,0.0,0.8420138888888888,right_only,SHAP_only,,C[C@@H]1CN(C)CN1
C[C@@H]1CNC(=N)S1,,,,,,,,,,,,,,,,,,0.0,0.0,0.0,1.0,0.0,0.2903645833333333,right_only,SHAP_only,,C[C@@H]1CNC(=N)S1
C[C@@H]1CNC(=O)N1OS,,,,,,,,,,,,,,,,,,0.010594,1.0,2.0,0.0,0.0,0.8441840277777778,right_only,SHAP_only,,C[C@@H]1CNC(=O)N1OS
C[C@@H]1CN[C@H](C)O1,,,,,,,,,,,,,,,,,,0.0,0.0,0.0,1.0,0.0,0.2903645833333333,right_only,SHAP_only,,C[C@@H]1CN[C@H](C)O1
C[C@@H]1COCN1,,,,,,,,,,,,,,,,,,0.0,0.0,0.0,1.0,0.0,0.2903645833333333,right_only,SHAP_only,,C[C@@H]1COCN1
C[C@@H]1CSCN1,,,,,,,,,,,,,,,,,,0.0,0.0,0.0,10.0,0.0,0.2903645833333333,right_only,SHAP_only,,C[C@@H]1CSCN1
C[C@@H]1CS[C@H]2CS[C@H](C)N12,,,,,,,,,,,,,,,,,,0.0,0.0,0.0,0.0,3.0,0.2903645833333333,right_only,SHAP_only,,C[C@@H]1CS[C@H]2CS[C@H](C)N12
C[C@@H]1C[C@H](C)[C@]1(C)[C@@H](C)O,,,,,,,,,,,,,,,,,,0.0,0.0,0.0,1.0,0.0,0.2903645833333333,right_only,SHAP_only,,C[C@@H]1C[C@H](C)[C@]1(C)[C@@H](C)O
C[C@@H]1NCC(C)(C)S1,,,,,,,,,,,,,,,,,,0.003697,1.0,1.0,0.0,0.0,0.7647569444444444,right_only,SHAP_only,,C[C@@H]1NCC(C)(C)S1
C[C@@H]1NCCS1,,,,,,,,,,,,,,,,,,0.003576,0.1584,8.0,0.0,1.0,0.7608506944444444,right_only,SHAP_only,,C[C@@H]1NCCS1
C[C@@H]1NCS(=O)(=O)[C@@]1(C)Cn,,,,,,,,,,,,,,,,,,0.0,0.0,0.0,0.0,1.0,0.2903645833333333,right_only,SHAP_only,,C[C@@H]1NCS(=O)(=O)[C@@]1(C)Cn
C[C@@H]1NCSC1(C)C,,,,,,,,,,,,,,,,,,0.0,0.0,0.0,1.0,0.0,0.2903645833333333,right_only,SHAP_only,,C[C@@H]1NCSC1(C)C
C[C@@H]1N[C@@H](C)CS1,,,,,,,,,,,,,,,,,,0.005198,1.0,1.0,0.0,0.0,0.7947048611111112,right_only,SHAP_only,,C[C@@H]1N[C@@H](C)CS1
C[C@@H]1SC[C@H]2SC[C@H](C)N12,,,,,,,,,,,,,,,,,,0.0,0.0,0.0,0.0,2.0,0.2903645833333333,right_only,SHAP_only,,C[C@@H]1SC[C@H]2SC[C@H](C)N12
C[C@@](N)(S)CS,,,,,,,,,,,,,,,,,,0.04574,1.0,3.0,0.0,0.0,0.9006076388888888,right_only,SHAP_only,,C[C@@](N)(S)CS
C[C@H](C(=O)O)N(C)C,,,,,,,,,,,,,,,,,,0.0,0.0,0.0,0.0,1.0,0.2903645833333333,right_only,SHAP_only,,C[C@H](C(=O)O)N(C)C
C[C@H](CS)C(=O)O,,,,,,,,,,,,,,,,,,0.0,0.0,0.0,1.0,0.0,0.2903645833333333,right_only,SHAP_only,,C[C@H](CS)C(=O)O
C[C@H](N)C(=O)N(C)C,,,,,,,,,,,,,,,,,,0.008275,1.0,2.0,0.0,0.0,0.8272569444444444,right_only,SHAP_only,,C[C@H](N)C(=O)N(C)C
C[C@H](N)C(=O)[O-],,,,,,,,,,,,,,,,,,0.154983,1.0,1.0,0.0,0.0,0.9474826388888888,right_only,SHAP_only,,C[C@H](N)C(=O)[O-]
C[C@H](N)C(N)=O,,,,,,,,,,,,,,,,,,0.125245,1.0,1.0,0.0,0.0,0.9375,right_only,SHAP_only,,C[C@H](N)C(N)=O
C[C@H](N)CC(=O)O,,,,,,,,,,,,,,,,,,0.0,0.0,0.0,0.0,1.0,0.2903645833333333,right_only,SHAP_only,,C[C@H](N)CC(=O)O
C[C@H](N)CC(C)(C)S,,,,,,,,,,,,,,,,,,0.011654,1.0,1.0,0.0,0.0,0.8515625,right_only,SHAP_only,,C[C@H](N)CC(C)(C)S
C[C@H](N)CCn,,,,,,,,,,,,,,,,,,0.0,0.0,0.0,1.0,1.0,0.2903645833333333,right_only,SHAP_only,,C[C@H](N)CCn
C[C@H](N)CN(C)C,C[C@H](N)CN(C)C,2.145135566188197,3.025877017473656,0.4513455900264954,0.3454907965553292,0.3333333333333333,0.0007434944237918,2.0,0.0,4.0,0.0,Medium_StrongEnriched,False,0.8090472377902321,0.48478783026421135,0.8090472377902321,0.7009607686148919,,,,,,,left_only,STATS_only,,C[C@H](N)CN(C)C
C[C@H](N)CO,,,,,,,,,,,,,,,,,,0.0,0.0,0.0,0.0,1.0,0.2903645833333333,right_only,SHAP_only,,C[C@H](N)CO
C[C@H](N)O,,,,,,,,,,,,,,,,,,0.008678,1.0,1.0,0.0,0.0,0.8307291666666666,right_only,SHAP_only,,C[C@H](N)O
C[C@H](O)[C@@H](O)C(O)O,C[C@H](O)[C@@H](O)[C@H](O)O,0.0,0.4925600086890409,1.0,-0.0,0.0,0.0,0.0,1.0,4.0,0.0,Neutral_Balanced,False,0.18254603682946358,0.07606084867894315,0.18254603682946358,0.14705097411262344,,,,,,,left_only,STATS_only,,C[C@H](O)[C@@H](O)[C@H](O)O
C[C@H](S)CC(=O)O,,,,,,,,,,,,,,,,,,0.0,0.0,0.0,1.0,0.0,0.2903645833333333,right_only,SHAP_only,,C[C@H](S)CC(=O)O
C[C@H]1CCCN1,,,,,,,,,,,,,,,,,,0.0,0.0,0.0,1.0,0.0,0.2903645833333333,right_only,SHAP_only,,C[C@H]1CCCN1
C[C@H]1CCCO1,,,,,,,,,,,,,,,,,,0.002163,1.0,1.0,0.0,0.0,0.7163628472222222,right_only,SHAP_only,,C[C@H]1CCCO1
C[C@H]1CO[C@@H]2CC(=O)N12,,,,,,,,,,,,,,,,,,0.0,0.0,0.0,1.0,0.0,0.2903645833333333,right_only,SHAP_only,,C[C@H]1CO[C@@H]2CC(=O)N12
C[C@H]1CSCN1,,,,,,,,,,,,,,,,,,0.0,0.0,0.0,1.0,0.0,0.2903645833333333,right_only,SHAP_only,,C[C@H]1CSCN1
C[C@H]1NCCS1,,,,,,,,,,,,,,,,,,0.0,0.0,0.0,0.0,12.0,0.2903645833333333,right_only,SHAP_only,,C[C@H]1NCCS1
C[C@H]1NCO[C@@H]1C,,,,,,,,,,,,,,,,,,0.0,0.0,0.0,0.0,1.0,0.2903645833333333,right_only,SHAP_only,,C[C@H]1NCO[C@@H]1C
C[C@H]1NCSC1(C)C,,,,,,,,,,,,,,,,,,0.0,0.0,0.0,1.0,0.0,0.2903645833333333,right_only,SHAP_only,,C[C@H]1NCSC1(C)C
C[C@H]1OCN(C)[C@@H]1C(=O)O,,,,,,,,,,,,,,,,,,0.009953,1.0,1.0,0.0,0.0,0.8415798611111112,right_only,SHAP_only,,C[C@H]1OCN(C)[C@@H]1C(=O)O
C[C@H]1OC[C@@H]2O[C@@]21C,,,,,,,,,,,,,,,,,,0.001153,1.0,1.0,0.0,0.0,0.6822916666666666,right_only,SHAP_only,,C[C@H]1OC[C@@H]2O[C@@]21C
C[C@](N)(S)CS,,,,,,,,,,,,,,,,,,0.044417,1.0,2.0,0.0,0.0,0.8984375,right_only,SHAP_only,,C[C@](N)(S)CS
C[C@]1(S)CSCN1,,,,,,,,,,,,,,,,,,0.0,0.0,0.0,0.0,1.0,0.2903645833333333,right_only,SHAP_only,,C[C@]1(S)CSCN1
C[N+](C)(C)CC(N)=O,,,,,,,,,,,,,,,,,,0.0,0.0,0.0,0.0,2.0,0.2903645833333333,right_only,SHAP_only,,C[N+](C)(C)CC(N)=O
C[O-],,,,,,,,,,,,,,,,,,0.001071,0.7211,1.0,1.0,0.0,0.6788194444444444,right_only,SHAP_only,,C[O-]
C[S][Na],,,,,,,,,,,,,,,,,,0.0,0.0,0.0,0.0,1.0,0.2903645833333333,right_only,SHAP_only,,C[S][Na]
C[Si],C[Si],0.0,0.4925600086890409,1.0,-0.0,0.0,0.0,0.0,1.0,4.0,0.0,Neutral_Balanced,False,0.18254603682946358,0.07606084867894315,0.18254603682946358,0.14705097411262344,,,,,,,left_only,STATS_only,,C[Si]
C[Si](C)(C)N,,,,,,,,,,,,,,,,,,0.0,0.0,0.0,0.0,1.0,0.2903645833333333,right_only,SHAP_only,,C[Si](C)(C)N
C[Si](C)(C)O,,,,,,,,,,,,,,,,,,0.0,0.0,0.0,0.0,1.0,0.2903645833333333,right_only,SHAP_only,,C[Si](C)(C)O
Cc([nH])c(CN)nn,Cc([nH])c(CN)nn,0.0,0.3608920748705695,0.7802674544627747,0.1077565074532979,0.0,0.0,0.0,0.0,7.0,0.0,Negative_InactiveOnly,False,0.18254603682946358,0.2790232185748599,0.18254603682946358,0.21470509741126234,,,,,,,left_only,STATS_only,,Cc([nH])c(CN)nn
Cc([nH])nnn,Cc([nH])nnn,0.0,0.3608920748705695,0.7802674544627747,0.1077565074532979,0.0,0.0,0.0,2.0,5.0,0.0,Neutral_Balanced,False,0.18254603682946358,0.2790232185748599,0.18254603682946358,0.21470509741126234,,,,,,,left_only,STATS_only,,Cc([nH])nnn
Cc(n)[nH]c([nH])=S,Cc(n)[nH]c([nH])=S,0.0,0.3182936256940052,0.7802674544627747,0.1077565074532979,0.0,0.0,0.0,0.0,8.0,0.0,Negative_InactiveOnly,False,0.18254603682946358,0.2790232185748599,0.18254603682946358,0.21470509741126234,,,,,,,left_only,STATS_only,,Cc(n)[nH]c([nH])=S
Cc(n)[nH]nn,Cc(n)[nH]nn,0.0,0.3608920748705695,0.7802674544627747,0.1077565074532979,0.0,0.0,0.0,2.0,5.0,0.0,Neutral_Balanced,False,0.18254603682946358,0.2790232185748599,0.18254603682946358,0.21470509741126234,,,,,,,left_only,STATS_only,,Cc(n)[nH]nn
Cc(n)c(C(N)=O)c(n)S,,,,,,,,,,,,,,,,,,0.001794,1.0,1.0,0.0,0.0,0.7018229166666666,right_only,SHAP_only,,Cc(n)c(C(N)=O)c(n)S
Cc(n)c(CN)[nH]n,Cc(n)c(CN)[nH]n,0.0,0.1860915420425987,0.3510214393177255,0.4546663573431926,0.0,0.0,0.0,0.0,14.0,0.0,Negative_InactiveOnly,False,0.18254603682946358,0.578462770216173,0.18254603682946358,0.31451828129170006,,,,,,,left_only,STATS_only,,Cc(n)c(CN)[nH]n
Cc(n)cc(C)n,,,,,,,,,,,,,,,,,,0.001414,0.1704,1.0,0.0,1.0,0.6918402777777778,right_only,SHAP_only,,Cc(n)cc(C)n
Cc(n)ccn,,,,,,,,,,,,,,,,,,0.0,0.0,0.0,1.0,0.0,0.2903645833333333,right_only,SHAP_only,,Cc(n)ccn
Cc(n)cn(-c)n,c-n(n)cc(C)n,0.0,0.1251146119863299,0.184503748866948,0.7339948051380467,0.0,0.0,0.0,1.0,20.0,0.0,VeryNegative_InactiveEnriched,False,0.18254603682946358,0.6509207365892714,0.18254603682946358,0.3386709367493996,,,,,,,left_only,STATS_only,,c-n(n)cc(C)n
Cc(n)n(N)c([nH])=S,Cc(n)n(N)c([nH])=S,0.0,0.1096481603394045,0.1381808819359198,0.8595520397699349,0.0,0.0,0.0,1.0,23.0,0.0,VeryNegative_InactiveEnriched,False,0.18254603682946358,0.6941553242594075,0.18254603682946358,0.35308246597277826,,,,,,,left_only,STATS_only,,Cc(n)n(N)c([nH])=S
Cc(n)n(N)c(n)S,Cc(n)n(N)c(n)S,0.919343814080656,1.25278673422386,1.0,-0.0,0.1428571428571428,0.0003717472118959,1.0,2.0,4.0,0.0,Neutral_Balanced,False,0.588470776621297,0.07606084867894315,0.588470776621297,0.417667467307179,,,,,,,left_only,STATS_only,,Cc(n)n(N)c(n)S
Cc(n)oc(n)S,Cc(n)oc(n)S,1.0725677830940987,1.4812193794229722,1.0,-0.0,0.1666666666666666,0.0003717472118959,1.0,0.0,5.0,0.0,Neutral_Balanced,False,0.6461168935148118,0.07606084867894315,0.6461168935148118,0.4560982119028556,,,,,,,left_only,STATS_only,,Cc(n)oc(n)S
Cc(n)sc(n)S,Cc(n)sc(n)S,0.919343814080656,1.25278673422386,1.0,-0.0,0.1428571428571428,0.0003717472118959,1.0,2.0,4.0,0.0,Neutral_Balanced,False,0.588470776621297,0.07606084867894315,0.588470776621297,0.417667467307179,,,,,,,left_only,STATS_only,,Cc(n)sc(n)S
Cc1[nH]c[nH]n1,,,,,,,,,,,,,,,,,,0.001383,0.1376,2.0,1.0,1.0,0.6896701388888888,right_only,SHAP_only,,Cc1[nH]c[nH]n1
Cc1[nH]cnc1C(=O)O,,,,,,,,,,,,,,,,,,0.000115,0.0346,1.0,2.0,0.0,0.6176215277777778,right_only,SHAP_only,,Cc1[nH]cnc1C(=O)O
Cc1[nH]cnc1CN,,,,,,,,,,,,,,,,,,0.325487,1.0,2.0,0.0,0.0,0.9661458333333334,right_only,SHAP_only,,Cc1[nH]cnc1CN
Cc1[nH]csc1C,,,,,,,,,,,,,,,,,,0.006913,1.0,2.0,0.0,0.0,0.8146701388888888,right_only,SHAP_only,,Cc1[nH]csc1C
Cc1[nH]nnc1CO,,,,,,,,,,,,,,,,,,0.0,0.0,0.0,0.0,2.0,0.2903645833333333,right_only,SHAP_only,,Cc1[nH]nnc1CO
Cc1[nH]nnc1CS,,,,,,,,,,,,,,,,,,0.0,0.0,0.0,0.0,1.0,0.2903645833333333,right_only,SHAP_only,,Cc1[nH]nnc1CS
Cc1c(I)cnn1C,,,,,,,,,,,,,,,,,,0.002666,1.0,1.0,0.0,0.0,0.7300347222222222,right_only,SHAP_only,,Cc1c(I)cnn1C
Cc1c[nH]cn1,,,,,,,,,,,,,,,,,,0.626533,1.0,11.0,0.0,0.0,0.9787326388888888,right_only,SHAP_only,,Cc1c[nH]cn1
Cc1c[nH]nn1,,,,,,,,,,,,,,,,,,0.0,0.0,0.0,1.0,0.0,0.2903645833333333,right_only,SHAP_only,,Cc1c[nH]nn1
Cc1cc(C)[nH]n1,,,,,,,,,,,,,,,,,,0.001672,0.389,1.0,0.0,1.0,0.6979166666666666,right_only,SHAP_only,,Cc1cc(C)[nH]n1
Cc1cc(C)nn1,,,,,,,,,,,,,,,,,,0.0,0.0,0.0,0.0,1.0,0.2903645833333333,right_only,SHAP_only,,Cc1cc(C)nn1
Cc1cc(O)cs1,,,,,,,,,,,,,,,,,,0.008504,1.0,1.0,0.0,0.0,0.8289930555555556,right_only,SHAP_only,,Cc1cc(O)cs1
Cc1cc(c)cn1,,,,,,,,,,,,,,,,,,0.0,0.0,0.0,0.0,1.0,0.2903645833333333,right_only,SHAP_only,,Cc1cc(c)cn1
Cc1cc[nH]c1,,,,,,,,,,,,,,,,,,1.9e-05,0.0052,1.0,10.0,0.0,0.5922309027777778,right_only,SHAP_only,,Cc1cc[nH]c1
Cc1cc[nH]c1C(=O)O,,,,,,,,,,,,,,,,,,0.013143,1.0,1.0,0.0,0.0,0.8615451388888888,right_only,SHAP_only,,Cc1cc[nH]c1C(=O)O
Cc1ccc(Br)o1,,,,,,,,,,,,,,,,,,0.0,0.0,0.0,0.0,1.0,0.2903645833333333,right_only,SHAP_only,,Cc1ccc(Br)o1
Cc1ccc(C)[nH]1,,,,,,,,,,,,,,,,,,0.0,0.0,0.0,0.0,2.0,0.2903645833333333,right_only,SHAP_only,,Cc1ccc(C)[nH]1
Cc1ccc(C)n1C,,,,,,,,,,,,,,,,,,0.0,0.0,0.0,1.0,0.0,0.2903645833333333,right_only,SHAP_only,,Cc1ccc(C)n1C
Cc1ccc(C)o1,,,,,,,,,,,,,,,,,,0.0,0.0,0.0,1.0,2.0,0.2903645833333333,right_only,SHAP_only,,Cc1ccc(C)o1
Cc1ccc(C)s1,,,,,,,,,,,,,,,,,,0.0,0.0,0.0,0.0,1.0,0.2903645833333333,right_only,SHAP_only,,Cc1ccc(C)s1
Cc1ccc[nH]1,,,,,,,,,,,,,,,,,,0.0,0.0,0.0,3.0,0.0,0.2903645833333333,right_only,SHAP_only,,Cc1ccc[nH]1
Cc1ccco1,,,,,,,,,,,,,,,,,,0.016808,0.1977,21.0,11.0,4.0,0.8676215277777778,right_only,SHAP_only,,Cc1ccco1
Cc1cccs1,,,,,,,,,,,,,,,,,,0.348528,0.7688,44.0,6.0,4.0,0.9678819444444444,right_only,SHAP_only,,Cc1cccs1
Cc1ccn(C)c1,,,,,,,,,,,,,,,,,,0.000329,0.2006,1.0,0.0,3.0,0.6397569444444444,right_only,SHAP_only,,Cc1ccn(C)c1
Cc1ccn(C)c1C,,,,,,,,,,,,,,,,,,0.0,0.0,0.0,1.0,0.0,0.2903645833333333,right_only,SHAP_only,,Cc1ccn(C)c1C
Cc1ccn(C)n1,,,,,,,,,,,,,,,,,,0.0,0.0,0.0,1.0,0.0,0.2903645833333333,right_only,SHAP_only,,Cc1ccn(C)n1
Cc1ccn[nH]1,,,,,,,,,,,,,,,,,,0.0,0.0,0.0,1.0,0.0,0.2903645833333333,right_only,SHAP_only,,Cc1ccn[nH]1
Cc1ccnc1,,,,,,,,,,,,,,,,,,0.0,0.0,0.0,0.0,1.0,0.2903645833333333,right_only,SHAP_only,,Cc1ccnc1
Cc1ccnn1C,,,,,,,,,,,,,,,,,,0.0,0.0,0.0,0.0,1.0,0.2903645833333333,right_only,SHAP_only,,Cc1ccnn1C
Cc1ccoc1,,,,,,,,,,,,,,,,,,0.003239,1.0,2.0,0.0,0.0,0.7473958333333334,right_only,SHAP_only,,Cc1ccoc1
Cc1ccoc1C,,,,,,,,,,,,,,,,,,0.0,0.0,0.0,1.0,0.0,0.2903645833333333,right_only,SHAP_only,,Cc1ccoc1C
Cc1ccoc1C(C)C,,,,,,,,,,,,,,,,,,0.098724,1.0,1.0,0.0,0.0,0.9205729166666666,right_only,SHAP_only,,Cc1ccoc1C(C)C
Cc1ccon1,,,,,,,,,,,,,,,,,,0.0,0.0,0.0,2.0,0.0,0.2903645833333333,right_only,SHAP_only,,Cc1ccon1
Cc1ccsc1,,,,,,,,,,,,,,,,,,0.001974,0.0957,5.0,5.0,1.0,0.7096354166666666,right_only,SHAP_only,,Cc1ccsc1
Cc1cn(C)cn1,,,,,,,,,,,,,,,,,,0.0,0.0,0.0,3.0,0.0,0.2903645833333333,right_only,SHAP_only,,Cc1cn(C)cn1
Cc1cnc(Cl)s1,,,,,,,,,,,,,,,,,,0.0,0.0,0.0,1.0,0.0,0.2903645833333333,right_only,SHAP_only,,Cc1cnc(Cl)s1
Cc1cnc(N)s1,,,,,,,,,,,,,,,,,,0.001946,0.2546,2.0,3.0,0.0,0.7083333333333334,right_only,SHAP_only,,Cc1cnc(N)s1
Cc1cnc[nH]1,,,,,,,,,,,,,,,,,,0.002163,0.2148,1.0,1.0,1.0,0.7163628472222222,right_only,SHAP_only,,Cc1cnc[nH]1
Cc1cncn1,,,,,,,,,,,,,,,,,,0.000409,0.0769,1.0,0.0,1.0,0.6451822916666666,right_only,SHAP_only,,Cc1cncn1
Cc1cncn1C,,,,,,,,,,,,,,,,,,0.0,0.0,0.0,0.0,2.0,0.2903645833333333,right_only,SHAP_only,,Cc1cncn1C
Cc1cnco1,,,,,,,,,,,,,,,,,,0.002063,1.0,1.0,0.0,0.0,0.7139756944444444,right_only,SHAP_only,,Cc1cnco1
Cc1cncs1,,,,,,,,,,,,,,,,,,0.0,0.0,0.0,2.0,0.0,0.2903645833333333,right_only,SHAP_only,,Cc1cncs1
Cc1cnn(C)c1,,,,,,,,,,,,,,,,,,0.003213,1.0,1.0,0.0,0.0,0.7465277777777778,right_only,SHAP_only,,Cc1cnn(C)c1
Cc1cnn[nH]1,,,,,,,,,,,,,,,,,,0.0,0.0,0.0,12.0,0.0,0.2903645833333333,right_only,SHAP_only,,Cc1cnn[nH]1
Cc1cnnc1C(=O)O,,,,,,,,,,,,,,,,,,0.003207,1.0,1.0,0.0,0.0,0.74609375,right_only,SHAP_only,,Cc1cnnc1C(=O)O
Cc1coc(C)c1S(N)(=O)=O,,,,,,,,,,,,,,,,,,0.0,0.0,0.0,1.0,0.0,0.2903645833333333,right_only,SHAP_only,,Cc1coc(C)c1S(N)(=O)=O
Cc1coc(N)n1,,,,,,,,,,,,,,,,,,0.003258,1.0,1.0,0.0,0.0,0.7486979166666666,right_only,SHAP_only,,Cc1coc(N)n1
Cc1cocn1,,,,,,,,,,,,,,,,,,0.001194,0.1954,1.0,1.0,0.0,0.6848958333333334,right_only,SHAP_only,,Cc1cocn1
Cc1csc(=S)[nH]1,,,,,,,,,,,,,,,,,,0.002553,1.0,1.0,0.0,0.0,0.7274305555555556,right_only,SHAP_only,,Cc1csc(=S)[nH]1
Cc1csc(C)c1,,,,,,,,,,,,,,,,,,0.009151,1.0,2.0,0.0,0.0,0.8359375,right_only,SHAP_only,,Cc1csc(C)c1
Cc1csc(N)n1,,,,,,,,,,,,,,,,,,1.376588,0.9763,23.0,0.0,2.0,0.9895833333333334,right_only,SHAP_only,,Cc1csc(N)n1
Cc1csc(O)n1,,,,,,,,,,,,,,,,,,0.0,0.0,0.0,0.0,1.0,0.2903645833333333,right_only,SHAP_only,,Cc1csc(O)n1
Cc1cscn1,,,,,,,,,,,,,,,,,,0.003905,0.3323,3.0,0.0,13.0,0.76953125,right_only,SHAP_only,,Cc1cscn1
Cc1n[nH]c(=S)[nH]1,,,,,,,,,,,,,,,,,,1.1e-05,0.0046,1.0,6.0,1.0,0.5887586805555556,right_only,SHAP_only,,Cc1n[nH]c(=S)[nH]1
Cc1n[nH]c(=S)n1N,,,,,,,,,,,,,,,,,,0.0,0.0,0.0,0.0,2.0,0.2903645833333333,right_only,SHAP_only,,Cc1n[nH]c(=S)n1N
Cc1n[nH]c(Cl)n1,,,,,,,,,,,,,,,,,,0.0,0.0,0.0,1.0,0.0,0.2903645833333333,right_only,SHAP_only,,Cc1n[nH]c(Cl)n1
Cc1n[nH]cn1N,,,,,,,,,,,,,,,,,,0.0,0.0,0.0,1.0,0.0,0.2903645833333333,right_only,SHAP_only,,Cc1n[nH]cn1N
Cc1nc[nH]c1C,,,,,,,,,,,,,,,,,,0.010907,1.0,1.0,0.0,0.0,0.8459201388888888,right_only,SHAP_only,,Cc1nc[nH]c1C
Cc1nc[nH]c1C(N)=O,,,,,,,,,,,,,,,,,,0.0,0.0,0.0,1.0,0.0,0.2903645833333333,right_only,SHAP_only,,Cc1nc[nH]c1C(N)=O
Cc1nc[nH]n1,,,,,,,,,,,,,,,,,,0.119676,0.931,43.0,1.0,3.0,0.9344618055555556,right_only,SHAP_only,,Cc1nc[nH]n1
Cc1ncc(S)c1C(=O)O,,,,,,,,,,,,,,,,,,0.0,0.0,0.0,0.0,3.0,0.2903645833333333,right_only,SHAP_only,,Cc1ncc(S)c1C(=O)O
Cc1ncc(c)n1,,,,,,,,,,,,,,,,,,0.0,0.0,0.0,1.0,0.0,0.2903645833333333,right_only,SHAP_only,,Cc1ncc(c)n1
Cc1ncc[nH]1,,,,,,,,,,,,,,,,,,0.0,0.0,0.0,1.0,0.0,0.2903645833333333,right_only,SHAP_only,,Cc1ncc[nH]1
Cc1nccn1,,,,,,,,,,,,,,,,,,0.0,0.0,0.0,15.0,0.0,0.2903645833333333,right_only,SHAP_only,,Cc1nccn1
Cc1nccn1C,,,,,,,,,,,,,,,,,,0.00661,1.0,1.0,0.0,0.0,0.8129340277777778,right_only,SHAP_only,,Cc1nccn1C
Cc1nccn1C(C)C,,,,,,,,,,,,,,,,,,0.0,0.0,0.0,4.0,0.0,0.2903645833333333,right_only,SHAP_only,,Cc1nccn1C(C)C
Cc1nccn1C1CC1,,,,,,,,,,,,,,,,,,0.0,0.0,0.0,1.0,0.0,0.2903645833333333,right_only,SHAP_only,,Cc1nccn1C1CC1
Cc1nccn1CS,,,,,,,,,,,,,,,,,,0.000356,0.0982,1.0,1.0,0.0,0.6427951388888888,right_only,SHAP_only,,Cc1nccn1CS
Cc1nccn1N,,,,,,,,,,,,,,,,,,0.007037,1.0,1.0,0.0,0.0,0.8151041666666666,right_only,SHAP_only,,Cc1nccn1N
Cc1ncn(C)c1C,,,,,,,,,,,,,,,,,,0.0,0.0,0.0,1.0,0.0,0.2903645833333333,right_only,SHAP_only,,Cc1ncn(C)c1C
Cc1ncn(C)n1,,,,,,,,,,,,,,,,,,0.002534,1.0,1.0,0.0,0.0,0.7265625,right_only,SHAP_only,,Cc1ncn(C)n1
Cc1ncnc1C(=O)O,,,,,,,,,,,,,,,,,,0.007924,1.0,1.0,0.0,0.0,0.8246527777777778,right_only,SHAP_only,,Cc1ncnc1C(=O)O
Cc1ncnn1,,,,,,,,,,,,,,,,,,0.000373,0.0567,2.0,5.0,1.0,0.6436631944444444,right_only,SHAP_only,,Cc1ncnn1
Cc1ncsc1C(C)C,,,,,,,,,,,,,,,,,,0.0,0.0,0.0,0.0,2.0,0.2903645833333333,right_only,SHAP_only,,Cc1ncsc1C(C)C
Cc1ncsc1NS,,,,,,,,,,,,,,,,,,0.0,0.0,0.0,0.0,4.0,0.2903645833333333,right_only,SHAP_only,,Cc1ncsc1NS
Cc1nnc(S)n1C,,,,,,,,,,,,,,,,,,0.005122,1.0,1.0,0.0,0.0,0.79296875,right_only,SHAP_only,,Cc1nnc(S)n1C
Cc1nnc(S)n1N,,,,,,,,,,,,,,,,,,0.0,0.0,0.0,3.0,0.0,0.2903645833333333,right_only,SHAP_only,,Cc1nnc(S)n1N
Cc1nnc(S)o1,,,,,,,,,,,,,,,,,,0.0,0.0,0.0,2.0,0.0,0.2903645833333333,right_only,SHAP_only,,Cc1nnc(S)o1
Cc1nnc(S)s1,,,,,,,,,,,,,,,,,,0.000443,0.3489,1.0,1.0,0.0,0.6475694444444444,right_only,SHAP_only,,Cc1nnc(S)s1
Cc1nnc2scnn12,,,,,,,,,,,,,,,,,,0.0,0.0,0.0,1.0,0.0,0.2903645833333333,right_only,SHAP_only,,Cc1nnc2scnn12
Cc1nncs1,,,,,,,,,,,,,,,,,,0.0,0.0,0.0,4.0,0.0,0.2903645833333333,right_only,SHAP_only,,Cc1nncs1
Cc1nnnc1C(=O)O,,,,,,,,,,,,,,,,,,0.0,0.0,0.0,1.0,0.0,0.2903645833333333,right_only,SHAP_only,,Cc1nnnc1C(=O)O
Cc1nnnn1,,,,,,,,,,,,,,,,,,0.0,0.0,0.0,1.0,0.0,0.2903645833333333,right_only,SHAP_only,,Cc1nnnn1
Cc1nocc1S,,,,,,,,,,,,,,,,,,0.012452,1.0,1.0,0.0,0.0,0.8585069444444444,right_only,SHAP_only,,Cc1nocc1S
Cc1occ(S)c1C(=O)O,,,,,,,,,,,,,,,,,,0.028576,0.2882,1.0,1.0,2.0,0.8875868055555556,right_only,SHAP_only,,Cc1occ(S)c1C(=O)O
Cc1occc1S,,,,,,,,,,,,,,,,,,0.01213,1.0,1.0,0.0,0.0,0.85546875,right_only,SHAP_only,,Cc1occc1S
Cc1oncc1S,,,,,,,,,,,,,,,,,,0.0,0.0,0.0,0.0,1.0,0.2903645833333333,right_only,SHAP_only,,Cc1oncc1S
Cc1sccc1C(C)C,,,,,,,,,,,,,,,,,,0.003032,1.0,1.0,0.0,0.0,0.7426215277777778,right_only,SHAP_only,,Cc1sccc1C(C)C
Cc1scnc1C(=O)O,,,,,,,,,,,,,,,,,,2.5e-05,0.0054,1.0,10.0,0.0,0.5946180555555556,right_only,SHAP_only,,Cc1scnc1C(=O)O
Clc1cccs1,,,,,,,,,,,,,,,,,,0.0,0.0,0.0,5.0,0.0,0.2903645833333333,right_only,SHAP_only,,Clc1cccs1
Clc1ncn[nH]1,,,,,,,,,,,,,,,,,,0.0,0.0,0.0,1.0,0.0,0.2903645833333333,right_only,SHAP_only,,Clc1ncn[nH]1
Cn1cc([N+])cn1,,,,,,,,,,,,,,,,,,6.8e-05,0.0332,1.0,2.0,0.0,0.6091579861111112,right_only,SHAP_only,,Cn1cc([N+])cn1
Cn1ccc(c)s1,,,,,,,,,,,,,,,,,,0.0,0.0,0.0,3.0,1.0,0.2903645833333333,right_only,SHAP_only,,Cn1ccc(c)s1
Cn1cccn1,,,,,,,,,,,,,,,,,,0.002276,0.4618,2.0,1.0,1.0,0.7196180555555556,right_only,SHAP_only,,Cn1cccn1
Cn1ccnc1,,,,,,,,,,,,,,,,,,0.005019,0.3601,6.0,0.0,9.0,0.7912326388888888,right_only,SHAP_only,,Cn1ccnc1
Cn1ccnc1C(=O)O,,,,,,,,,,,,,,,,,,0.0,0.0,0.0,32.0,2.0,0.2903645833333333,right_only,SHAP_only,,Cn1ccnc1C(=O)O
Cn1ccnn1,,,,,,,,,,,,,,,,,,0.0,0.0,0.0,0.0,1.0,0.2903645833333333,right_only,SHAP_only,,Cn1ccnn1
Cn1cn[nH]c1=S,,,,,,,,,,,,,,,,,,0.0,0.0,0.0,6.0,0.0,0.2903645833333333,right_only,SHAP_only,,Cn1cn[nH]c1=S
Cn1cncc1C1CC1,,,,,,,,,,,,,,,,,,0.0029,1.0,1.0,0.0,0.0,0.7361111111111112,right_only,SHAP_only,,Cn1cncc1C1CC1
Cn1cncc1CN,,,,,,,,,,,,,,,,,,0.0,0.0,0.0,1.0,0.0,0.2903645833333333,right_only,SHAP_only,,Cn1cncc1CN
Cn1cncn1,,,,,,,,,,,,,,,,,,0.0,0.0,0.0,2.0,1.0,0.2903645833333333,right_only,SHAP_only,,Cn1cncn1
Cn1cnnc1C(=O)O,,,,,,,,,,,,,,,,,,0.001498,1.0,1.0,0.0,0.0,0.6940104166666666,right_only,SHAP_only,,Cn1cnnc1C(=O)O
Cn1cnnc1S,,,,,,,,,,,,,,,,,,7.6e-05,0.0734,1.0,0.0,1.0,0.6104600694444444,right_only,SHAP_only,,Cn1cnnc1S
Cn1cnnn1,,,,,,,,,,,,,,,,,,0.0,0.0,0.0,3.0,1.0,0.2903645833333333,right_only,SHAP_only,,Cn1cnnn1
Cn1nnnc1S,,,,,,,,,,,,,,,,,,0.0,0.0,0.0,1.0,0.0,0.2903645833333333,right_only,SHAP_only,,Cn1nnnc1S
N#CCCn,,,,,,,,,,,,,,,,,,0.0,0.0,0.0,1.0,0.0,0.2903645833333333,right_only,SHAP_only,,N#CCCn
N/N=C/C(N)=O,,,,,,,,,,,,,,,,,,0.0,0.0,0.0,0.0,1.0,0.2903645833333333,right_only,SHAP_only,,N/N=C/C(N)=O
N=C(N)NS,,,,,,,,,,,,,,,,,,0.0,0.0,0.0,1.0,0.0,0.2903645833333333,right_only,SHAP_only,,N=C(N)NS
N=C(N)S,,,,,,,,,,,,,,,,,,0.005148,1.0,2.0,0.0,0.0,0.7934027777777778,right_only,SHAP_only,,N=C(N)S
N=C1NC(=O)CS1,,,,,,,,,,,,,,,,,,0.0,0.0,0.0,2.0,0.0,0.2903645833333333,right_only,SHAP_only,,N=C1NC(=O)CS1
N=CN,,,,,,,,,,,,,,,,,,0.111181,1.0,1.0,0.0,0.0,0.9283854166666666,right_only,SHAP_only,,N=CN
N=Cc1c[nH]cn1,,,,,,,,,,,,,,,,,,0.003601,1.0,1.0,0.0,0.0,0.76171875,right_only,SHAP_only,,N=Cc1c[nH]cn1
N=Cc1ccco1,,,,,,,,,,,,,,,,,,0.0,0.0,0.0,0.0,1.0,0.2903645833333333,right_only,SHAP_only,,N=Cc1ccco1
NC(=O)CS,NC(=O)CS,0.3387056157139259,0.4378378378378378,0.609462054508177,0.2150533286521846,0.0526315789473684,0.0003717472118959,1.0,13.0,5.0,1.0,Neutral_Balanced,False,0.4119295436349079,0.42954363490792635,0.4119295436349079,0.41780090739258074,,,,,,,left_only,STATS_only,,NC(=O)CS
NC(=O)CS(=O)(=O)O,,,,,,,,,,,,,,,,,,0.0,0.0,0.0,3.0,0.0,0.2903645833333333,right_only,SHAP_only,,NC(=O)CS(=O)(=O)O
NC(=O)NS,,,,,,,,,,,,,,,,,,0.0,0.0,0.0,1.0,0.0,0.2903645833333333,right_only,SHAP_only,,NC(=O)NS
NC(=O)[C@@H](CS)C(F)(F)F,,,,,,,,,,,,,,,,,,0.140907,1.0,2.0,0.0,0.0,0.9444444444444444,right_only,SHAP_only,,NC(=O)[C@@H](CS)C(F)(F)F
NC(=O)[C@@H]1CCCN1,,,,,,,,,,,,,,,,,,0.0,0.0,0.0,1.0,0.0,0.2903645833333333,right_only,SHAP_only,,NC(=O)[C@@H]1CCCN1
NC(=O)[C@H](CS)C(F)(F)F,,,,,,,,,,,,,,,,,,0.140992,1.0,2.0,0.0,0.0,0.9448784722222222,right_only,SHAP_only,,NC(=O)[C@H](CS)C(F)(F)F
NC(=O)[C@H](N)CS,,,,,,,,,,,,,,,,,,0.0,0.0,0.0,1.0,0.0,0.2903645833333333,right_only,SHAP_only,,NC(=O)[C@H](N)CS
NC(=O)c1ccco1,,,,,,,,,,,,,,,,,,2.8e-05,0.0173,2.0,3.0,0.0,0.59765625,right_only,SHAP_only,,NC(=O)c1ccco1
NC(=O)c1cccs1,,,,,,,,,,,,,,,,,,0.0,0.0,0.0,3.0,0.0,0.2903645833333333,right_only,SHAP_only,,NC(=O)c1cccs1
NC(=O)c1ccnn1,,,,,,,,,,,,,,,,,,0.005331,1.0,1.0,0.0,0.0,0.796875,right_only,SHAP_only,,NC(=O)c1ccnn1
NC(=O)c1sccc1Cl,,,,,,,,,,,,,,,,,,0.0,0.0,0.0,0.0,1.0,0.2903645833333333,right_only,SHAP_only,,NC(=O)c1sccc1Cl
NC(S)C(=O)O,,,,,,,,,,,,,,,,,,0.002654,1.0,1.0,0.0,0.0,0.7296006944444444,right_only,SHAP_only,,NC(S)C(=O)O
NC1CC(=O)N1,NC1CC(=O)N1,2.4132775119617222,3.472814790504321,0.2956297726768292,0.5292518305676541,0.375,0.0011152416356877,3.0,1.0,4.0,0.0,Medium_StrongEnriched,False,0.8326661329063251,0.6044835868694955,0.8326661329063251,0.7566052842273819,,,,,,,left_only,STATS_only,,NC1CC(=O)N1
NC1CCCC1,,,,,,,,,,,,,,,,,,0.0,0.0,0.0,1.0,0.0,0.2903645833333333,right_only,SHAP_only,,NC1CCCC1
NC=C1CCCC1,,,,,,,,,,,,,,,,,,0.0,0.0,0.0,1.0,0.0,0.2903645833333333,right_only,SHAP_only,,NC=C1CCCC1
NCC(O)C(N)=O,,,,,,,,,,,,,,,,,,0.0,0.0,0.0,1.0,0.0,0.2903645833333333,right_only,SHAP_only,,NCC(O)C(N)=O
NCC(O)CN,,,,,,,,,,,,,,,,,,0.000756,1.0,1.0,0.0,0.0,0.6657986111111112,right_only,SHAP_only,,NCC(O)CN
NCC(O)CO,,,,,,,,,,,,,,,,,,0.0,0.0,0.0,0.0,1.0,0.2903645833333333,right_only,SHAP_only,,NCC(O)CO
NCCC(=O)O,,,,,,,,,,,,,,,,,,0.0,0.0,0.0,0.0,1.0,0.2903645833333333,right_only,SHAP_only,,NCCC(=O)O
NCCCO,NCCCO,0.0,0.1312760439432351,0.1803078066922682,0.7439854694507722,0.0,0.0,0.0,4.0,16.0,0.0,Neutral_Balanced,False,0.18254603682946358,0.6613290632506005,0.18254603682946358,0.34214037896984256,,,,,,,left_only,STATS_only,,NCCCO
NCCN,,,,,,,,,,,,,,,,,,0.0,0.0,0.0,1.0,0.0,0.2903645833333333,right_only,SHAP_only,,NCCN
NCCNS,,,,,,,,,,,,,,,,,,0.0,0.0,0.0,1.0,0.0,0.2903645833333333,right_only,SHAP_only,,NCCNS
NCCS(N)(=O)=O,,,,,,,,,,,,,,,,,,0.0,0.0,0.0,1.0,0.0,0.2903645833333333,right_only,SHAP_only,,NCCS(N)(=O)=O
NCSC(N)=S,,,,,,,,,,,,,,,,,,0.0,0.0,0.0,1.0,0.0,0.2903645833333333,right_only,SHAP_only,,NCSC(N)=S
NC[C@@H](N)C(=O)O,,,,,,,,,,,,,,,,,,0.0,0.0,0.0,0.0,1.0,0.2903645833333333,right_only,SHAP_only,,NC[C@@H](N)C(=O)O
NC[C@H](N)CS,NC[C@H](N)CS,0.0,0.4925600086890409,1.0,-0.0,0.0,0.0,0.0,1.0,4.0,0.0,Neutral_Balanced,False,0.18254603682946358,0.07606084867894315,0.18254603682946358,0.14705097411262344,,,,,,,left_only,STATS_only,,NC[C@H](N)CS
NCc1c[nH]cn1,,,,,,,,,,,,,,,,,,2.098544,0.9748,23.0,1.0,1.0,0.9939236111111112,right_only,SHAP_only,,NCc1c[nH]cn1
NCc1ccco1,,,,,,,,,,,,,,,,,,0.0,0.0,0.0,10.0,0.0,0.2903645833333333,right_only,SHAP_only,,NCc1ccco1
NCc1cccs1,,,,,,,,,,,,,,,,,,0.000131,0.0193,1.0,0.0,7.0,0.62109375,right_only,SHAP_only,,NCc1cccs1
NCc1ccoc1,,,,,,,,,,,,,,,,,,0.003845,1.0,1.0,0.0,0.0,0.7690972222222222,right_only,SHAP_only,,NCc1ccoc1
NCc1ccsc1,,,,,,,,,,,,,,,,,,0.000614,1.0,1.0,0.0,0.0,0.6588541666666666,right_only,SHAP_only,,NCc1ccsc1
NCc1cnnn1,,,,,,,,,,,,,,,,,,0.0,0.0,0.0,3.0,0.0,0.2903645833333333,right_only,SHAP_only,,NCc1cnnn1
NNC(=S)S,NNC(=S)S,1.9306220095693776,2.544484556758925,0.4127697585049684,0.3842921287149644,0.3,0.0011152416356877,3.0,4.0,3.0,1.0,Medium_StrongEnriched,False,0.7842273819055244,0.5208166533226581,0.7842273819055244,0.6964238057112357,,,,,,,left_only,STATS_only,,NNC(=S)S
NNC(N)=S,,,,,,,,,,,,,,,,,,0.0,0.0,0.0,1.0,0.0,0.2903645833333333,right_only,SHAP_only,,NNC(N)=S
NOS(=O)(=O)O,,,,,,,,,,,,,,,,,,0.0,0.0,0.0,2.0,0.0,0.2903645833333333,right_only,SHAP_only,,NOS(=O)(=O)O
NS(=O)(=O)C(F)(F)F,,,,,,,,,,,,,,,,,,0.129481,1.0,1.0,0.0,0.0,0.9388020833333334,right_only,SHAP_only,,NS(=O)(=O)C(F)(F)F
NS(=O)(=O)O,,,,,,,,,,,,,,,,,,0.0,0.0,0.0,1.0,0.0,0.2903645833333333,right_only,SHAP_only,,NS(=O)(=O)O
NS(=O)(=O)c1cccs1,,,,,,,,,,,,,,,,,,0.045329,1.0,1.0,0.0,0.0,0.8993055555555556,right_only,SHAP_only,,NS(=O)(=O)c1cccs1
NS(N)(=O)=O,,,,,,,,,,,,,,,,,,0.0,0.0,0.0,1.0,0.0,0.2903645833333333,right_only,SHAP_only,,NS(N)(=O)=O
N[C@@H](CS)C(=O)O,,,,,,,,,,,,,,,,,,0.0,0.0,0.0,0.0,1.0,0.2903645833333333,right_only,SHAP_only,,N[C@@H](CS)C(=O)O
N[C@H](S)CS,N[C@H](S)CS,0.8044258373205742,0.9349256944156972,1.0,-0.0,0.125,0.0007434944237918,2.0,8.0,6.0,1.0,Neutral_Balanced,False,0.5464371497197759,0.07606084867894315,0.5464371497197759,0.3896450493728316,,,,,,,left_only,STATS_only,,N[C@H](S)CS
N[C@H]1CN(S)C1=O,,,,,,,,,,,,,,,,,,0.193253,1.0,2.0,0.0,0.0,0.9526909722222222,right_only,SHAP_only,,N[C@H]1CN(S)C1=O
N[C@H]1CSCN1,,,,,,,,,,,,,,,,,,0.084551,1.0,1.0,0.0,0.0,0.9136284722222222,right_only,SHAP_only,,N[C@H]1CSCN1
Nc1cncs1,,,,,,,,,,,,,,,,,,0.391918,1.0,15.0,0.0,0.0,0.9713541666666666,right_only,SHAP_only,,Nc1cncs1
Nc1ncc[nH]1,,,,,,,,,,,,,,,,,,0.0,0.0,0.0,1.0,1.0,0.2903645833333333,right_only,SHAP_only,,Nc1ncc[nH]1
Nc1nccs1,,,,,,,,,,,,,,,,,,0.0,0.0,0.0,0.0,35.0,0.2903645833333333,right_only,SHAP_only,,Nc1nccs1
Nc1nnc(S)s1,,,,,,,,,,,,,,,,,,0.0,0.0,0.0,0.0,1.0,0.2903645833333333,right_only,SHAP_only,,Nc1nnc(S)s1
Nc1nncs1,,,,,,,,,,,,,,,,,,0.0,0.0,0.0,1.0,1.0,0.2903645833333333,right_only,SHAP_only,,Nc1nncs1
Nc1nnn[nH]1,,,,,,,,,,,,,,,,,,0.0,0.0,0.0,18.0,1.0,0.2903645833333333,right_only,SHAP_only,,Nc1nnn[nH]1
Nc1nnnn1,,,,,,,,,,,,,,,,,,0.0,0.0,0.0,0.0,2.0,0.2903645833333333,right_only,SHAP_only,,Nc1nnnn1
Nc1scnc1C(=O)O,,,,,,,,,,,,,,,,,,0.0,0.0,0.0,0.0,38.0,0.2903645833333333,right_only,SHAP_only,,Nc1scnc1C(=O)O
Nn1c[nH]nc1C(F)(F)F,,,,,,,,,,,,,,,,,,0.0,0.0,0.0,1.0,0.0,0.2903645833333333,right_only,SHAP_only,,Nn1c[nH]nc1C(F)(F)F
Nn1c[nH]nc1CO,,,,,,,,,,,,,,,,,,0.00293,1.0,1.0,0.0,0.0,0.7378472222222222,right_only,SHAP_only,,Nn1c[nH]nc1CO
Nn1ccnc1C(=O)O,,,,,,,,,,,,,,,,,,0.0,0.0,0.0,0.0,1.0,0.2903645833333333,right_only,SHAP_only,,Nn1ccnc1C(=O)O
Nn1cn[nH]c1=S,,,,,,,,,,,,,,,,,,0.0,0.0,0.0,31.0,0.0,0.2903645833333333,right_only,SHAP_only,,Nn1cn[nH]c1=S
Nn1cnnn1,,,,,,,,,,,,,,,,,,0.0,0.0,0.0,1.0,0.0,0.2903645833333333,right_only,SHAP_only,,Nn1cnnn1
O=C(O)C(=O)CBr,,,,,,,,,,,,,,,,,,0.0,0.0,0.0,0.0,1.0,0.2903645833333333,right_only,SHAP_only,,O=C(O)C(=O)CBr
O=C(O)C1CNC1,,,,,,,,,,,,,,,,,,0.001274,1.0,1.0,0.0,0.0,0.6861979166666666,right_only,SHAP_only,,O=C(O)C1CNC1
O=C(O)C1CSCN1,,,,,,,,,,,,,,,,,,0.0,0.0,0.0,0.0,1.0,0.2903645833333333,right_only,SHAP_only,,O=C(O)C1CSCN1
O=C(O)CCS,O=C(O)CCS,2.574162679425837,3.892128279883382,0.3802649752069439,0.4199136739963857,0.4,0.0007434944237918,2.0,1.0,2.0,0.0,Medium_StrongEnriched,False,0.8518815052041633,0.5320256204963971,0.8518815052041633,0.7452628769682411,,,,,,,left_only,STATS_only,,O=C(O)CCS
O=C(O)O,O=C(O)O,0.9900625690099376,1.0858866103739444,1.0,-0.0,0.1538461538461538,0.0014869888475836,4.0,17.0,5.0,1.0,Neutral_Balanced,False,0.6172938350680545,0.07606084867894315,0.6172938350680545,0.43688283960501734,,,,,,,left_only,STATS_only,,O=C(O)O
O=C(O)[C@@]1(CS)NCCS1,,,,,,,,,,,,,,,,,,0.048116,0.5682,2.0,0.0,1.0,0.9019097222222222,right_only,SHAP_only,,O=C(O)[C@@]1(CS)NCCS1
O=C(O)[C@]1(CS)NCCS1,,,,,,,,,,,,,,,,,,0.049318,0.5614,2.0,0.0,1.0,0.9032118055555556,right_only,SHAP_only,,O=C(O)[C@]1(CS)NCCS1
O=C(O)c1ccco1,,,,,,,,,,,,,,,,,,0.005591,1.0,1.0,0.0,0.0,0.7990451388888888,right_only,SHAP_only,,O=C(O)c1ccco1
O=C(O)c1cccs1,,,,,,,,,,,,,,,,,,0.0,0.0,0.0,1.0,0.0,0.2903645833333333,right_only,SHAP_only,,O=C(O)c1cccs1
O=C(O)c1ccsc1S,,,,,,,,,,,,,,,,,,0.0,0.0,0.0,1.0,0.0,0.2903645833333333,right_only,SHAP_only,,O=C(O)c1ccsc1S
O=C(O)c1cnc[nH]1,,,,,,,,,,,,,,,,,,0.0,0.0,0.0,0.0,1.0,0.2903645833333333,right_only,SHAP_only,,O=C(O)c1cnc[nH]1
O=C(O)c1cncn1,,,,,,,,,,,,,,,,,,0.0,0.0,0.0,1.0,0.0,0.2903645833333333,right_only,SHAP_only,,O=C(O)c1cncn1
O=C(O)c1cnnn1,,,,,,,,,,,,,,,,,,0.0,0.0,0.0,0.0,1.0,0.2903645833333333,right_only,SHAP_only,,O=C(O)c1cnnn1
O=C(O)c1ncc[nH]1,,,,,,,,,,,,,,,,,,0.006007,1.0,1.0,0.0,0.0,0.8055555555555556,right_only,SHAP_only,,O=C(O)c1ncc[nH]1
O=C(O)c1ncnn1,,,,,,,,,,,,,,,,,,0.0,0.0,0.0,1.0,0.0,0.2903645833333333,right_only,SHAP_only,,O=C(O)c1ncnn1
O=C1C=CC(=O)N1,,,,,,,,,,,,,,,,,,0.00131,0.1172,2.0,2.0,0.0,0.6879340277777778,right_only,SHAP_only,,O=C1C=CC(=O)N1
O=C1C=CC(=O)N1CS,,,,,,,,,,,,,,,,,,0.0,0.0,0.0,1.0,0.0,0.2903645833333333,right_only,SHAP_only,,O=C1C=CC(=O)N1CS
O=C1C=CC(=O)N1O,,,,,,,,,,,,,,,,,,0.0,0.0,0.0,1.0,0.0,0.2903645833333333,right_only,SHAP_only,,O=C1C=CC(=O)N1O
O=C1CCC(=O)O1,,,,,,,,,,,,,,,,,,0.0,0.0,0.0,1.0,0.0,0.2903645833333333,right_only,SHAP_only,,O=C1CCC(=O)O1
O=C1CCCC1S,,,,,,,,,,,,,,,,,,0.114378,1.0,1.0,0.0,0.0,0.9296875,right_only,SHAP_only,,O=C1CCCC1S
O=C1CCCN1,,,,,,,,,,,,,,,,,,0.0,0.0,0.0,1.0,0.0,0.2903645833333333,right_only,SHAP_only,,O=C1CCCN1
O=C1CCCO1,,,,,,,,,,,,,,,,,,0.0,0.0,0.0,1.0,0.0,0.2903645833333333,right_only,SHAP_only,,O=C1CCCO1
O=C1CCN1S,,,,,,,,,,,,,,,,,,0.0,0.0,0.0,2.0,0.0,0.2903645833333333,right_only,SHAP_only,,O=C1CCN1S
O=C1C[C@@H](O)N1,,,,,,,,,,,,,,,,,,0.0,0.0,0.0,1.0,0.0,0.2903645833333333,right_only,SHAP_only,,O=C1C[C@@H](O)N1
O=C1C[C@H](O)N1,,,,,,,,,,,,,,,,,,0.002055,1.0,1.0,0.0,0.0,0.7135416666666666,right_only,SHAP_only,,O=C1C[C@H](O)N1
O=C1NCCN1,,,,,,,,,,,,,,,,,,0.003529,1.0,1.0,0.0,0.0,0.7591145833333334,right_only,SHAP_only,,O=C1NCCN1
O=C1OCC2CC12,,,,,,,,,,,,,,,,,,0.0,0.0,0.0,1.0,0.0,0.2903645833333333,right_only,SHAP_only,,O=C1OCC2CC12
O=S1(=O)CCN2CC[C@H]21,,,,,,,,,,,,,,,,,,0.0,0.0,0.0,1.0,0.0,0.2903645833333333,right_only,SHAP_only,,O=S1(=O)CCN2CC[C@H]21
O=[N+]([O-])[O-],,,,,,,,,,,,,,,,,,0.0,0.0,0.0,1.0,0.0,0.2903645833333333,right_only,SHAP_only,,O=[N+]([O-])[O-]
O=[N+]([O-])c1cnnc1,,,,,,,,,,,,,,,,,,0.0,0.0,0.0,0.0,1.0,0.2903645833333333,right_only,SHAP_only,,O=[N+]([O-])c1cnnc1
O=c1ccs[nH]1,,,,,,,,,,,,,,,,,,0.0,0.0,0.0,0.0,1.0,0.2903645833333333,right_only,SHAP_only,,O=c1ccs[nH]1
O=c1ncn[nH]1,,,,,,,,,,,,,,,,,,0.0,0.0,0.0,1.0,0.0,0.2903645833333333,right_only,SHAP_only,,O=c1ncn[nH]1
OC(F)(F)F,,,,,,,,,,,,,,,,,,0.0,0.0,0.0,2.0,1.0,0.2903645833333333,right_only,SHAP_only,,OC(F)(F)F
OCC(S)CS,,,,,,,,,,,,,,,,,,0.0,0.0,0.0,1.0,0.0,0.2903645833333333,right_only,SHAP_only,,OCC(S)CS
OCO,OCO,0.0,0.0798694698550259,0.0292631602381094,1.5336787745927831,0.0,0.0,0.0,11.0,22.0,0.0,Neutral_Balanced,True,0.18254603682946358,0.7730184147317855,0.18254603682946358,0.37937016279690416,,,,,,,left_only,STATS_only,,OCO
OCc1nnn[nH]1,,,,,,,,,,,,,,,,,,0.0,0.0,0.0,1.0,0.0,0.2903645833333333,right_only,SHAP_only,,OCc1nnn[nH]1
Oc1nccs1,,,,,,,,,,,,,,,,,,0.0,0.0,0.0,1.0,0.0,0.2903645833333333,right_only,SHAP_only,,Oc1nccs1
S=C1NCCS1,,,,,,,,,,,,,,,,,,0.0,0.0,0.0,0.0,1.0,0.2903645833333333,right_only,SHAP_only,,S=C1NCCS1
S=c1ncn[nH]1,,,,,,,,,,,,,,,,,,5e-05,0.0024,8.0,276.0,0.0,0.6052517361111112,right_only,SHAP_only,,S=c1ncn[nH]1
SC1CCNC1,,,,,,,,,,,,,,,,,,0.0,0.0,0.0,0.0,6.0,0.2903645833333333,right_only,SHAP_only,,SC1CCNC1
SNc1nncs1,,,,,,,,,,,,,,,,,,0.0,0.0,0.0,0.0,1.0,0.2903645833333333,right_only,SHAP_only,,SNc1nncs1
S[C@H]1CSCN1,,,,,,,,,,,,,,,,,,0.0,0.0,0.0,1.0,0.0,0.2903645833333333,right_only,SHAP_only,,S[C@H]1CSCN1
Sc1ccc(Cl)s1,,,,,,,,,,,,,,,,,,0.003913,1.0,1.0,0.0,0.0,0.7699652777777778,right_only,SHAP_only,,Sc1ccc(Cl)s1
Sc1cccs1,,,,,,,,,,,,,,,,,,0.010931,0.9424,1.0,0.0,1.0,0.8463541666666666,right_only,SHAP_only,,Sc1cccs1
Sc1cnn[nH]1,,,,,,,,,,,,,,,,,,0.0,0.0,0.0,1.0,1.0,0.2903645833333333,right_only,SHAP_only,,Sc1cnn[nH]1
Sc1nc[nH]n1,,,,,,,,,,,,,,,,,,0.001813,0.1993,1.0,1.0,0.0,0.7035590277777778,right_only,SHAP_only,,Sc1nc[nH]n1
Sc1nccn1,,,,,,,,,,,,,,,,,,0.0,0.0,0.0,1.0,0.0,0.2903645833333333,right_only,SHAP_only,,Sc1nccn1
Sc1ncnn1,,,,,,,,,,,,,,,,,,0.003242,0.2029,4.0,1.0,1.0,0.7478298611111112,right_only,SHAP_only,,Sc1ncnn1
Sc1nnc(S)s1,,,,,,,,,,,,,,,,,,0.0,0.0,0.0,1.0,0.0,0.2903645833333333,right_only,SHAP_only,,Sc1nnc(S)s1
Sc1nnc[nH]1,,,,,,,,,,,,,,,,,,0.001302,1.0,1.0,0.0,0.0,0.6875,right_only,SHAP_only,,Sc1nnc[nH]1
Sc1nnco1,,,,,,,,,,,,,,,,,,0.0,0.0,0.0,2.0,3.0,0.2903645833333333,right_only,SHAP_only,,Sc1nnco1
Sc1nncs1,,,,,,,,,,,,,,,,,,0.0,0.0,0.0,0.0,13.0,0.2903645833333333,right_only,SHAP_only,,Sc1nncs1
Sc1nnnn1,,,,,,,,,,,,,,,,,,6.7e-05,0.0481,1.0,1.0,0.0,0.6085069444444444,right_only,SHAP_only,,Sc1nnnn1
Sn1cccc1,,,,,,,,,,,,,,,,,,0.124063,1.0,1.0,0.0,0.0,0.9366319444444444,right_only,SHAP_only,,Sn1cccc1
[Bi+3],,,,,,,,,,,,,,,,,,0.0,0.0,0.0,0.0,1.0,0.2903645833333333,right_only,SHAP_only,,[Bi+3]
[Bi],,,,,,,,,,,,,,,,,,0.0,0.0,0.0,0.0,1.0,0.2903645833333333,right_only,SHAP_only,,[Bi]
[Cl][Pt],,,,,,,,,,,,,,,,,,0.0,0.0,0.0,0.0,1.0,0.2903645833333333,right_only,SHAP_only,,[Cl][Pt]
[K+],,,,,,,,,,,,,,,,,,0.0,0.0,0.0,0.0,1.0,0.2903645833333333,right_only,SHAP_only,,[K+]
[N+]c(n)n,,,,,,,,,,,,,,,,,,2.6e-05,0.0201,1.0,1.0,0.0,0.5954861111111112,right_only,SHAP_only,,[N+]c(n)n
[N+]c1cnnc1,,,,,,,,,,,,,,,,,,0.0,0.0,0.0,2.0,0.0,0.2903645833333333,right_only,SHAP_only,,[N+]c1cnnc1
[N+]c1ncnn1,,,,,,,,,,,,,,,,,,0.003617,1.0,1.0,0.0,0.0,0.7621527777777778,right_only,SHAP_only,,[N+]c1ncnn1
[NH2][Pt],,,,,,,,,,,,,,,,,,-1.3e-05,0.1716,1.0,1.0,0.0,0.00043402777777777775,right_only,SHAP_only,,[NH2][Pt]
[NH2][Pt]([NH2])([Cl])[Cl],,,,,,,,,,,,,,,,,,0.0,0.0,0.0,0.0,1.0,0.2903645833333333,right_only,SHAP_only,,[NH2][Pt]([NH2])([Cl])[Cl]
[Na][SH],,,,,,,,,,,,,,,,,,0.0,0.0,0.0,0.0,1.0,0.2903645833333333,right_only,SHAP_only,,[Na][SH]
[Pt],,,,,,,,,,,,,,,,,,0.0,0.0,0.0,0.0,1.0,0.2903645833333333,right_only,SHAP_only,,[Pt]
[Se],,,,,,,,,,,,,,,,,,0.0,0.0,0.0,0.0,1.0,0.2903645833333333,right_only,SHAP_only,,[Se]
[Si],[Si],0.0,0.4925600086890409,1.0,-0.0,0.0,0.0,0.0,1.0,4.0,0.0,Neutral_Balanced,False,0.18254603682946358,0.07606084867894315,0.18254603682946358,0.14705097411262344,,,,,,,left_only,STATS_only,,[Si]
[n+],,,,,,,,,,,,,,,,,,0.056648,1.0,4.0,0.0,0.0,0.9053819444444444,right_only,SHAP_only,,[n+]
[o+],,,,,,,,,,,,,,,,,,0.0,0.0,0.0,0.0,1.0,0.2903645833333333,right_only,SHAP_only,,[o+]
c-c([nH])cc(n)=O,,,,,,,,,,,,,,,,,,0.0,0.0,0.0,0.0,2.0,0.2903645833333333,right_only,SHAP_only,,c-c([nH])cc(n)=O
c-c([nH])nnn,c-c([nH])nnn,3.3709273182957395,6.080923166812737,0.0006523181208282,3.1855405569881703,0.5238095238095238,0.004089219330855,11.0,6.0,4.0,2.0,Medium_StrongEnriched,True,0.9067253803042434,0.8514811849479583,0.9067253803042434,0.8883106485188151,,,,,,,left_only,STATS_only,,c-c([nH])nnn
c-c(n)[nH]c(n)S,c-c(n)[nH]c(n)S,3.656481078729883,7.488906265272212,6.264625393742992e-09,8.203104893431904,0.5681818181818182,0.0092936802973977,25.0,7.0,12.0,2.0,Medium_StrongEnriched,True,0.9199359487590072,0.9575660528422738,0.9199359487590072,0.9324793167867628,,,,,,,left_only,STATS_only,,c-c(n)[nH]c(n)S
c-c(n)[nH]nn,c-c(n)[nH]nn,3.3709273182957395,6.080923166812737,0.0006523181208282,3.1855405569881703,0.5238095238095238,0.004089219330855,11.0,6.0,4.0,2.0,Medium_StrongEnriched,True,0.9067253803042434,0.8514811849479583,0.9067253803042434,0.8883106485188151,,,,,,,left_only,STATS_only,,c-c(n)[nH]nn
c-c(n)c(C=N)cn,c-c(n)c(/C=N)cn,0.0,0.1999646002035488,0.4513455900264954,0.3454907965553292,0.0,0.0,0.0,9.0,4.0,1.0,Neutral_Balanced,False,0.18254603682946358,0.48478783026421135,0.18254603682946358,0.28329330130771285,,,,,,,left_only,STATS_only,,c-c(n)c(/C=N)cn
c-c(n)cn(-c)n,c-c(n)cn(-c)n,1.0725677830940987,1.1312214452779428,1.0,-0.0,0.1666666666666666,0.0037174721189591,10.0,13.0,37.0,0.0,Neutral_Balanced,False,0.6461168935148118,0.07606084867894315,0.6461168935148118,0.4560982119028556,,,,,,,left_only,STATS_only,,c-c(n)cn(-c)n
c-c(n)n(N)c([nH])=S,c-c(n)n(N)c([nH])=S,0.0,0.1380694176393101,0.1803078066922682,0.7439854694507722,0.0,0.0,0.0,2.0,17.0,0.0,VeryNegative_InactiveEnriched,False,0.18254603682946358,0.6613290632506005,0.18254603682946358,0.34214037896984256,,,,,,,left_only,STATS_only,,c-c(n)n(N)c([nH])=S
c-c(n)n[nH]n,c-c(n)n[nH]n,0.919343814080656,1.25278673422386,1.0,-0.0,0.1428571428571428,0.0003717472118959,1.0,3.0,3.0,0.0,Neutral_Balanced,False,0.588470776621297,0.07606084867894315,0.588470776621297,0.417667467307179,,,,,,,left_only,STATS_only,,c-c(n)n[nH]n
c-c(n)nn(C)n,c-c(n)nn(C)n,0.5362838915470494,0.7065347565738089,0.8574350879598587,0.0667987482623484,0.0833333333333333,0.0003717472118959,1.0,10.0,1.0,1.0,Neutral_Balanced,False,0.4747798238590873,0.18815052041633307,0.4747798238590873,0.37923672271150255,,,,,,,left_only,STATS_only,,c-c(n)nn(C)n
c-c(n)nn[nH],c-c(n)nn[nH],0.919343814080656,1.25278673422386,1.0,-0.0,0.1428571428571428,0.0003717472118959,1.0,3.0,3.0,0.0,Neutral_Balanced,False,0.588470776621297,0.07606084867894315,0.588470776621297,0.417667467307179,,,,,,,left_only,STATS_only,,c-c(n)nn[nH]
c-c(n)nnn,c-c(n)nnn,0.4950312845049687,0.6497245508982036,0.8574350879598587,0.0667987482623484,0.0769230769230769,0.0003717472118959,1.0,11.0,1.0,1.0,Neutral_Balanced,False,0.45716573258606885,0.18815052041633307,0.45716573258606885,0.36749399519615694,,,,,,,left_only,STATS_only,,c-c(n)nnn
c-c(n)o,c-c(n)o,0.3785533352096819,0.4913445835601524,0.7743377318360226,0.1110695779714874,0.0588235294117647,0.0003717472118959,1.0,4.0,12.0,0.0,Neutral_Balanced,False,0.41953562850280224,0.35028022417934346,0.41953562850280224,0.396450493728316,,,,,,,left_only,STATS_only,,c-c(n)o
c-c(n)oc(n)S,c-c(n)oc(n)S,0.4950312845049687,0.6497245508982036,0.8574350879598587,0.0667987482623484,0.0769230769230769,0.0003717472118959,1.0,4.0,8.0,0.0,Neutral_Balanced,False,0.45716573258606885,0.18815052041633307,0.45716573258606885,0.36749399519615694,,,,,,,left_only,STATS_only,,c-c(n)oc(n)S
c-c(n)s,c-c(n)s,0.0,0.1455972101133391,0.2585884938801472,0.5873908033362606,0.0,0.0,0.0,8.0,10.0,0.0,Neutral_Balanced,False,0.18254603682946358,0.622898318654924,0.18254603682946358,0.3293301307712837,,,,,,,left_only,STATS_only,,c-c(n)s
c-c(n)sc(n)S,c-c(n)sc(n)S,0.0,0.1633901741428623,0.3515257467962129,0.4540428604534837,0.0,0.0,0.0,8.0,8.0,0.0,Neutral_Balanced,False,0.18254603682946358,0.5544435548438751,0.18254603682946358,0.3065118761676007,,,,,,,left_only,STATS_only,,c-c(n)sc(n)S
c-c1=c(C(=O)O)-[nH]-c=c-1,,,,,,,,,,,,,,,,,,2.800121,1.0,28.0,0.0,0.0,0.9947916666666666,right_only,SHAP_only,,c-c1=c(C(=O)O)-[nH]-c=c-1
c-c1=c(C(=O)O)-n(C)-c=c-1,,,,,,,,,,,,,,,,,,0.0,0.0,0.0,0.0,1.0,0.2903645833333333,right_only,SHAP_only,,c-c1=c(C(=O)O)-n(C)-c=c-1
c-c1=c(C(=O)O)-n(S)-c=c-1,,,,,,,,,,,,,,,,,,0.748096,1.0,6.0,0.0,0.0,0.9813368055555556,right_only,SHAP_only,,c-c1=c(C(=O)O)-n(S)-c=c-1
c-c1=c(C(N)=O)-[nH]-c=c-1,,,,,,,,,,,,,,,,,,0.0,0.0,0.0,0.0,1.0,0.2903645833333333,right_only,SHAP_only,,c-c1=c(C(N)=O)-[nH]-c=c-1
c-c1=c(C)-o-n=c-1,,,,,,,,,,,,,,,,,,0.0,0.0,0.0,0.0,1.0,0.2903645833333333,right_only,SHAP_only,,c-c1=c(C)-o-n=c-1
c-c1=c-[nH]-c(C)=c-1,,,,,,,,,,,,,,,,,,0.005988,1.0,1.0,0.0,0.0,0.8042534722222222,right_only,SHAP_only,,c-c1=c-[nH]-c(C)=c-1
c-c1=c-[nH]-c(N)=n-1,,,,,,,,,,,,,,,,,,0.0,0.0,0.0,0.0,2.0,0.2903645833333333,right_only,SHAP_only,,c-c1=c-[nH]-c(N)=n-1
c-c1=c-[nH]-c=c-1C(c)O,,,,,,,,,,,,,,,,,,0.00725,1.0,3.0,0.0,0.0,0.8190104166666666,right_only,SHAP_only,,c-c1=c-[nH]-c=c-1C(c)O
c-c1=c-[nH]-c=c-1C=N,,,,,,,,,,,,,,,,,,0.0,0.0,0.0,3.0,0.0,0.2903645833333333,right_only,SHAP_only,,c-c1=c-[nH]-c=c-1C=N
c-c1=c-[se]-n(-c)-c-1=O,,,,,,,,,,,,,,,,,,0.0,0.0,0.0,0.0,4.0,0.2903645833333333,right_only,SHAP_only,,c-c1=c-[se]-n(-c)-c-1=O
c-c1=c-[se]-n(C)-c-1=O,,,,,,,,,,,,,,,,,,0.281856,1.0,6.0,0.0,0.0,0.9622395833333334,right_only,SHAP_only,,c-c1=c-[se]-n(C)-c-1=O
c-c1=c-c=c(-c)-[nH]-1,,,,,,,,,,,,,,,,,,0.003473,0.3203,4.0,0.0,1.0,0.7556423611111112,right_only,SHAP_only,,c-c1=c-c=c(-c)-[nH]-1
c-c1=c-c=c(C)-[nH]-1,,,,,,,,,,,,,,,,,,0.0,0.0,0.0,0.0,2.0,0.2903645833333333,right_only,SHAP_only,,c-c1=c-c=c(C)-[nH]-1
c-c1=c-c=c(C)-o-1,,,,,,,,,,,,,,,,,,0.0,0.0,0.0,0.0,8.0,0.2903645833333333,right_only,SHAP_only,,c-c1=c-c=c(C)-o-1
c-c1=c-c=c(Cl)-s-1,,,,,,,,,,,,,,,,,,0.00167,1.0,1.0,0.0,0.0,0.6974826388888888,right_only,SHAP_only,,c-c1=c-c=c(Cl)-s-1
c-c1=c-c=c-[nH]-1,,,,,,,,,,,,,,,,,,0.002913,0.2266,5.0,1.0,0.0,0.7369791666666666,right_only,SHAP_only,,c-c1=c-c=c-[nH]-1
c-c1=c-c=c-n-1C,,,,,,,,,,,,,,,,,,0.000331,0.049,3.0,3.0,0.0,0.6401909722222222,right_only,SHAP_only,,c-c1=c-c=c-n-1C
c-c1=c-c=c-o-1,,,,,,,,,,,,,,,,,,7e-06,0.0061,1.0,1.0,7.0,0.5850694444444444,right_only,SHAP_only,,c-c1=c-c=c-o-1
c-c1=c-c=c-s-1,,,,,,,,,,,,,,,,,,0.0,0.0,0.0,0.0,1.0,0.2903645833333333,right_only,SHAP_only,,c-c1=c-c=c-s-1
c-c1=c-c=n-o-1,,,,,,,,,,,,,,,,,,0.0,0.0,0.0,1.0,0.0,0.2903645833333333,right_only,SHAP_only,,c-c1=c-c=n-o-1
c-c1=c-n(-c)-n=n-1,,,,,,,,,,,,,,,,,,0.0,0.0,0.0,0.0,14.0,0.2903645833333333,right_only,SHAP_only,,c-c1=c-n(-c)-n=n-1
c-c1=c-n(C)-c=n-1,,,,,,,,,,,,,,,,,,0.0,0.0,0.0,0.0,1.0,0.2903645833333333,right_only,SHAP_only,,c-c1=c-n(C)-c=n-1
c-c1=c-n=c(N)-[nH]-1,,,,,,,,,,,,,,,,,,0.0,0.0,0.0,0.0,3.0,0.2903645833333333,right_only,SHAP_only,,c-c1=c-n=c(N)-[nH]-1
c-c1=c-n=c(N)-s-1,,,,,,,,,,,,,,,,,,0.091138,1.0,4.0,0.0,0.0,0.9153645833333334,right_only,SHAP_only,,c-c1=c-n=c(N)-s-1
c-c1=c-n=c(S)-s-1,,,,,,,,,,,,,,,,,,0.0,0.0,0.0,0.0,3.0,0.2903645833333333,right_only,SHAP_only,,c-c1=c-n=c(S)-s-1
c-c1=c-n=c-s-1,,,,,,,,,,,,,,,,,,0.0,0.0,0.0,1.0,0.0,0.2903645833333333,right_only,SHAP_only,,c-c1=c-n=c-s-1
c-c1=c-n=n-n-1O,,,,,,,,,,,,,,,,,,0.002033,1.0,1.0,0.0,0.0,0.7122395833333334,right_only,SHAP_only,,c-c1=c-n=n-n-1O
c-c1=c-o-c(N)=n-1,,,,,,,,,,,,,,,,,,0.0,0.0,0.0,3.0,0.0,0.2903645833333333,right_only,SHAP_only,,c-c1=c-o-c(N)=n-1
c-c1=c-o-c=c-1,,,,,,,,,,,,,,,,,,0.0,0.0,0.0,0.0,3.0,0.2903645833333333,right_only,SHAP_only,,c-c1=c-o-c=c-1
c-c1=c-o-n=c-1C,,,,,,,,,,,,,,,,,,0.0,0.0,0.0,0.0,1.0,0.2903645833333333,right_only,SHAP_only,,c-c1=c-o-n=c-1C
c-c1=c-s-c(C)=n-1,,,,,,,,,,,,,,,,,,0.0,0.0,0.0,0.0,1.0,0.2903645833333333,right_only,SHAP_only,,c-c1=c-s-c(C)=n-1
c-c1=c-s-c(S)=c-1,,,,,,,,,,,,,,,,,,0.0,0.0,0.0,1.0,0.0,0.2903645833333333,right_only,SHAP_only,,c-c1=c-s-c(S)=c-1
c-c1=c-s-c(S)=n-1,,,,,,,,,,,,,,,,,,0.013706,1.0,2.0,0.0,0.0,0.8624131944444444,right_only,SHAP_only,,c-c1=c-s-c(S)=n-1
c-c1=c-s-c=c-1,,,,,,,,,,,,,,,,,,0.0,0.0,0.0,0.0,1.0,0.2903645833333333,right_only,SHAP_only,,c-c1=c-s-c=c-1
c-c1=c-s-n(-c)-c-1=O,,,,,,,,,,,,,,,,,,0.645035,1.0,5.0,0.0,0.0,0.9796006944444444,right_only,SHAP_only,,c-c1=c-s-n(-c)-c-1=O
c-c1=c-s-n(C)-c-1=O,,,,,,,,,,,,,,,,,,0.0,0.0,0.0,1.0,7.0,0.2903645833333333,right_only,SHAP_only,,c-c1=c-s-n(C)-c-1=O
c-c1=cCC(=O)N1,,,,,,,,,,,,,,,,,,0.0,0.0,0.0,5.0,3.0,0.2903645833333333,right_only,SHAP_only,,c-c1=cCC(=O)N1
c-c1=cCC(=O)N1C,,,,,,,,,,,,,,,,,,0.026903,1.0,1.0,0.0,0.0,0.8841145833333334,right_only,SHAP_only,,c-c1=cCC(=O)N1C
c-c1=cCCC1,,,,,,,,,,,,,,,,,,0.0,0.0,0.0,0.0,1.0,0.2903645833333333,right_only,SHAP_only,,c-c1=cCCC1
c-c1=cCN(C)C1=O,,,,,,,,,,,,,,,,,,0.122044,0.9861,3.0,2.0,0.0,0.9353298611111112,right_only,SHAP_only,,c-c1=cCN(C)C1=O
c-c1=cCN(O)C1=O,,,,,,,,,,,,,,,,,,0.009212,0.8911,1.0,0.0,1.0,0.8368055555555556,right_only,SHAP_only,,c-c1=cCN(O)C1=O
c-c1=cCN(c)C1=O,,,,,,,,,,,,,,,,,,0.0,0.0,0.0,2.0,0.0,0.2903645833333333,right_only,SHAP_only,,c-c1=cCN(c)C1=O
c-c1=cCN(n)C1=O,,,,,,,,,,,,,,,,,,0.0,0.0,0.0,3.0,0.0,0.2903645833333333,right_only,SHAP_only,,c-c1=cCN(n)C1=O
c-c1=cCNC1=O,,,,,,,,,,,,,,,,,,0.007614,1.0,1.0,0.0,0.0,0.8211805555555556,right_only,SHAP_only,,c-c1=cCNC1=O
c-c1=cCOC1=O,,,,,,,,,,,,,,,,,,0.002473,1.0,1.0,0.0,0.0,0.7256944444444444,right_only,SHAP_only,,c-c1=cCOC1=O
c-c1=cCc2=c-1-[nH]-n=c-2,,,,,,,,,,,,,,,,,,0.0,0.0,0.0,1.0,0.0,0.2903645833333333,right_only,SHAP_only,,c-c1=cCc2=c-1-[nH]-n=c-2
c-c1=cNC(=O)/C1=N\N,,,,,,,,,,,,,,,,,,0.0,0.0,0.0,0.0,16.0,0.2903645833333333,right_only,SHAP_only,,c-c1=cNC(=O)/C1=N\N
c-c1=cNC(=O)C12NN=CS2,,,,,,,,,,,,,,,,,,0.0,0.0,0.0,0.0,1.0,0.2903645833333333,right_only,SHAP_only,,c-c1=cNC(=O)C12NN=CS2
c-c1=cN[C@H](C)N1,,,,,,,,,,,,,,,,,,0.0,0.0,0.0,1.0,1.0,0.2903645833333333,right_only,SHAP_only,,c-c1=cN[C@H](C)N1
c-c1=n-[nH]-c(=O)-[nH]-1,,,,,,,,,,,,,,,,,,0.00203,0.2386,1.0,1.0,0.0,0.7118055555555556,right_only,SHAP_only,,c-c1=n-[nH]-c(=O)-[nH]-1
c-c1=n-[nH]-c(=S)-[nH]-1,,,,,,,,,,,,,,,,,,0.0,0.0,0.0,0.0,2.0,0.2903645833333333,right_only,SHAP_only,,c-c1=n-[nH]-c(=S)-[nH]-1
c-c1=n-[nH]-c(=S)-n-1C1CC1,,,,,,,,,,,,,,,,,,0.0,0.0,0.0,0.0,4.0,0.2903645833333333,right_only,SHAP_only,,c-c1=n-[nH]-c(=S)-n-1C1CC1
c-c1=n-[nH]-c(=S)-n-1N,,,,,,,,,,,,,,,,,,0.0,0.0,0.0,0.0,17.0,0.2903645833333333,right_only,SHAP_only,,c-c1=n-[nH]-c(=S)-n-1N
c-c1=n-[nH]-c(S)=n-1,,,,,,,,,,,,,,,,,,0.004138,1.0,1.0,0.0,0.0,0.7738715277777778,right_only,SHAP_only,,c-c1=n-[nH]-c(S)=n-1
c-c1=n-[nH]-c=n-1,,,,,,,,,,,,,,,,,,0.0,0.0,0.0,13.0,0.0,0.2903645833333333,right_only,SHAP_only,,c-c1=n-[nH]-c=n-1
c-c1=n-[nH]-n=n-1,,,,,,,,,,,,,,,,,,0.003711,0.3158,3.0,2.0,0.0,0.765625,right_only,SHAP_only,,c-c1=n-[nH]-n=n-1
c-c1=n-c=c-o-1,,,,,,,,,,,,,,,,,,0.0,0.0,0.0,0.0,1.0,0.2903645833333333,right_only,SHAP_only,,c-c1=n-c=c-o-1
c-c1=n-n(-c)-c=c-1,,,,,,,,,,,,,,,,,,0.0,0.0,0.0,0.0,1.0,0.2903645833333333,right_only,SHAP_only,,c-c1=n-n(-c)-c=c-1
c-c1=n-n(C)-c=c-1,,,,,,,,,,,,,,,,,,0.000922,1.0,1.0,0.0,0.0,0.6731770833333334,right_only,SHAP_only,,c-c1=n-n(C)-c=c-1
c-c1=n-n(C)-n=n-1,,,,,,,,,,,,,,,,,,0.0,0.0,0.0,0.0,2.0,0.2903645833333333,right_only,SHAP_only,,c-c1=n-n(C)-n=n-1
c-c1=n-n(S)-c=n-1,,,,,,,,,,,,,,,,,,0.0,0.0,0.0,1.0,0.0,0.2903645833333333,right_only,SHAP_only,,c-c1=n-n(S)-c=n-1
c-c1=n-n=c(S)-[nH]-1,,,,,,,,,,,,,,,,,,0.0,0.0,0.0,4.0,0.0,0.2903645833333333,right_only,SHAP_only,,c-c1=n-n=c(S)-[nH]-1
c-c1=n-n=c(S)-o-1,,,,,,,,,,,,,,,,,,1.1e-05,0.0126,1.0,1.0,0.0,0.5887586805555556,right_only,SHAP_only,,c-c1=n-n=c(S)-o-1
c-c1=n-n=c(S)-s-1,,,,,,,,,,,,,,,,,,0.0,0.0,0.0,11.0,0.0,0.2903645833333333,right_only,SHAP_only,,c-c1=n-n=c(S)-s-1
c-c1=n-n=c-[nH]-1,,,,,,,,,,,,,,,,,,0.561522,1.0,12.0,0.0,0.0,0.9761284722222222,right_only,SHAP_only,,c-c1=n-n=c-[nH]-1
c-c1=n-n=c-s-1,,,,,,,,,,,,,,,,,,0.012667,1.0,5.0,0.0,0.0,0.8598090277777778,right_only,SHAP_only,,c-c1=n-n=c-s-1
c-c1=n-o-c(C)=n-1,,,,,,,,,,,,,,,,,,0.0,0.0,0.0,1.0,0.0,0.2903645833333333,right_only,SHAP_only,,c-c1=n-o-c(C)=n-1
c-c1=n-o-c=n-1,,,,,,,,,,,,,,,,,,0.320382,1.0,2.0,0.0,0.0,0.9652777777777778,right_only,SHAP_only,,c-c1=n-o-c=n-1
c-c1=n-o-n=c-1,,,,,,,,,,,,,,,,,,0.012599,1.0,1.0,0.0,0.0,0.8589409722222222,right_only,SHAP_only,,c-c1=n-o-n=c-1
c-c1cc(N)nn1,,,,,,,,,,,,,,,,,,0.0,0.0,0.0,0.0,1.0,0.2903645833333333,right_only,SHAP_only,,c-c1cc(N)nn1
c-c1ccnn1,,,,,,,,,,,,,,,,,,0.097942,1.0,1.0,0.0,0.0,0.9201388888888888,right_only,SHAP_only,,c-c1ccnn1
c-c1cnc(N)c1C#N,,,,,,,,,,,,,,,,,,0.0,0.0,0.0,0.0,6.0,0.2903645833333333,right_only,SHAP_only,,c-c1cnc(N)c1C#N
c-c1cncn1,,,,,,,,,,,,,,,,,,0.001806,1.0,1.0,0.0,0.0,0.7026909722222222,right_only,SHAP_only,,c-c1cncn1
c-c1cnnc1,,,,,,,,,,,,,,,,,,0.0,0.0,0.0,1.0,0.0,0.2903645833333333,right_only,SHAP_only,,c-c1cnnc1
c-c1cnnn1,,,,,,,,,,,,,,,,,,0.003339,1.0,2.0,0.0,0.0,0.7517361111111112,right_only,SHAP_only,,c-c1cnnn1
c-c1ncnn1,,,,,,,,,,,,,,,,,,0.0,0.0,0.0,2.0,0.0,0.2903645833333333,right_only,SHAP_only,,c-c1ncnn1
c-c1nnc(C)c1Cl,,,,,,,,,,,,,,,,,,0.001127,1.0,1.0,0.0,0.0,0.681640625,right_only,SHAP_only,,c-c1nnc(C)c1Cl
c-c1nnc(N)n1,,,,,,,,,,,,,,,,,,0.0,0.0,0.0,1.0,0.0,0.2903645833333333,right_only,SHAP_only,,c-c1nnc(N)n1
c-c1nnnc1C(=O)O,,,,,,,,,,,,,,,,,,0.040006,1.0,1.0,0.0,0.0,0.8967013888888888,right_only,SHAP_only,,c-c1nnnc1C(=O)O
c-n(n)n,,,,,,,,,,,,,,,,,,0.0,0.0,0.0,1.0,0.0,0.2903645833333333,right_only,SHAP_only,,c-n(n)n
c-n1-c=c-c=c-1C(P)P,,,,,,,,,,,,,,,,,,0.0,0.0,0.0,2.0,0.0,0.2903645833333333,right_only,SHAP_only,,c-n1-c=c-c=c-1C(P)P
c-n1-c=c-c=n-1,,,,,,,,,,,,,,,,,,0.0,0.0,0.0,0.0,2.0,0.2903645833333333,right_only,SHAP_only,,c-n1-c=c-c=n-1
c-n1-c=c-n=c-1,,,,,,,,,,,,,,,,,,0.0,0.0,0.0,1.0,0.0,0.2903645833333333,right_only,SHAP_only,,c-n1-c=c-n=c-1
c-n1-c=c-n=n-1,,,,,,,,,,,,,,,,,,0.0,0.0,0.0,6.0,0.0,0.2903645833333333,right_only,SHAP_only,,c-n1-c=c-n=n-1
c-n1-c=n-n=c-1S,,,,,,,,,,,,,,,,,,0.0,0.0,0.0,1.0,0.0,0.2903645833333333,right_only,SHAP_only,,c-n1-c=n-n=c-1S
c-n1-c=n-n=n-1,,,,,,,,,,,,,,,,,,0.0,0.0,0.0,0.0,2.0,0.2903645833333333,right_only,SHAP_only,,c-n1-c=n-n=n-1
c-n1-n=c-c=n-1,,,,,,,,,,,,,,,,,,0.0,0.0,0.0,1.0,0.0,0.2903645833333333,right_only,SHAP_only,,c-n1-n=c-c=n-1
c-n1ccc(c)s1,,,,,,,,,,,,,,,,,,0.336759,1.0,3.0,0.0,0.0,0.9674479166666666,right_only,SHAP_only,,c-n1ccc(c)s1
c/C=C(/CN)C(C)=O,,,,,,,,,,,,,,,,,,0.003558,1.0,1.0,0.0,0.0,0.7604166666666666,right_only,SHAP_only,,c/C=C(/CN)C(C)=O
c/C=C(/S)C(=O)O,,,,,,,,,,,,,,,,,,0.001191,0.558,1.0,0.0,1.0,0.6844618055555556,right_only,SHAP_only,,c/C=C(/S)C(=O)O
c/C=C(\Oc)C(c)=O,c/C=C(\Oc)C(c)=O,0.0,0.0436920524897064,0.0005896232789323,3.229425378418527,0.0,0.0,0.0,4.0,56.0,0.0,VeryNegative_InactiveEnriched,True,0.18254603682946358,0.8602882305844676,0.18254603682946358,0.40846010141446487,,,,,,,left_only,STATS_only,,c/C=C(\Oc)C(c)=O
c/C=C(\S)C(=O)O,,,,,,,,,,,,,,,,,,0.008764,1.0,2.0,0.0,0.0,0.83203125,right_only,SHAP_only,,c/C=C(\S)C(=O)O
c/C=C(\SC)C(N)=O,c/C=C(\SC)C(N)=O,0.229835953520164,0.2933696243875884,0.2925729590853844,0.5337658158138874,0.0357142857142857,0.0003717472118959,1.0,13.0,14.0,0.0,Neutral_Balanced,False,0.3855084067253803,0.610088070456365,0.3855084067253803,0.46036829463570855,,,,,,,left_only,STATS_only,,c/C=C(\SC)C(N)=O
c/C=C/C(=O)O,,,,,,,,,,,,,,,,,,0.0,0.0,0.0,1.0,0.0,0.2903645833333333,right_only,SHAP_only,,c/C=C/C(=O)O
c/C=C/C(N)=O,,,,,,,,,,,,,,,,,,0.0,0.0,0.0,0.0,2.0,0.2903645833333333,right_only,SHAP_only,,c/C=C/C(N)=O
c/C=C/c(n)[nH],,,,,,,,,,,,,,,,,,0.002451,1.0,1.0,0.0,0.0,0.7252604166666666,right_only,SHAP_only,,c/C=C/c(n)[nH]
c/C=C1\Oc=cC1=O,,,,,,,,,,,,,,,,,,0.0,0.0,0.0,55.0,0.0,0.2903645833333333,right_only,SHAP_only,,c/C=C1\Oc=cC1=O
c/C=N/CC,c/C=N/CC,0.919343814080656,1.25278673422386,1.0,-0.0,0.1428571428571428,0.0003717472118959,1.0,6.0,0.0,1.0,Second_StrongWeak_NoInactive,False,0.588470776621297,0.07606084867894315,0.588470776621297,0.417667467307179,,,,,,,left_only,STATS_only,,c/C=N/CC
c/C=N/N(C)C,,,,,,,,,,,,,,,,,,0.0,0.0,0.0,1.0,0.0,0.2903645833333333,right_only,SHAP_only,,c/C=N/N(C)C
c/C=N/NS,c/C=N/NS,0.0,0.1999646002035488,0.4513455900264954,0.3454907965553292,0.0,0.0,0.0,9.0,4.0,1.0,Neutral_Balanced,False,0.18254603682946358,0.48478783026421135,0.18254603682946358,0.28329330130771285,,,,,,,left_only,STATS_only,,c/C=N/NS
c/C=N/Nc,c/C=N/Nc,0.0,0.1455972101133391,0.2585884938801472,0.5873908033362606,0.0,0.0,0.0,5.0,13.0,0.0,Neutral_Balanced,False,0.18254603682946358,0.622898318654924,0.18254603682946358,0.3293301307712837,,,,,,,left_only,STATS_only,,c/C=N/Nc
c/C=N/OC,,,,,,,,,,,,,,,,,,0.002197,1.0,1.0,0.0,0.0,0.7174479166666666,right_only,SHAP_only,,c/C=N/OC
c1c[nH]cn1,,,,,,,,,,,,,,,,,,0.096541,0.7433,4.0,2.0,2.0,0.9184027777777778,right_only,SHAP_only,,c1c[nH]cn1
c1c[nH]nn1,,,,,,,,,,,,,,,,,,0.0,0.0,0.0,15.0,0.0,0.2903645833333333,right_only,SHAP_only,,c1c[nH]nn1
c1cc[nH]c1,,,,,,,,,,,,,,,,,,0.015371,0.8162,3.0,0.0,4.0,0.8658854166666666,right_only,SHAP_only,,c1cc[nH]c1
c1ccoc1,,,,,,,,,,,,,,,,,,0.0,0.0,0.0,15.0,0.0,0.2903645833333333,right_only,SHAP_only,,c1ccoc1
c1ccsc1,,,,,,,,,,,,,,,,,,0.220563,0.8606,45.0,3.0,0.0,0.9565972222222222,right_only,SHAP_only,,c1ccsc1
c1cn[nH]c1,,,,,,,,,,,,,,,,,,0.0,0.0,0.0,2.0,2.0,0.2903645833333333,right_only,SHAP_only,,c1cn[nH]c1
c1cncn1,,,,,,,,,,,,,,,,,,0.000214,0.037,2.0,0.0,11.0,0.6302083333333334,right_only,SHAP_only,,c1cncn1
c1cnnc1,,,,,,,,,,,,,,,,,,0.003543,1.0,2.0,0.0,0.0,0.7595486111111112,right_only,SHAP_only,,c1cnnc1
c1cnnn1,,,,,,,,,,,,,,,,,,0.003997,1.0,2.0,0.0,0.0,0.7717013888888888,right_only,SHAP_only,,c1cnnn1
c1cocn1,,,,,,,,,,,,,,,,,,0.001837,0.1016,2.0,4.0,0.0,0.7048611111111112,right_only,SHAP_only,,c1cocn1
c1cscn1,,,,,,,,,,,,,,,,,,3e-05,0.0083,2.0,11.0,12.0,0.5993923611111112,right_only,SHAP_only,,c1cscn1
c1ncnn1,,,,,,,,,,,,,,,,,,0.003555,1.0,1.0,0.0,0.0,0.7599826388888888,right_only,SHAP_only,,c1ncnn1
c1nn2cnnc2s1,,,,,,,,,,,,,,,,,,0.00187,1.0,1.0,0.0,0.0,0.70703125,right_only,SHAP_only,,c1nn2cnnc2s1
c1nn[nH]n1,,,,,,,,,,,,,,,,,,0.021283,1.0,1.0,0.0,0.0,0.8776041666666666,right_only,SHAP_only,,c1nn[nH]n1
c1nnc2n1CCS2,,,,,,,,,,,,,,,,,,0.0,0.0,0.0,0.0,1.0,0.2903645833333333,right_only,SHAP_only,,c1nnc2n1CCS2
c1nnco1,,,,,,,,,,,,,,,,,,0.0,0.0,0.0,0.0,1.0,0.2903645833333333,right_only,SHAP_only,,c1nnco1
c1nncs1,,,,,,,,,,,,,,,,,,0.0,0.0,0.0,1.0,3.0,0.2903645833333333,right_only,SHAP_only,,c1nncs1
c1nnn[nH]1,,,,,,,,,,,,,,,,,,0.033672,1.0,8.0,0.0,0.0,0.8919270833333334,right_only,SHAP_only,,c1nnn[nH]1
c1nnnn1,,,,,,,,,,,,,,,,,,0.016393,1.0,5.0,0.0,0.0,0.8671875,right_only,SHAP_only,,c1nnnn1
cB(O)OC(c)c,cB(O)OC(c)c,0.0,0.1251146119863299,0.184503748866948,0.7339948051380467,0.0,0.0,0.0,7.0,14.0,0.0,Neutral_Balanced,False,0.18254603682946358,0.6509207365892714,0.18254603682946358,0.3386709367493996,,,,,,,left_only,STATS_only,,cB(O)OC(c)c
cC(=N)N,,,,,,,,,,,,,,,,,,0.0,0.0,0.0,1.0,0.0,0.2903645833333333,right_only,SHAP_only,,cC(=N)N
cC(=O)C[C@@H](c)O,,,,,,,,,,,,,,,,,,0.0,0.0,0.0,1.0,0.0,0.2903645833333333,right_only,SHAP_only,,cC(=O)C[C@@H](c)O
cC(=O)N(C(c)=O)C(C)C,cC(=O)N(C(c)=O)[C@@H](C)C,3.861244019138756,7.943569023569023,0.0092624428868631,2.033274456906992,0.6,0.0022304832713754,6.0,0.0,4.0,2.0,Medium_StrongEnriched,True,0.932746196957566,0.8126501200960768,0.932746196957566,0.8927141713370697,,,,,,,left_only,STATS_only,,cC(=O)N(C(c)=O)[C@@H](C)C
cC(=O)N(O)[C@@H](C)N,,,,,,,,,,,,,,,,,,0.0,0.0,0.0,0.0,1.0,0.2903645833333333,right_only,SHAP_only,,cC(=O)N(O)[C@@H](C)N
cC(=O)NC(N)=S,,,,,,,,,,,,,,,,,,0.0,0.0,0.0,0.0,1.0,0.2903645833333333,right_only,SHAP_only,,cC(=O)NC(N)=S
cC(=O)NC(c)=O,,,,,,,,,,,,,,,,,,0.091392,0.9986,1.0,1.0,0.0,0.9157986111111112,right_only,SHAP_only,,cC(=O)NC(c)=O
cC(=O)NO,,,,,,,,,,,,,,,,,,0.000193,0.2122,1.0,0.0,1.0,0.62890625,right_only,SHAP_only,,cC(=O)NO
cC(=O)N[C@H](C)P,cC(=O)N[C@H](C)P,0.0,0.1860915420425987,0.3510214393177255,0.4546663573431926,0.0,0.0,0.0,0.0,14.0,0.0,Negative_InactiveOnly,False,0.18254603682946358,0.578462770216173,0.18254603682946358,0.31451828129170006,,,,,,,left_only,STATS_only,,cC(=O)N[C@H](C)P
cC(=O)Nc(n)[nH],,,,,,,,,,,,,,,,,,0.012128,1.0,2.0,0.0,0.0,0.8550347222222222,right_only,SHAP_only,,cC(=O)Nc(n)[nH]
cC(=O)OC(C)C,,,,,,,,,,,,,,,,,,0.009093,1.0,1.0,0.0,0.0,0.8350694444444444,right_only,SHAP_only,,cC(=O)OC(C)C
cC(=O)OC(c)C,cC(=O)OC(c)C,0.0,0.3182936256940052,0.7802674544627747,0.1077565074532979,0.0,0.0,0.0,1.0,7.0,0.0,Neutral_Balanced,False,0.18254603682946358,0.2790232185748599,0.18254603682946358,0.21470509741126234,,,,,,,left_only,STATS_only,,cC(=O)OC(c)C
cC(=O)S,cC(=O)S,1.9306220095693776,2.544484556758925,0.4127697585049684,0.3842921287149644,0.3,0.0011152416356877,3.0,5.0,2.0,1.0,Medium_StrongEnriched,False,0.7842273819055244,0.5208166533226581,0.7842273819055244,0.6964238057112357,,,,,,,left_only,STATS_only,,cC(=O)S
cC(C)(C)O,,,,,,,,,,,,,,,,,,0.0,0.0,0.0,0.0,2.0,0.2903645833333333,right_only,SHAP_only,,cC(C)(C)O
cC(C)=CCN,,,,,,,,,,,,,,,,,,0.0,0.0,0.0,1.0,0.0,0.2903645833333333,right_only,SHAP_only,,cC(C)=CCN
cC(C)=N,cC(C)=N,0.0,0.4925600086890409,1.0,-0.0,0.0,0.0,0.0,0.0,5.0,0.0,Negative_InactiveOnly,False,0.18254603682946358,0.07606084867894315,0.18254603682946358,0.14705097411262344,,,,,,,left_only,STATS_only,,cC(C)=N
cC(C)=NN(C)C,cC(C)=NN(C)C,0.0,0.4925600086890409,1.0,-0.0,0.0,0.0,0.0,0.0,5.0,0.0,Negative_InactiveOnly,False,0.18254603682946358,0.07606084867894315,0.18254603682946358,0.14705097411262344,,,,,,,left_only,STATS_only,,cC(C)=NN(C)C
cC(C)C[C@@H](C)N,,,,,,,,,,,,,,,,,,0.0,0.0,0.0,1.0,0.0,0.2903645833333333,right_only,SHAP_only,,cC(C)C[C@@H](C)N
cC(C)NC(C)C,,,,,,,,,,,,,,,,,,0.0,0.0,0.0,1.0,0.0,0.2903645833333333,right_only,SHAP_only,,cC(C)NC(C)C
cC(C)c1n[nH]cn1N,,,,,,,,,,,,,,,,,,0.0,0.0,0.0,1.0,0.0,0.2903645833333333,right_only,SHAP_only,,cC(C)c1n[nH]cn1N
cC(N)=S,cC(N)=S,0.0,0.1740085559024164,0.3510214393177255,0.4546663573431926,0.0,0.0,0.0,11.0,4.0,1.0,Neutral_Balanced,False,0.18254603682946358,0.578462770216173,0.18254603682946358,0.31451828129170006,,,,,,,left_only,STATS_only,,cC(N)=S
cC(N)C(=O)O,,,,,,,,,,,,,,,,,,0.0,0.0,0.0,0.0,1.0,0.2903645833333333,right_only,SHAP_only,,cC(N)C(=O)O
cC(O)C(=O)NN,,,,,,,,,,,,,,,,,,0.0,0.0,0.0,0.0,1.0,0.2903645833333333,right_only,SHAP_only,,cC(O)C(=O)NN
cC(O)O,,,,,,,,,,,,,,,,,,0.002987,1.0,1.0,0.0,0.0,0.7408854166666666,right_only,SHAP_only,,cC(O)O
cC(O)P,,,,,,,,,,,,,,,,,,0.14898,1.0,1.0,0.0,0.0,0.9470486111111112,right_only,SHAP_only,,cC(O)P
cC(O)c1=c-c=c-s-1,,,,,,,,,,,,,,,,,,0.005188,1.0,1.0,0.0,0.0,0.7942708333333334,right_only,SHAP_only,,cC(O)c1=c-c=c-s-1
cC(P)P(=O)(O)O,cC(P)P(=O)(O)O,0.0,0.1455972101133391,0.2585884938801472,0.5873908033362606,0.0,0.0,0.0,4.0,14.0,0.0,Neutral_Balanced,False,0.18254603682946358,0.622898318654924,0.18254603682946358,0.3293301307712837,,,,,,,left_only,STATS_only,,cC(P)P(=O)(O)O
cC(S)C(=O)O,,,,,,,,,,,,,,,,,,0.004568,0.628,1.0,0.0,1.0,0.7829861111111112,right_only,SHAP_only,,cC(S)C(=O)O
cC(c)(C)O,,,,,,,,,,,,,,,,,,0.0,0.0,0.0,1.0,0.0,0.2903645833333333,right_only,SHAP_only,,cC(c)(C)O
cC(c)=O,cC(c)=O,0.919343814080656,1.25278673422386,1.0,-0.0,0.1428571428571428,0.0003717472118959,1.0,0.0,6.0,0.0,Neutral_Balanced,False,0.588470776621297,0.07606084867894315,0.588470776621297,0.417667467307179,,,,,,,left_only,STATS_only,,cC(c)=O
cC(c)C,cC(c)C,0.9900625690099376,1.180385197557284,1.0,-0.0,0.1538461538461538,0.0007434944237918,2.0,1.0,10.0,0.0,Neutral_Balanced,False,0.6172938350680545,0.07606084867894315,0.6172938350680545,0.43688283960501734,,,,,,,left_only,STATS_only,,cC(c)C
cC(c)CC(N)=O,,,,,,,,,,,,,,,,,,0.2433,1.0,3.0,0.0,0.0,0.9596354166666666,right_only,SHAP_only,,cC(c)CC(N)=O
cC(c)c1n[nH]cn1N,,,,,,,,,,,,,,,,,,0.001331,0.6533,2.0,1.0,0.0,0.6888020833333334,right_only,SHAP_only,,cC(c)c1n[nH]cn1N
cC1(c)c=cC(=N)C1=O,,,,,,,,,,,,,,,,,,0.0,0.0,0.0,1.0,0.0,0.2903645833333333,right_only,SHAP_only,,cC1(c)c=cC(=N)C1=O
cC12COC(=O)C1C2,,,,,,,,,,,,,,,,,,0.0,0.0,0.0,0.0,1.0,0.2903645833333333,right_only,SHAP_only,,cC12COC(=O)C1C2
cC1=CNC(C)=c1C(C)C,,,,,,,,,,,,,,,,,,0.0,0.0,0.0,0.0,3.0,0.2903645833333333,right_only,SHAP_only,,cC1=CNC(C)=c1C(C)C
cC1=CSC(C)=c1Cl,,,,,,,,,,,,,,,,,,0.004828,1.0,1.0,0.0,0.0,0.7877604166666666,right_only,SHAP_only,,cC1=CSC(C)=c1Cl
cC1=CSC(C)=c1N,,,,,,,,,,,,,,,,,,0.0,0.0,0.0,0.0,1.0,0.2903645833333333,right_only,SHAP_only,,cC1=CSC(C)=c1N
cC1=c-sC(C)=C1,,,,,,,,,,,,,,,,,,0.0,0.0,0.0,0.0,1.0,0.2903645833333333,right_only,SHAP_only,,cC1=c-sC(C)=C1
cC1C=CC=C1,,,,,,,,,,,,,,,,,,0.0,0.0,0.0,1.0,0.0,0.2903645833333333,right_only,SHAP_only,,cC1C=CC=C1
cC1CC(=N)N1,cC1C/C(=N)N1,3.2177033492822966,5.652446675031368,4.100904670771402e-06,5.387120326162196,0.5,0.0074349442379182,20.0,18.0,2.0,2.0,Medium_StrongEnriched,True,0.8967173738991193,0.9255404323458767,0.8967173738991193,0.9063250600480385,,,,,,,left_only,STATS_only,,cC1C/C(=N)N1
cC1CC1,,,,,,,,,,,,,,,,,,0.000207,0.0267,3.0,1.0,5.0,0.6293402777777778,right_only,SHAP_only,,cC1CC1
cC1CCCC1,,,,,,,,,,,,,,,,,,0.095665,1.0,1.0,0.0,0.0,0.9171006944444444,right_only,SHAP_only,,cC1CCCC1
cC1c=cB(O)O1,,,,,,,,,,,,,,,,,,0.007152,1.0,3.0,0.0,0.0,0.8168402777777778,right_only,SHAP_only,,cC1c=cB(O)O1
cC1c=cC(=O)O1,,,,,,,,,,,,,,,,,,0.003795,1.0,1.0,0.0,0.0,0.7677951388888888,right_only,SHAP_only,,cC1c=cC(=O)O1
cC=C(CO)C(=O)O,,,,,,,,,,,,,,,,,,0.003496,1.0,1.0,0.0,0.0,0.7560763888888888,right_only,SHAP_only,,cC=C(CO)C(=O)O
cC=O,,,,,,,,,,,,,,,,,,0.003304,1.0,1.0,0.0,0.0,0.7508680555555556,right_only,SHAP_only,,cC=O
cCC(=O)NN,,,,,,,,,,,,,,,,,,0.0,0.0,0.0,0.0,1.0,0.2903645833333333,right_only,SHAP_only,,cCC(=O)NN
cCC(=O)O,,,,,,,,,,,,,,,,,,0.0,0.0,0.0,0.0,4.0,0.2903645833333333,right_only,SHAP_only,,cCC(=O)O
cCC(C)C,,,,,,,,,,,,,,,,,,0.0,0.0,0.0,1.0,0.0,0.2903645833333333,right_only,SHAP_only,,cCC(C)C
cCC(O)(P(=O)(O)O)P(=O)(O)O,,,,,,,,,,,,,,,,,,0.0,0.0,0.0,1.0,0.0,0.2903645833333333,right_only,SHAP_only,,cCC(O)(P(=O)(O)O)P(=O)(O)O
cCCC(=O)O,,,,,,,,,,,,,,,,,,0.0,0.0,0.0,0.0,2.0,0.2903645833333333,right_only,SHAP_only,,cCCC(=O)O
cCCC(C)=O,,,,,,,,,,,,,,,,,,0.01116,1.0,1.0,0.0,0.0,0.8493923611111112,right_only,SHAP_only,,cCCC(C)=O
cCCC(C)C,,,,,,,,,,,,,,,,,,0.0,0.0,0.0,1.0,0.0,0.2903645833333333,right_only,SHAP_only,,cCCC(C)C
cCCC(C)P,,,,,,,,,,,,,,,,,,0.0,0.0,0.0,0.0,4.0,0.2903645833333333,right_only,SHAP_only,,cCCC(C)P
cCCCn,,,,,,,,,,,,,,,,,,0.0,0.0,0.0,0.0,1.0,0.2903645833333333,right_only,SHAP_only,,cCCCn
cCCN,,,,,,,,,,,,,,,,,,0.0,0.0,0.0,0.0,1.0,0.2903645833333333,right_only,SHAP_only,,cCCN
cCCNc,,,,,,,,,,,,,,,,,,0.0,0.0,0.0,0.0,1.0,0.2903645833333333,right_only,SHAP_only,,cCCNc
cCCO,,,,,,,,,,,,,,,,,,0.001987,1.0,1.0,0.0,0.0,0.7100694444444444,right_only,SHAP_only,,cCCO
cCCS(c)(=O)=O,,,,,,,,,,,,,,,,,,0.00371,1.0,1.0,0.0,0.0,0.7651909722222222,right_only,SHAP_only,,cCCS(c)(=O)=O
cCCSC,,,,,,,,,,,,,,,,,,0.0,0.0,0.0,0.0,1.0,0.2903645833333333,right_only,SHAP_only,,cCCSC
cCC[C@@H](C)N,cCC[C@@H](C)N,3.575225943646996,6.705226387209459,0.0293572089951024,1.5322852353922911,0.5555555555555556,0.0018587360594795,5.0,4.0,0.0,2.0,Second_StrongWeak_NoInactive,True,0.9155324259407526,0.765812650120096,0.9155324259407526,0.8656258340005337,,,,,,,left_only,STATS_only,,cCC[C@@H](C)N
cCCc(n)s,,,,,,,,,,,,,,,,,,0.0,0.0,0.0,0.0,1.0,0.2903645833333333,right_only,SHAP_only,,cCCc(n)s
cCN(C(c)=O)C(c)P,,,,,,,,,,,,,,,,,,0.0,0.0,0.0,1.0,0.0,0.2903645833333333,right_only,SHAP_only,,cCN(C(c)=O)C(c)P
cCN(C)C,,,,,,,,,,,,,,,,,,0.0,0.0,0.0,2.0,0.0,0.2903645833333333,right_only,SHAP_only,,cCN(C)C
cCN(CC)C(c)=O,,,,,,,,,,,,,,,,,,0.0,0.0,0.0,0.0,1.0,0.2903645833333333,right_only,SHAP_only,,cCN(CC)C(c)=O
cCN(Cc)CC,cCN(Cc)CC,0.919343814080656,1.25278673422386,1.0,-0.0,0.1428571428571428,0.0003717472118959,1.0,6.0,0.0,1.0,Second_StrongWeak_NoInactive,False,0.588470776621297,0.07606084867894315,0.588470776621297,0.417667467307179,,,,,,,left_only,STATS_only,,cCN(Cc)CC
cCN(Cc)P(C)(=O)O,,,,,,,,,,,,,,,,,,0.0,0.0,0.0,0.0,1.0,0.2903645833333333,right_only,SHAP_only,,cCN(Cc)P(C)(=O)O
cCN1C(=O)Cc=c1-c,,,,,,,,,,,,,,,,,,0.0,0.0,0.0,1.0,0.0,0.2903645833333333,right_only,SHAP_only,,cCN1C(=O)Cc=c1-c
cCNC(N)=S,cCNC(N)=S,0.0,0.4925600086890409,1.0,-0.0,0.0,0.0,0.0,4.0,1.0,1.0,Neutral_Balanced,False,0.18254603682946358,0.07606084867894315,0.18254603682946358,0.14705097411262344,,,,,,,left_only,STATS_only,,cCNC(N)=S
cCNC(n)=O,,,,,,,,,,,,,,,,,,0.0,0.0,0.0,0.0,1.0,0.2903645833333333,right_only,SHAP_only,,cCNC(n)=O
cCNP(C)(=O)O,,,,,,,,,,,,,,,,,,0.0,0.0,0.0,1.0,0.0,0.2903645833333333,right_only,SHAP_only,,cCNP(C)(=O)O
cCNc(n)n,,,,,,,,,,,,,,,,,,0.0,0.0,0.0,2.0,0.0,0.2903645833333333,right_only,SHAP_only,,cCNc(n)n
cCOC,,,,,,,,,,,,,,,,,,0.0,0.0,0.0,2.0,0.0,0.2903645833333333,right_only,SHAP_only,,cCOC
cCOC(C)=O,,,,,,,,,,,,,,,,,,0.0,0.0,0.0,2.0,0.0,0.2903645833333333,right_only,SHAP_only,,cCOC(C)=O
cCOC(N)=O,,,,,,,,,,,,,,,,,,0.0,0.0,0.0,2.0,0.0,0.2903645833333333,right_only,SHAP_only,,cCOC(N)=O
cCOCC,,,,,,,,,,,,,,,,,,0.0,0.0,0.0,0.0,1.0,0.2903645833333333,right_only,SHAP_only,,cCOCC
cCONC,cCONC,0.0,0.4165977391783843,0.7802674544627747,0.1077565074532979,0.0,0.0,0.0,3.0,3.0,0.0,Neutral_Balanced,False,0.18254603682946358,0.2790232185748599,0.18254603682946358,0.21470509741126234,,,,,,,left_only,STATS_only,,cCONC
cCS(=O)(=O)N(C)C,,,,,,,,,,,,,,,,,,0.0,0.0,0.0,1.0,0.0,0.2903645833333333,right_only,SHAP_only,,cCS(=O)(=O)N(C)C
cCS(C)(=O)=O,,,,,,,,,,,,,,,,,,0.0,0.0,0.0,2.0,1.0,0.2903645833333333,right_only,SHAP_only,,cCS(C)(=O)=O
cC[C@@H](OC)C(=O)O,,,,,,,,,,,,,,,,,,0.005219,1.0,1.0,0.0,0.0,0.7960069444444444,right_only,SHAP_only,,cC[C@@H](OC)C(=O)O
cC[C@H](C(=O)O)C(C)C,,,,,,,,,,,,,,,,,,0.011711,1.0,1.0,0.0,0.0,0.8519965277777778,right_only,SHAP_only,,cC[C@H](C(=O)O)C(C)C
cC[N+](CC)(CC)CC,,,,,,,,,,,,,,,,,,0.009337,1.0,1.0,0.0,0.0,0.8385416666666666,right_only,SHAP_only,,cC[N+](CC)(CC)CC
cCc1=c(C)-c=c-s-1,,,,,,,,,,,,,,,,,,0.0,0.0,0.0,1.0,0.0,0.2903645833333333,right_only,SHAP_only,,cCc1=c(C)-c=c-s-1
cCc1=c(C)-n=c-s-1,,,,,,,,,,,,,,,,,,0.044152,1.0,5.0,0.0,0.0,0.8975694444444444,right_only,SHAP_only,,cCc1=c(C)-n=c-s-1
cCc1=c-[nH]-c=c-1-c,,,,,,,,,,,,,,,,,,0.0,0.0,0.0,0.0,1.0,0.2903645833333333,right_only,SHAP_only,,cCc1=c-[nH]-c=c-1-c
cCc1=c-c=c-s-1,,,,,,,,,,,,,,,,,,0.0,0.0,0.0,0.0,5.0,0.2903645833333333,right_only,SHAP_only,,cCc1=c-c=c-s-1
cCc1=n-n=c-o-1,,,,,,,,,,,,,,,,,,0.0,0.0,0.0,4.0,0.0,0.2903645833333333,right_only,SHAP_only,,cCc1=n-n=c-o-1
cCc1=n-n=c-s-1,,,,,,,,,,,,,,,,,,0.0,0.0,0.0,1.0,0.0,0.2903645833333333,right_only,SHAP_only,,cCc1=n-n=c-s-1
cCc1cnnn1,,,,,,,,,,,,,,,,,,0.0,0.0,0.0,0.0,3.0,0.2903645833333333,right_only,SHAP_only,,cCc1cnnn1
cCc1n[nH]cn1C,,,,,,,,,,,,,,,,,,0.0,0.0,0.0,0.0,8.0,0.2903645833333333,right_only,SHAP_only,,cCc1n[nH]cn1C
cCc1n[nH]cn1N,,,,,,,,,,,,,,,,,,0.003091,1.0,1.0,0.0,0.0,0.7430555555555556,right_only,SHAP_only,,cCc1n[nH]cn1N
cCn1-c(-c)=c-n=c-1C,,,,,,,,,,,,,,,,,,0.008687,1.0,2.0,0.0,0.0,0.8311631944444444,right_only,SHAP_only,,cCn1-c(-c)=c-n=c-1C
cCn1-c(-c)=n-n=c-1S,,,,,,,,,,,,,,,,,,0.000888,0.4971,1.0,0.0,1.0,0.671875,right_only,SHAP_only,,cCn1-c(-c)=n-n=c-1S
cCn1-c(C)=c-n=c-1C,,,,,,,,,,,,,,,,,,0.000131,0.0414,1.0,1.0,0.0,0.62109375,right_only,SHAP_only,,cCn1-c(C)=c-n=c-1C
cCn1-c=c-c=c-1-c,,,,,,,,,,,,,,,,,,0.0,0.0,0.0,0.0,5.0,0.2903645833333333,right_only,SHAP_only,,cCn1-c=c-c=c-1-c
cCn1-c=c-n=c-1C,,,,,,,,,,,,,,,,,,0.001127,0.1666,4.0,1.0,0.0,0.681640625,right_only,SHAP_only,,cCn1-c=c-n=c-1C
cCn1-c=n-c=n-1,,,,,,,,,,,,,,,,,,0.0,0.0,0.0,2.0,0.0,0.2903645833333333,right_only,SHAP_only,,cCn1-c=n-c=n-1
cCn1-n=c-n=c-1C,,,,,,,,,,,,,,,,,,0.0,0.0,0.0,1.0,0.0,0.2903645833333333,right_only,SHAP_only,,cCn1-n=c-n=c-1C
cCn1-n=c-n=n-1,,,,,,,,,,,,,,,,,,0.0,0.0,0.0,0.0,1.0,0.2903645833333333,right_only,SHAP_only,,cCn1-n=c-n=n-1
cCn1-n=n-c=c-1-n,,,,,,,,,,,,,,,,,,0.0,0.0,0.0,1.0,0.0,0.2903645833333333,right_only,SHAP_only,,cCn1-n=n-c=c-1-n
cCn1-n=n-c=c-1C,,,,,,,,,,,,,,,,,,0.004433,1.0,1.0,0.0,0.0,0.7790798611111112,right_only,SHAP_only,,cCn1-n=n-c=c-1C
cCn1-s-c=c-c-1=O,,,,,,,,,,,,,,,,,,0.055481,1.0,1.0,0.0,0.0,0.9049479166666666,right_only,SHAP_only,,cCn1-s-c=c-c-1=O
cN(C)C(=O)CO,,,,,,,,,,,,,,,,,,0.0,0.0,0.0,0.0,1.0,0.2903645833333333,right_only,SHAP_only,,cN(C)C(=O)CO
cN(C)CCN,cN(C)CCN,0.0,0.4165977391783843,0.7802674544627747,0.1077565074532979,0.0,0.0,0.0,0.0,6.0,0.0,Negative_InactiveOnly,False,0.18254603682946358,0.2790232185748599,0.18254603682946358,0.21470509741126234,,,,,,,left_only,STATS_only,,cN(C)CCN
cN(C)S,,,,,,,,,,,,,,,,,,0.0,0.0,0.0,1.0,0.0,0.2903645833333333,right_only,SHAP_only,,cN(C)S
cN1CC=C(O)C1=O,,,,,,,,,,,,,,,,,,0.0,0.0,0.0,1.0,0.0,0.2903645833333333,right_only,SHAP_only,,cN1CC=C(O)C1=O
cN1CCCC1,,,,,,,,,,,,,,,,,,0.002822,1.0,3.0,0.0,0.0,0.7348090277777778,right_only,SHAP_only,,cN1CCCC1
cN1CCSC1=O,,,,,,,,,,,,,,,,,,0.0,0.0,0.0,0.0,1.0,0.2903645833333333,right_only,SHAP_only,,cN1CCSC1=O
cN1CCS[C@@H]1CS,,,,,,,,,,,,,,,,,,0.27381,1.0,2.0,0.0,0.0,0.9609375,right_only,SHAP_only,,cN1CCS[C@@H]1CS
cNC(=O)C(C)N,,,,,,,,,,,,,,,,,,0.0,0.0,0.0,1.0,1.0,0.2903645833333333,right_only,SHAP_only,,cNC(=O)C(C)N
cNC(=O)C(C)O,,,,,,,,,,,,,,,,,,0.0,0.0,0.0,0.0,1.0,0.2903645833333333,right_only,SHAP_only,,cNC(=O)C(C)O
cNC(=O)C(c)=N,cNC(=O)/C(c)=N,0.0,0.1633901741428623,0.3515257467962129,0.4540428604534837,0.0,0.0,0.0,11.0,5.0,1.0,Neutral_Balanced,False,0.18254603682946358,0.5544435548438751,0.18254603682946358,0.3065118761676007,,,,,,,left_only,STATS_only,,cNC(=O)/C(c)=N
cNC(=O)C(c)N,,,,,,,,,,,,,,,,,,0.0,0.0,0.0,0.0,1.0,0.2903645833333333,right_only,SHAP_only,,cNC(=O)C(c)N
cNC(=O)C(c)S,,,,,,,,,,,,,,,,,,0.000124,0.0576,1.0,1.0,0.0,0.6193576388888888,right_only,SHAP_only,,cNC(=O)C(c)S
cNC(=O)N(C)C,,,,,,,,,,,,,,,,,,0.01076,1.0,1.0,0.0,0.0,0.8446180555555556,right_only,SHAP_only,,cNC(=O)N(C)C
cNC(=O)NC,,,,,,,,,,,,,,,,,,0.004622,1.0,1.0,0.0,0.0,0.78515625,right_only,SHAP_only,,cNC(=O)NC
cNC(=O)Sc,cNC(=O)Sc,0.0,0.2574386982989133,0.624428810259094,0.2045170674163206,0.0,0.0,0.0,7.0,3.0,1.0,Neutral_Balanced,False,0.18254603682946358,0.40392313851080863,0.18254603682946358,0.2563384040565786,,,,,,,left_only,STATS_only,,cNC(=O)Sc
cNC(=O)[C@@H](C)N,,,,,,,,,,,,,,,,,,0.18042,1.0,1.0,0.0,0.0,0.9509548611111112,right_only,SHAP_only,,cNC(=O)[C@@H](C)N
cNC(=S)NN,cNC(=S)NN,1.7697368421052633,2.14622023500052,0.1531322322501646,0.8149333866037777,0.275,0.004089219330855,11.0,22.0,7.0,1.0,Medium_StrongEnriched,False,0.7578062449959968,0.6865492393915132,0.7578062449959968,0.7340539097945022,,,,,,,left_only,STATS_only,,cNC(=S)NN
cNNC(c)=O,,,,,,,,,,,,,,,,,,0.0,0.0,0.0,1.0,0.0,0.2903645833333333,right_only,SHAP_only,,cNNC(c)=O
cOB(O)[C@H](C)S,,,,,,,,,,,,,,,,,,0.00573,1.0,1.0,0.0,0.0,0.8020833333333334,right_only,SHAP_only,,cOB(O)[C@H](C)S
cOC(=O)[C@@H](c)N,,,,,,,,,,,,,,,,,,0.015747,1.0,1.0,0.0,0.0,0.8663194444444444,right_only,SHAP_only,,cOC(=O)[C@@H](c)N
cOC(C)=O,,,,,,,,,,,,,,,,,,0.0,0.0,0.0,1.0,0.0,0.2903645833333333,right_only,SHAP_only,,cOC(C)=O
cOC(C)C(C)O,,,,,,,,,,,,,,,,,,0.0,0.0,0.0,1.0,0.0,0.2903645833333333,right_only,SHAP_only,,cOC(C)C(C)O
cOC(F)(F)F,,,,,,,,,,,,,,,,,,0.0,0.0,0.0,0.0,1.0,0.2903645833333333,right_only,SHAP_only,,cOC(F)(F)F
cOC(N)=C(C)C,,,,,,,,,,,,,,,,,,0.0,0.0,0.0,1.0,0.0,0.2903645833333333,right_only,SHAP_only,,cOC(N)=C(C)C
cOC(OC)[C@@H](C)O,cO[C@H](OC)[C@@H](C)O,0.0,0.3608920748705695,0.7802674544627747,0.1077565074532979,0.0,0.0,0.0,4.0,3.0,1.0,Neutral_Balanced,False,0.18254603682946358,0.2790232185748599,0.18254603682946358,0.21470509741126234,,,,,,,left_only,STATS_only,,cO[C@H](OC)[C@@H](C)O
cOCC(=O)O,,,,,,,,,,,,,,,,,,0.0,0.0,0.0,3.0,0.0,0.2903645833333333,right_only,SHAP_only,,cOCC(=O)O
cOCC(C)C,,,,,,,,,,,,,,,,,,0.003682,1.0,1.0,0.0,0.0,0.7625868055555556,right_only,SHAP_only,,cOCC(C)C
cOCN(C)C,,,,,,,,,,,,,,,,,,0.0,0.0,0.0,1.0,0.0,0.2903645833333333,right_only,SHAP_only,,cOCN(C)C
cOCOc,cOCOc,0.0,0.0850164040128197,0.0421194412944973,1.3755173982730209,0.0,0.0,0.0,11.0,20.0,0.0,Neutral_Balanced,True,0.18254603682946358,0.7497998398718975,0.18254603682946358,0.3716306378436082,,,,,,,left_only,STATS_only,,cOCOc
cOCc(n)[nH],,,,,,,,,,,,,,,,,,0.0,0.0,0.0,1.0,0.0,0.2903645833333333,right_only,SHAP_only,,cOCc(n)[nH]
cOP(=O)(O)O,,,,,,,,,,,,,,,,,,0.007501,1.0,1.0,0.0,0.0,0.8203125,right_only,SHAP_only,,cOP(=O)(O)O
cP(=O)(O)O,,,,,,,,,,,,,,,,,,0.0,0.0,0.0,0.0,1.0,0.2903645833333333,right_only,SHAP_only,,cP(=O)(O)O
cS(=O)(=O)CCn,,,,,,,,,,,,,,,,,,0.0,0.0,0.0,1.0,0.0,0.2903645833333333,right_only,SHAP_only,,cS(=O)(=O)CCn
cS(=O)(=O)Cc(n)n,,,,,,,,,,,,,,,,,,0.002762,1.0,1.0,0.0,0.0,0.7330729166666666,right_only,SHAP_only,,cS(=O)(=O)Cc(n)n
cS(=O)(=O)NC(N)=O,,,,,,,,,,,,,,,,,,0.00329,1.0,1.0,0.0,0.0,0.7495659722222222,right_only,SHAP_only,,cS(=O)(=O)NC(N)=O
cS(=O)(=O)O,cS(=O)(=O)O,0.0,0.1143648796359846,0.1339509415067059,0.8730542295008634,0.0,0.0,0.0,10.0,13.0,0.0,Neutral_Balanced,False,0.18254603682946358,0.699759807846277,0.18254603682946358,0.35495062716840137,,,,,,,left_only,STATS_only,,cS(=O)(=O)O
cS(c)(=O)=O,,,,,,,,,,,,,,,,,,0.001872,0.3944,1.0,0.0,1.0,0.7074652777777778,right_only,SHAP_only,,cS(c)(=O)=O
cSCC#N,,,,,,,,,,,,,,,,,,0.0,0.0,0.0,1.0,0.0,0.2903645833333333,right_only,SHAP_only,,cSCC#N
cSc,,,,,,,,,,,,,,,,,,0.0,0.0,0.0,0.0,1.0,0.2903645833333333,right_only,SHAP_only,,cSc
c[C@@H]1CCN(C)C1,,,,,,,,,,,,,,,,,,0.0,0.0,0.0,1.0,0.0,0.2903645833333333,right_only,SHAP_only,,c[C@@H]1CCN(C)C1
c[C@@H]1CNCS1,,,,,,,,,,,,,,,,,,0.0,0.0,0.0,0.0,1.0,0.2903645833333333,right_only,SHAP_only,,c[C@@H]1CNCS1
c[C@@H]1C[C@H]1n,,,,,,,,,,,,,,,,,,0.004573,1.0,2.0,0.0,0.0,0.7834201388888888,right_only,SHAP_only,,c[C@@H]1C[C@H]1n
c[C@H](N)C(=O)O,c[C@H](N)C(=O)O,0.0,0.4925600086890409,1.0,-0.0,0.0,0.0,0.0,2.0,3.0,0.0,Neutral_Balanced,False,0.18254603682946358,0.07606084867894315,0.18254603682946358,0.14705097411262344,,,,,,,left_only,STATS_only,,c[C@H](N)C(=O)O
c[C@H]1C[C@H]1n,,,,,,,,,,,,,,,,,,0.00151,1.0,1.0,0.0,0.0,0.6948784722222222,right_only,SHAP_only,,c[C@H]1C[C@H]1n
c[n+](c)[O-],,,,,,,,,,,,,,,,,,0.0,0.0,0.0,1.0,0.0,0.2903645833333333,right_only,SHAP_only,,c[n+](c)[O-]
c[nH]c(=O)c(c)c,,,,,,,,,,,,,,,,,,0.0,0.0,0.0,0.0,1.0,0.2903645833333333,right_only,SHAP_only,,c[nH]c(=O)c(c)c
c[nH]c(=O)n(c)-c,,,,,,,,,,,,,,,,,,0.0,0.0,0.0,1.0,0.0,0.2903645833333333,right_only,SHAP_only,,c[nH]c(=O)n(c)-c
c[nH]c(=S)[nH]c,,,,,,,,,,,,,,,,,,0.012602,1.0,1.0,0.0,0.0,0.859375,right_only,SHAP_only,,c[nH]c(=S)[nH]c
c[nH]c(=S)[nH]n,c[nH]c(=S)[nH]n,0.0,0.2349488338268142,0.4513455900264954,0.3454907965553292,0.0,0.0,0.0,1.0,10.0,0.0,VeryNegative_InactiveEnriched,False,0.18254603682946358,0.48478783026421135,0.18254603682946358,0.28329330130771285,,,,,,,left_only,STATS_only,,c[nH]c(=S)[nH]n
c[nH]c(=S)n(c)O,,,,,,,,,,,,,,,,,,0.0,0.0,0.0,0.0,1.0,0.2903645833333333,right_only,SHAP_only,,c[nH]c(=S)n(c)O
c[nH]c(C(=O)O)c(c)-c,c-c(c)c([nH]c)C(=O)O,5.778732545649839,48.98834810049763,8.926019410975589e-29,12.0,0.8979591836734694,0.01635687732342,44.0,5.0,0.0,2.0,Second_StrongWeak_NoInactive,True,0.9871897518014412,0.9875900720576462,0.9871897518014412,0.9873231918868429,,,,,,,left_only,STATS_only,,c-c(c)c([nH]c)C(=O)O
c[nH]c(CC)n[nH],c[nH]c(CC)n[nH],0.0,0.4925600086890409,1.0,-0.0,0.0,0.0,0.0,0.0,5.0,0.0,Negative_InactiveOnly,False,0.18254603682946358,0.07606084867894315,0.18254603682946358,0.14705097411262344,,,,,,,left_only,STATS_only,,c[nH]c(CC)n[nH]
c[nH]c(c(c)C)c(c)c,c[nH]c(c(c)C)c(c)c,5.791866028708134,50.22331751247414,2.1121857798524025e-29,12.0,0.9,0.0167286245353159,45.0,3.0,2.0,2.0,Medium_StrongEnriched,True,0.9879903923138511,0.9875900720576462,0.9879903923138511,0.9878569522284494,,,,,,,left_only,STATS_only,,c[nH]c(c(c)C)c(c)c
c[nH]c(nn)-c(c)c,c[nH]c(nn)-c(c)c,3.718234981392876,7.802417115792912,1.7270769758089004e-09,8.762688305499106,0.5777777777777777,0.0096654275092936,26.0,7.0,12.0,2.0,Medium_StrongEnriched,True,0.9283426741393115,0.9603682946357086,0.9283426741393115,0.9390178809714439,,,,,,,left_only,STATS_only,,c[nH]c(nn)-c(c)c
c[nH]c(nn)SC,c[nH]c(nn)SC,3.656481078729883,7.488906265272212,6.264625393742992e-09,8.203104893431904,0.5681818181818182,0.0092936802973977,25.0,7.0,12.0,2.0,Medium_StrongEnriched,True,0.9199359487590072,0.9575660528422738,0.9199359487590072,0.9324793167867628,,,,,,,left_only,STATS_only,,c[nH]c(nn)SC
c[nH]cc(C)n,c[nH]cc(C)n,3.2177033492822966,5.594795539033457,9.03925709388009e-05,4.043867261259862,0.5,0.0055762081784386,15.0,8.0,7.0,2.0,Medium_StrongEnriched,True,0.8967173738991193,0.8871096877502002,0.8967173738991193,0.8935148118494797,,,,,,,left_only,STATS_only,,c[nH]cc(C)n
c[nH]cc(c)C,c[nH]cc(c)C,0.3575225943646996,0.3894601318788385,0.2867749980931113,0.5424587144530169,0.0555555555555555,0.0007434944237918,2.0,2.0,32.0,0.0,VeryNegative_InactiveEnriched,False,0.4159327461969576,0.6132906325060048,0.4159327461969576,0.48171870829997326,,,,,,,left_only,STATS_only,,c[nH]cc(c)C
c[nH]nc(-c)n,c-c(n)n[nH]c,0.2540292117854444,0.2082084923413336,6.78198849634526e-10,9.168642951210543,0.0394736842105263,0.0044609665427509,12.0,43.0,249.0,0.0,Neutral_Balanced,True,0.3899119295436349,0.9631705364291433,0.3899119295436349,0.5809981318388043,,,,,,,left_only,STATS_only,,c-c(n)n[nH]c
c[nH]nc(C)[nH],c[nH]nc(C)[nH],0.0,0.3608920748705695,0.7802674544627747,0.1077565074532979,0.0,0.0,0.0,0.0,7.0,0.0,Negative_InactiveOnly,False,0.18254603682946358,0.2790232185748599,0.18254603682946358,0.21470509741126234,,,,,,,left_only,STATS_only,,c[nH]nc(C)[nH]
c[nH]nc(C)n,c[nH]nc(C)n,0.2644687684341613,0.2631623865973662,0.0220956185057403,1.6556938370584438,0.0410958904109589,0.0011152416356877,3.0,7.0,63.0,0.0,Neutral_Balanced,True,0.3939151321056846,0.7806244995996797,0.3939151321056846,0.5228182546036829,,,,,,,left_only,STATS_only,,c[nH]nc(C)n
c[nH]nc(c)S,,,,,,,,,,,,,,,,,,0.0,0.0,0.0,0.0,1.0,0.2903645833333333,right_only,SHAP_only,,c[nH]nc(c)S
c[nH]ncn,c[nH]ncn,0.0,0.2846632710809281,0.624428810259094,0.2045170674163206,0.0,0.0,0.0,1.0,8.0,0.0,VeryNegative_InactiveEnriched,False,0.18254603682946358,0.40392313851080863,0.18254603682946358,0.2563384040565786,,,,,,,left_only,STATS_only,,c[nH]ncn
c[nH]nnn,c[nH]nnn,1.8628808864265929,2.3043614054657,0.1333025834323242,0.8751614337854604,0.2894736842105263,0.004089219330855,11.0,8.0,19.0,0.0,Medium_StrongEnriched,False,0.7746196957566053,0.7037630104083267,0.7746196957566053,0.7510008006405124,,,,,,,left_only,STATS_only,,c[nH]nnn
c[nH]s,,,,,,,,,,,,,,,,,,0.0,0.0,0.0,0.0,1.0,0.2903645833333333,right_only,SHAP_only,,c[nH]s
c[se]n(CC)c(c)=O,c[se]n(CC)c(c)=O,4.290271132376395,9.859831121833537,0.0293572089951024,1.5322852353922911,0.6666666666666666,0.0014869888475836,4.0,2.0,0.0,2.0,Second_StrongWeak_NoInactive,True,0.9471577261809447,0.765812650120096,0.9471577261809447,0.8867093674939953,,,,,,,left_only,STATS_only,,c[se]n(CC)c(c)=O
cc(-c)[nH]c(c)c,c-c(c)[nH]c(c)c,0.0,0.3182936256940052,0.7802674544627747,0.1077565074532979,0.0,0.0,0.0,1.0,7.0,0.0,Neutral_Balanced,False,0.18254603682946358,0.2790232185748599,0.18254603682946358,0.21470509741126234,,,,,,,left_only,STATS_only,,c-c(c)[nH]c(c)c
cc(-c)c(-c(n)[nH])c(c)S,c-c(c)c(-c(n)[nH])c(c)S,5.005316321105795,16.55285540704739,0.0004572120055597,3.339882374340011,0.7777777777777778,0.0026022304832713,7.0,2.0,0.0,2.0,Second_StrongWeak_NoInactive,True,0.9711769415532426,0.8670936749399519,0.9711769415532426,0.9364825193488123,,,,,,,left_only,STATS_only,,c-c(c)c(-c(n)[nH])c(c)S
cc(-c)c(C#N)c(n)N,c-c(c)c(C#N)c(N)n,0.0,0.1740085559024164,0.3510214393177255,0.4546663573431926,0.0,0.0,0.0,6.0,9.0,0.0,Neutral_Balanced,False,0.18254603682946358,0.578462770216173,0.18254603682946358,0.31451828129170006,,,,,,,left_only,STATS_only,,c-c(c)c(C#N)c(N)n
cc(-c)c(C(=O)O)n(c)S,c-c(c)c(C(=O)O)n(c)S,6.435406698564593,82.83718104495748,2.218050812765842e-05,4.654028508930303,1.0,0.0026022304832713,7.0,0.0,0.0,2.0,Highest_StrongOnly,True,0.9951961569255404,0.899119295436349,0.9951961569255404,0.9631705364291433,,,,,,,left_only,STATS_only,,c-c(c)c(C(=O)O)n(c)S
cc(-c)c(O)c(c)C,,,,,,,,,,,,,,,,,,0.0,0.0,0.0,1.0,0.0,0.2903645833333333,right_only,SHAP_only,,cc(-c)c(O)c(c)C
cc(-c)cc(=O)o,,,,,,,,,,,,,,,,,,0.003298,1.0,1.0,0.0,0.0,0.75,right_only,SHAP_only,,cc(-c)cc(=O)o
cc(-c)cc(n)n,,,,,,,,,,,,,,,,,,0.0,0.0,0.0,0.0,1.0,0.2903645833333333,right_only,SHAP_only,,cc(-c)cc(n)n
cc(-c)n(Cc)c(c)N,cCn(c(-c)c)c(c)N,0.0,0.1740085559024164,0.3510214393177255,0.4546663573431926,0.0,0.0,0.0,6.0,9.0,0.0,Neutral_Balanced,False,0.18254603682946358,0.578462770216173,0.18254603682946358,0.31451828129170006,,,,,,,left_only,STATS_only,,cCn(c(-c)c)c(c)N
cc(-c)nc(c)c,,,,,,,,,,,,,,,,,,0.005872,1.0,2.0,0.0,0.0,0.8029513888888888,right_only,SHAP_only,,cc(-c)nc(c)c
cc(-c)nn(c)-c,c-c(c)nn(-c)c,0.0,0.1860915420425987,0.3510214393177255,0.4546663573431926,0.0,0.0,0.0,9.0,5.0,1.0,Neutral_Balanced,False,0.18254603682946358,0.578462770216173,0.18254603682946358,0.31451828129170006,,,,,,,left_only,STATS_only,,c-c(c)nn(-c)c
cc(-c)nnn,c-c(c)nnn,1.0725677830940987,1.1312214452779428,1.0,-0.0,0.1666666666666666,0.0037174721189591,10.0,13.0,37.0,0.0,Neutral_Balanced,False,0.6461168935148118,0.07606084867894315,0.6461168935148118,0.4560982119028556,,,,,,,left_only,STATS_only,,c-c(c)nnn
cc(-c)oc(c)C,c-c(c)oc(c)C,0.0,0.3182936256940052,0.7802674544627747,0.1077565074532979,0.0,0.0,0.0,3.0,5.0,0.0,Neutral_Balanced,False,0.18254603682946358,0.2790232185748599,0.18254603682946358,0.21470509741126234,,,,,,,left_only,STATS_only,,c-c(c)oc(c)C
cc(-n)cc(c)O,,,,,,,,,,,,,,,,,,0.0,0.0,0.0,0.0,2.0,0.2903645833333333,right_only,SHAP_only,,cc(-n)cc(c)O
cc(=O)[nH]c([nH])=S,,,,,,,,,,,,,,,,,,0.0,0.0,0.0,1.0,0.0,0.2903645833333333,right_only,SHAP_only,,cc(=O)[nH]c([nH])=S
cc(=O)c(C#N)co,,,,,,,,,,,,,,,,,,0.0,0.0,0.0,1.0,0.0,0.2903645833333333,right_only,SHAP_only,,cc(=O)c(C#N)co
cc(=O)cc(-c)o,,,,,,,,,,,,,,,,,,0.0,0.0,0.0,0.0,3.0,0.2903645833333333,right_only,SHAP_only,,cc(=O)cc(-c)o
cc(=O)n(C)c(c)c,,,,,,,,,,,,,,,,,,0.001723,0.4233,1.0,0.0,1.0,0.6996527777777778,right_only,SHAP_only,,cc(=O)n(C)c(c)c
cc(=O)n(CC)c(c)c,,,,,,,,,,,,,,,,,,0.007541,1.0,1.0,0.0,0.0,0.8207465277777778,right_only,SHAP_only,,cc(=O)n(CC)c(c)c
cc(=O)n(CC)c(n)S,,,,,,,,,,,,,,,,,,0.0,0.0,0.0,0.0,1.0,0.2903645833333333,right_only,SHAP_only,,cc(=O)n(CC)c(n)S
cc(=O)n(Cc)c(C)n,,,,,,,,,,,,,,,,,,0.0,0.0,0.0,0.0,1.0,0.2903645833333333,right_only,SHAP_only,,cc(=O)n(Cc)c(C)n
cc(=O)n(O)c([nH])=S,,,,,,,,,,,,,,,,,,0.004347,1.0,1.0,0.0,0.0,0.7760416666666666,right_only,SHAP_only,,cc(=O)n(O)c([nH])=S
cc(=O)n(cn)CC,,,,,,,,,,,,,,,,,,0.0,0.0,0.0,1.0,0.0,0.2903645833333333,right_only,SHAP_only,,cc(=O)n(cn)CC
cc(Br)-c1=c(-c)CCN1,,,,,,,,,,,,,,,,,,0.006602,1.0,3.0,0.0,0.0,0.8125,right_only,SHAP_only,,cc(Br)-c1=c(-c)CCN1
cc(Br)c(O)c(c)n,,,,,,,,,,,,,,,,,,0.0,0.0,0.0,0.0,2.0,0.2903645833333333,right_only,SHAP_only,,cc(Br)c(O)c(c)n
cc(C)-c1=c(-c)-[nH]-c=c-1C,,,,,,,,,,,,,,,,,,0.0,0.0,0.0,2.0,0.0,0.2903645833333333,right_only,SHAP_only,,cc(C)-c1=c(-c)-[nH]-c=c-1C
cc(C)-c1=c(-c)-c=c-[nH]-1,,,,,,,,,,,,,,,,,,0.144131,0.5645,2.0,5.0,11.0,0.9457465277777778,right_only,SHAP_only,,cc(C)-c1=c(-c)-c=c-[nH]-1
cc(C)-c1=c(-c)-c=c-s-1,,,,,,,,,,,,,,,,,,0.0,0.0,0.0,0.0,2.0,0.2903645833333333,right_only,SHAP_only,,cc(C)-c1=c(-c)-c=c-s-1
cc(C)-c1=c(-c)CCN1,,,,,,,,,,,,,,,,,,0.0,0.0,0.0,2.0,0.0,0.2903645833333333,right_only,SHAP_only,,cc(C)-c1=c(-c)CCN1
cc(C)[nH]c(c)c,Cc(c)[nH]c(c)c,5.516062884483937,34.87441454314519,2.1121857798524025e-29,12.0,0.8571428571428571,0.0178438661710037,48.0,7.0,1.0,2.0,Medium_StrongEnriched,True,0.9819855884707767,0.9875900720576462,0.9819855884707767,0.9838537496663999,,,,,,,left_only,STATS_only,,Cc(c)[nH]c(c)c
cc(C)[nH]nn,cc(C)[nH]nn,0.0,0.1860915420425987,0.3510214393177255,0.4546663573431926,0.0,0.0,0.0,0.0,14.0,0.0,Negative_InactiveOnly,False,0.18254603682946358,0.578462770216173,0.18254603682946358,0.31451828129170006,,,,,,,left_only,STATS_only,,cc(C)[nH]nn
cc(C)c(-c(n)n)c(c)C,,,,,,,,,,,,,,,,,,0.0,0.0,0.0,1.0,0.0,0.2903645833333333,right_only,SHAP_only,,cc(C)c(-c(n)n)c(c)C
cc(C)c(C)c(c)[nH],,,,,,,,,,,,,,,,,,0.0,0.0,0.0,1.0,0.0,0.2903645833333333,right_only,SHAP_only,,cc(C)c(C)c(c)[nH]
cc(C)c(CC)c(=O)o,,,,,,,,,,,,,,,,,,0.0,0.0,0.0,1.0,0.0,0.2903645833333333,right_only,SHAP_only,,cc(C)c(CC)c(=O)o
cc(C)c(CC)c(c)c,,,,,,,,,,,,,,,,,,0.012402,1.0,1.0,0.0,0.0,0.8576388888888888,right_only,SHAP_only,,cc(C)c(CC)c(c)c
cc(C)c(Cl)c(c)Cl,,,,,,,,,,,,,,,,,,0.0,0.0,0.0,1.0,1.0,0.2903645833333333,right_only,SHAP_only,,cc(C)c(Cl)c(c)Cl
cc(C)c(O)c(c)-n,,,,,,,,,,,,,,,,,,0.0,0.0,0.0,0.0,1.0,0.2903645833333333,right_only,SHAP_only,,cc(C)c(O)c(c)-n
cc(C)c(O)c(c)C,,,,,,,,,,,,,,,,,,0.006011,0.6575,1.0,0.0,1.0,0.8059895833333334,right_only,SHAP_only,,cc(C)c(O)c(c)C
cc(C)c(OC)c(c)O,COc(c(C)c)c(c)O,0.0,0.2160573476702509,0.4513455900264954,0.3454907965553292,0.0,0.0,0.0,1.0,11.0,0.0,VeryNegative_InactiveEnriched,False,0.18254603682946358,0.48478783026421135,0.18254603682946358,0.28329330130771285,,,,,,,left_only,STATS_only,,COc(c(C)c)c(c)O
cc(C)c(c(c)Br)c(c)[nH],,,,,,,,,,,,,,,,,,0.007159,1.0,1.0,0.0,0.0,0.8172743055555556,right_only,SHAP_only,,cc(C)c(c(c)Br)c(c)[nH]
cc(C)c(c(c)C)c(c)o,,,,,,,,,,,,,,,,,,0.005118,1.0,1.0,0.0,0.0,0.7925347222222222,right_only,SHAP_only,,cc(C)c(c(c)C)c(c)o
cc(C)cc(C)n,,,,,,,,,,,,,,,,,,0.0,0.0,0.0,1.0,0.0,0.2903645833333333,right_only,SHAP_only,,cc(C)cc(C)n
cc(C)cc([nH])=O,,,,,,,,,,,,,,,,,,0.007188,0.4517,3.0,1.0,0.0,0.8185763888888888,right_only,SHAP_only,,cc(C)cc([nH])=O
cc(C)cc(c)[nH],,,,,,,,,,,,,,,,,,0.0,0.0,0.0,0.0,1.0,0.2903645833333333,right_only,SHAP_only,,cc(C)cc(c)[nH]
cc(C)cc(c)o,cc(C)cc(c)o,0.0,0.4925600086890409,1.0,-0.0,0.0,0.0,0.0,0.0,5.0,0.0,Negative_InactiveOnly,False,0.18254603682946358,0.07606084867894315,0.18254603682946358,0.14705097411262344,,,,,,,left_only,STATS_only,,cc(C)cc(c)o
cc(C)cc(c)s,,,,,,,,,,,,,,,,,,0.0,0.0,0.0,1.0,0.0,0.2903645833333333,right_only,SHAP_only,,cc(C)cc(c)s
cc(C)cc(n)=O,,,,,,,,,,,,,,,,,,0.0,0.0,0.0,1.0,0.0,0.2903645833333333,right_only,SHAP_only,,cc(C)cc(n)=O
cc(C)ccs,cc(C)ccs,0.0,0.3608920748705695,0.7802674544627747,0.1077565074532979,0.0,0.0,0.0,1.0,6.0,0.0,Neutral_Balanced,False,0.18254603682946358,0.2790232185748599,0.18254603682946358,0.21470509741126234,,,,,,,left_only,STATS_only,,cc(C)ccs
cc(C)cn(-c)n,Cc(c)cn(-c)n,0.0,0.1860915420425987,0.3510214393177255,0.4546663573431926,0.0,0.0,0.0,9.0,5.0,1.0,Neutral_Balanced,False,0.18254603682946358,0.578462770216173,0.18254603682946358,0.31451828129170006,,,,,,,left_only,STATS_only,,Cc(c)cn(-c)n
cc(C)cn(c)C,Cc(c)cn(c)C,0.0,0.1539853217272572,0.2585884938801472,0.5873908033362606,0.0,0.0,0.0,2.0,15.0,0.0,VeryNegative_InactiveEnriched,False,0.18254603682946358,0.622898318654924,0.18254603682946358,0.3293301307712837,,,,,,,left_only,STATS_only,,Cc(c)cn(c)C
cc(C)cnn,,,,,,,,,,,,,,,,,,0.002939,1.0,1.0,0.0,0.0,0.7395833333333334,right_only,SHAP_only,,cc(C)cnn
cc(C)nc(N)s,Cc(c)nc(N)s,2.544230555246467,3.6949881341196926,0.0007717142597721,3.1125434747621936,0.3953488372093023,0.0063197026022304,17.0,20.0,6.0,1.0,Medium_StrongEnriched,True,0.8426741393114492,0.8482786228983187,0.8426741393114492,0.8445423005070724,,,,,,,left_only,STATS_only,,Cc(c)nc(N)s
cc(C)nc(c)[nH],,,,,,,,,,,,,,,,,,0.0,0.0,0.0,2.0,0.0,0.2903645833333333,right_only,SHAP_only,,cc(C)nc(c)[nH]
cc(C)nc(n)O,,,,,,,,,,,,,,,,,,0.003273,0.4704,1.0,0.0,1.0,0.7491319444444444,right_only,SHAP_only,,cc(C)nc(n)O
cc(C)nc[nH],cc(C)nc[nH],3.2177033492822966,5.606211180124224,4.703118533254159e-05,4.327614075540654,0.5,0.0059479553903345,16.0,8.0,8.0,2.0,Medium_StrongEnriched,True,0.8967173738991193,0.8919135308246597,0.8967173738991193,0.8951160928742995,,,,,,,left_only,STATS_only,,cc(C)nc[nH]
cc(C)ncs,Cc(c)ncs,3.917204077387144,9.217312567910176,1.9149448743358714e-16,12.0,0.6086956521739131,0.0156133828996282,42.0,16.0,11.0,2.0,Medium_StrongEnriched,True,0.9359487590072058,0.9875900720576462,0.9359487590072058,0.9531625300240192,,,,,,,left_only,STATS_only,,Cc(c)ncs
cc(C)nn[nH],cc(C)nn[nH],0.0,0.1860915420425987,0.3510214393177255,0.4546663573431926,0.0,0.0,0.0,0.0,14.0,0.0,Negative_InactiveOnly,False,0.18254603682946358,0.578462770216173,0.18254603682946358,0.31451828129170006,,,,,,,left_only,STATS_only,,cc(C)nn[nH]
cc(C)nnn,cc(C)nnn,0.5148325358851674,0.5745702536333682,0.6707172598361903,0.1734605176415039,0.08,0.0007434944237918,2.0,3.0,20.0,0.0,Neutral_Balanced,False,0.466773418734988,0.38030424339471575,0.466773418734988,0.43795036028823064,,,,,,,left_only,STATS_only,,cc(C)nnn
cc(C)oc(c)C,cc(C)oc(c)C,2.145135566188197,3.025877017473656,0.4513455900264954,0.3454907965553292,0.3333333333333333,0.0007434944237918,2.0,3.0,1.0,1.0,Medium_StrongEnriched,False,0.8090472377902321,0.48478783026421135,0.8090472377902321,0.7009607686148919,,,,,,,left_only,STATS_only,,cc(C)oc(c)C
cc(C)sc(n)N,cc(C)sc(n)N,2.604807473228526,3.841598906063048,0.0005896232789323,3.229425378418527,0.4047619047619047,0.0063197026022304,17.0,20.0,5.0,1.0,Medium_StrongEnriched,True,0.8598879103282626,0.8602882305844676,0.8598879103282626,0.8600213504136643,,,,,,,left_only,STATS_only,,cc(C)sc(n)N
cc(C)scn,cc(C)scn,0.0,0.1860915420425987,0.3510214393177255,0.4546663573431926,0.0,0.0,0.0,0.0,14.0,0.0,Negative_InactiveOnly,False,0.18254603682946358,0.578462770216173,0.18254603682946358,0.31451828129170006,,,,,,,left_only,STATS_only,,cc(C)scn
cc(Cl)-c1=c(-c)-c=c-[nH]-1,,,,,,,,,,,,,,,,,,0.0,0.0,0.0,1.0,0.0,0.2903645833333333,right_only,SHAP_only,,cc(Cl)-c1=c(-c)-c=c-[nH]-1
cc(Cl)-c1=c(-c)CCN1,,,,,,,,,,,,,,,,,,0.0,0.0,0.0,1.0,0.0,0.2903645833333333,right_only,SHAP_only,,cc(Cl)-c1=c(-c)CCN1
cc(Cl)c(CC)c(c)Cl,,,,,,,,,,,,,,,,,,0.0,0.0,0.0,2.0,0.0,0.2903645833333333,right_only,SHAP_only,,cc(Cl)c(CC)c(c)Cl
cc(Cl)c(NS)c(c)n,,,,,,,,,,,,,,,,,,0.0,0.0,0.0,1.0,0.0,0.2903645833333333,right_only,SHAP_only,,cc(Cl)c(NS)c(c)n
cc(Cl)cc(C)n,,,,,,,,,,,,,,,,,,0.0,0.0,0.0,2.0,1.0,0.2903645833333333,right_only,SHAP_only,,cc(Cl)cc(C)n
cc(Cl)cc(c)c,,,,,,,,,,,,,,,,,,0.0,0.0,0.0,1.0,0.0,0.2903645833333333,right_only,SHAP_only,,cc(Cl)cc(c)c
cc(Cl)cc(c)n,,,,,,,,,,,,,,,,,,0.000308,0.0846,1.0,1.0,0.0,0.6380208333333334,right_only,SHAP_only,,cc(Cl)cc(c)n
cc(F)-c1=c(-c)-c=c-[nH]-1,,,,,,,,,,,,,,,,,,0.0,0.0,0.0,0.0,1.0,0.2903645833333333,right_only,SHAP_only,,cc(F)-c1=c(-c)-c=c-[nH]-1
cc(F)-c1=c(-c)BOC1c,,,,,,,,,,,,,,,,,,0.00969,1.0,3.0,0.0,0.0,0.8407118055555556,right_only,SHAP_only,,cc(F)-c1=c(-c)BOC1c
cc(F)c(OC)c(c)F,,,,,,,,,,,,,,,,,,0.0,0.0,0.0,2.0,0.0,0.2903645833333333,right_only,SHAP_only,,cc(F)c(OC)c(c)F
cc(F)cc(c)F,,,,,,,,,,,,,,,,,,0.002936,1.0,1.0,0.0,0.0,0.73828125,right_only,SHAP_only,,cc(F)cc(c)F
cc(F)cc(c)c,,,,,,,,,,,,,,,,,,0.0,0.0,0.0,1.0,0.0,0.2903645833333333,right_only,SHAP_only,,cc(F)cc(c)c
cc(F)cc(c)o,,,,,,,,,,,,,,,,,,0.0,0.0,0.0,0.0,1.0,0.2903645833333333,right_only,SHAP_only,,cc(F)cc(c)o
cc(I)-c1=c(-c)CCN1,,,,,,,,,,,,,,,,,,0.0,0.0,0.0,0.0,1.0,0.2903645833333333,right_only,SHAP_only,,cc(I)-c1=c(-c)CCN1
cc(I)c(O)c(c)n,,,,,,,,,,,,,,,,,,0.0,0.0,0.0,0.0,4.0,0.2903645833333333,right_only,SHAP_only,,cc(I)c(O)c(c)n
cc(N)c(C)c(c)Cl,,,,,,,,,,,,,,,,,,0.0,0.0,0.0,0.0,1.0,0.2903645833333333,right_only,SHAP_only,,cc(N)c(C)c(c)Cl
cc(N)c(c(c)N)c(c)c,,,,,,,,,,,,,,,,,,0.0,0.0,0.0,1.0,0.0,0.2903645833333333,right_only,SHAP_only,,cc(N)c(c(c)N)c(c)c
cc(N)cc(c)-n,,,,,,,,,,,,,,,,,,0.0,0.0,0.0,0.0,1.0,0.2903645833333333,right_only,SHAP_only,,cc(N)cc(c)-n
cc(N)cc(c)F,,,,,,,,,,,,,,,,,,0.0,0.0,0.0,3.0,0.0,0.2903645833333333,right_only,SHAP_only,,cc(N)cc(c)F
cc(N)ccn,cc(N)ccn,0.0,0.2349488338268142,0.4513455900264954,0.3454907965553292,0.0,0.0,0.0,3.0,8.0,0.0,Neutral_Balanced,False,0.18254603682946358,0.48478783026421135,0.18254603682946358,0.28329330130771285,,,,,,,left_only,STATS_only,,cc(N)ccn
cc(N)nc(c)c,,,,,,,,,,,,,,,,,,0.0,0.0,0.0,1.0,2.0,0.2903645833333333,right_only,SHAP_only,,cc(N)nc(c)c
cc(N)o,,,,,,,,,,,,,,,,,,0.0,0.0,0.0,0.0,1.0,0.2903645833333333,right_only,SHAP_only,,cc(N)o
cc(N)scn,cc(N)scn,4.660122092064015,15.43744215058956,8.50736524831858e-21,12.0,0.7241379310344828,0.0156133828996282,42.0,16.0,0.0,2.0,Second_StrongWeak_NoInactive,True,0.9587670136108887,0.9875900720576462,0.9587670136108887,0.9683746997598078,,,,,,,left_only,STATS_only,,cc(N)scn
cc(O)-c1=c(-c)CCO1,,,,,,,,,,,,,,,,,,0.0,0.0,0.0,0.0,1.0,0.2903645833333333,right_only,SHAP_only,,cc(O)-c1=c(-c)CCO1
cc(O)c(=O)c(c)c,cc(O)c(=O)c(c)c,0.0,0.0753024719403638,0.0199577912136897,1.699887525011901,0.0,0.0,0.0,3.0,32.0,0.0,VeryNegative_InactiveEnriched,True,0.18254603682946358,0.7874299439551641,0.18254603682946358,0.3841740058713638,,,,,,,left_only,STATS_only,,cc(O)c(=O)c(c)c
cc(O)c(C(=O)O)c(c)O,,,,,,,,,,,,,,,,,,0.0,0.0,0.0,1.0,0.0,0.2903645833333333,right_only,SHAP_only,,cc(O)c(C(=O)O)c(c)O
cc(O)c(O)c(c)c,,,,,,,,,,,,,,,,,,0.0,0.0,0.0,1.0,0.0,0.2903645833333333,right_only,SHAP_only,,cc(O)c(O)c(c)c
cc(O)c(OC)c(c)O,cc(O)c(OC)c(c)O,0.8044258373205742,1.0852694610778444,1.0,-0.0,0.125,0.0003717472118959,1.0,1.0,6.0,0.0,Neutral_Balanced,False,0.5464371497197759,0.07606084867894315,0.5464371497197759,0.3896450493728316,,,,,,,left_only,STATS_only,,cc(O)c(OC)c(c)O
cc(O)c(c(c)c)[n+](c)[O-],,,,,,,,,,,,,,,,,,0.0,0.0,0.0,0.0,1.0,0.2903645833333333,right_only,SHAP_only,,cc(O)c(c(c)c)[n+](c)[O-]
cc(O)cc(C)n,,,,,,,,,,,,,,,,,,0.003113,0.3528,1.0,1.0,0.0,0.7434895833333334,right_only,SHAP_only,,cc(O)cc(C)n
cc(O)cc(c)S,cc(O)cc(c)S,2.574162679425837,3.892128279883382,0.3802649752069439,0.4199136739963857,0.4,0.0007434944237918,2.0,0.0,3.0,0.0,Medium_StrongEnriched,False,0.8518815052041633,0.5320256204963971,0.8518815052041633,0.7452628769682411,,,,,,,left_only,STATS_only,,cc(O)cc(c)S
cc(O)cc(c)n,cc(O)cc(c)n,0.0,0.1312760439432351,0.1803078066922682,0.7439854694507722,0.0,0.0,0.0,5.0,15.0,0.0,Neutral_Balanced,False,0.18254603682946358,0.6613290632506005,0.18254603682946358,0.34214037896984256,,,,,,,left_only,STATS_only,,cc(O)cc(c)n
cc(O)ccn,,,,,,,,,,,,,,,,,,0.0,0.0,0.0,0.0,1.0,0.2903645833333333,right_only,SHAP_only,,cc(O)ccn
cc(O)nc(C)n,,,,,,,,,,,,,,,,,,0.0,0.0,0.0,1.0,0.0,0.2903645833333333,right_only,SHAP_only,,cc(O)nc(C)n
cc(O)nc(n)S,,,,,,,,,,,,,,,,,,0.0,0.0,0.0,0.0,4.0,0.2903645833333333,right_only,SHAP_only,,cc(O)nc(n)S
cc(S)cc(c)Cl,,,,,,,,,,,,,,,,,,0.0,0.0,0.0,2.0,0.0,0.2903645833333333,right_only,SHAP_only,,cc(S)cc(c)Cl
cc(S)ccn,,,,,,,,,,,,,,,,,,0.0,0.0,0.0,0.0,1.0,0.2903645833333333,right_only,SHAP_only,,cc(S)ccn
cc(S)nc(n)O,,,,,,,,,,,,,,,,,,0.002741,1.0,1.0,0.0,0.0,0.7322048611111112,right_only,SHAP_only,,cc(S)nc(n)O
cc([N+])c(N)c(c)n,,,,,,,,,,,,,,,,,,0.0,0.0,0.0,0.0,1.0,0.2903645833333333,right_only,SHAP_only,,cc([N+])c(N)c(c)n
cc([N+])cc(c)Cl,,,,,,,,,,,,,,,,,,0.0,0.0,0.0,0.0,1.0,0.2903645833333333,right_only,SHAP_only,,cc([N+])cc(c)Cl
cc([N+])cc(c)N,,,,,,,,,,,,,,,,,,0.0,0.0,0.0,1.0,0.0,0.2903645833333333,right_only,SHAP_only,,cc([N+])cc(c)N
cc([N+])cc(c)c,,,,,,,,,,,,,,,,,,0.002159,0.313,1.0,1.0,0.0,0.7157118055555556,right_only,SHAP_only,,cc([N+])cc(c)c
cc([nH])-c(n[nH])n(c)C,cc([nH])-c(n[nH])n(c)C,0.0,0.4925600086890409,1.0,-0.0,0.0,0.0,0.0,0.0,5.0,0.0,Negative_InactiveOnly,False,0.18254603682946358,0.07606084867894315,0.18254603682946358,0.14705097411262344,,,,,,,left_only,STATS_only,,cc([nH])-c(n[nH])n(c)C
cc([nH])-c(n[nH])n(c)N,cc([nH])-c(n[nH])n(c)N,0.0,0.4925600086890409,1.0,-0.0,0.0,0.0,0.0,1.0,4.0,0.0,Neutral_Balanced,False,0.18254603682946358,0.07606084867894315,0.18254603682946358,0.14705097411262344,,,,,,,left_only,STATS_only,,cc([nH])-c(n[nH])n(c)N
cc([nH])-c1n[nH]cn1C,,,,,,,,,,,,,,,,,,0.001295,0.2659,2.0,0.0,4.0,0.6870659722222222,right_only,SHAP_only,,cc([nH])-c1n[nH]cn1C
cc([nH])C(=O)OC,,,,,,,,,,,,,,,,,,0.008572,1.0,1.0,0.0,0.0,0.8294270833333334,right_only,SHAP_only,,cc([nH])C(=O)OC
cc([nH])CNS,cc([nH])CNS,0.0,0.1860915420425987,0.3510214393177255,0.4546663573431926,0.0,0.0,0.0,0.0,14.0,0.0,Negative_InactiveOnly,False,0.18254603682946358,0.578462770216173,0.18254603682946358,0.31451828129170006,,,,,,,left_only,STATS_only,,cc([nH])CNS
cc([nH])S,,,,,,,,,,,,,,,,,,0.0,0.0,0.0,1.0,0.0,0.2903645833333333,right_only,SHAP_only,,cc([nH])S
cc([nH])Sc(n)n,,,,,,,,,,,,,,,,,,0.0,0.0,0.0,0.0,1.0,0.2903645833333333,right_only,SHAP_only,,cc([nH])Sc(n)n
cc(c)-c(c(C)[nH])c(c)c,Cc([nH])c(-c(c)c)c(c)c,5.552115583075335,35.89310191366266,2.8734811800546487e-27,12.0,0.8627450980392157,0.01635687732342,44.0,6.0,1.0,2.0,Medium_StrongEnriched,True,0.9839871897518014,0.9875900720576462,0.9839871897518014,0.9851881505204164,,,,,,,left_only,STATS_only,,Cc([nH])c(-c(c)c)c(c)c
cc(c)-c(c(c)-c)c(c)c,,,,,,,,,,,,,,,,,,0.0,0.0,0.0,1.0,0.0,0.2903645833333333,right_only,SHAP_only,,cc(c)-c(c(c)-c)c(c)c
cc(c)-c(c(c)-c)n(c)C,c-c(c)c(-c(c)c)n(c)C,0.0,0.1860915420425987,0.3510214393177255,0.4546663573431926,0.0,0.0,0.0,6.0,8.0,0.0,Neutral_Balanced,False,0.18254603682946358,0.578462770216173,0.18254603682946358,0.31451828129170006,,,,,,,left_only,STATS_only,,c-c(c)c(-c(c)c)n(c)C
cc(c)-c(c(c)C)c(-c)n,Cc(c)c(-c(c)c)c(-c)n,0.0,0.1860915420425987,0.3510214393177255,0.4546663573431926,0.0,0.0,0.0,6.0,8.0,0.0,Neutral_Balanced,False,0.18254603682946358,0.578462770216173,0.18254603682946358,0.31451828129170006,,,,,,,left_only,STATS_only,,Cc(c)c(-c(c)c)c(-c)n
cc(c)-c(cn)cn,,,,,,,,,,,,,,,,,,0.0,0.0,0.0,1.0,0.0,0.2903645833333333,right_only,SHAP_only,,cc(c)-c(cn)cn
cc(c)-c(cn)nn,cc(c)-c(cn)nn,1.0725677830940987,1.1312214452779428,1.0,-0.0,0.1666666666666666,0.0037174721189591,10.0,13.0,37.0,0.0,Neutral_Balanced,False,0.6461168935148118,0.07606084867894315,0.6461168935148118,0.4560982119028556,,,,,,,left_only,STATS_only,,cc(c)-c(cn)nn
cc(c)-c(n[nH])n(c)C,cc(c)-c(n[nH])n(c)C,0.4387777294475858,0.3941460387248249,0.0031952689668328,2.4954925785400697,0.0681818181818181,0.0044609665427509,12.0,17.0,147.0,0.0,Neutral_Balanced,True,0.4387510008006405,0.8286629303442754,0.4387510008006405,0.5687216439818522,,,,,,,left_only,STATS_only,,cc(c)-c(n[nH])n(c)C
cc(c)-c(n[nH])n(c)N,cc(c)-c(n[nH])n(c)N,0.0,0.0258266611981906,9.15774236635584e-07,6.03821157858992,0.0,0.0,0.0,23.0,77.0,0.0,Neutral_Balanced,True,0.18254603682946358,0.9383506805444356,0.18254603682946358,0.43448091806778755,,,,,,,left_only,STATS_only,,cc(c)-c(n[nH])n(c)N
cc(c)-c(nn)[nH]n,cc(c)-c(nn)[nH]n,3.5394736842105265,6.723990958992573,0.000407892339894,3.3894544505371877,0.55,0.004089219330855,11.0,5.0,4.0,2.0,Medium_StrongEnriched,True,0.9127301841473179,0.8686949559647719,0.9127301841473179,0.8980517747531359,,,,,,,left_only,STATS_only,,cc(c)-c(nn)[nH]n
cc(c)-c(nn)c(c)C,Cc(c)c(nn)-c(c)c,0.0,0.1999646002035488,0.4513455900264954,0.3454907965553292,0.0,0.0,0.0,9.0,4.0,1.0,Neutral_Balanced,False,0.18254603682946358,0.48478783026421135,0.18254603682946358,0.28329330130771285,,,,,,,left_only,STATS_only,,Cc(c)c(nn)-c(c)c
cc(c)-c(nn)n(c)C,cc(c)-c(nn)n(c)C,0.0,0.3608920748705695,0.7802674544627747,0.1077565074532979,0.0,0.0,0.0,2.0,5.0,0.0,Neutral_Balanced,False,0.18254603682946358,0.2790232185748599,0.18254603682946358,0.21470509741126234,,,,,,,left_only,STATS_only,,cc(c)-c(nn)n(c)C
cc(c)-c(nn)n[nH],cc(c)-c(nn)n[nH],0.919343814080656,1.25278673422386,1.0,-0.0,0.1428571428571428,0.0003717472118959,1.0,3.0,3.0,0.0,Neutral_Balanced,False,0.588470776621297,0.07606084867894315,0.588470776621297,0.417667467307179,,,,,,,left_only,STATS_only,,cc(c)-c(nn)n[nH]
cc(c)-c(nn)nn,cc(c)-c(nn)nn,0.5362838915470494,0.7065347565738089,0.8574350879598587,0.0667987482623484,0.0833333333333333,0.0003717472118959,1.0,10.0,1.0,1.0,Neutral_Balanced,False,0.4747798238590873,0.18815052041633307,0.4747798238590873,0.37923672271150255,,,,,,,left_only,STATS_only,,cc(c)-c(nn)nn
cc(c)-c1=C(C)NC=C1c,,,,,,,,,,,,,,,,,,0.0,0.0,0.0,1.0,6.0,0.2903645833333333,right_only,SHAP_only,,cc(c)-c1=C(C)NC=C1c
cc(c)-c1=c(-c)-c=c-n-1C,,,,,,,,,,,,,,,,,,0.0,0.0,0.0,0.0,5.0,0.2903645833333333,right_only,SHAP_only,,cc(c)-c1=c(-c)-c=c-n-1C
cc(c)-c1=c(-c)-n=n-n-1O,,,,,,,,,,,,,,,,,,0.0,0.0,0.0,0.0,1.0,0.2903645833333333,right_only,SHAP_only,,cc(c)-c1=c(-c)-n=n-n-1O
cc(c)-c1=c(C)-o-n=c-1C,,,,,,,,,,,,,,,,,,0.0,0.0,0.0,1.0,0.0,0.2903645833333333,right_only,SHAP_only,,cc(c)-c1=c(C)-o-n=c-1C
cc(c)-c1=c-c=c-s-1,,,,,,,,,,,,,,,,,,0.004912,1.0,1.0,0.0,0.0,0.7888454861111112,right_only,SHAP_only,,cc(c)-c1=c-c=c-s-1
cc(c)-c1=c-o-c=c-1,,,,,,,,,,,,,,,,,,0.002964,1.0,1.0,0.0,0.0,0.7404513888888888,right_only,SHAP_only,,cc(c)-c1=c-o-c=c-1
cc(c)-c1=c-s-c=c-1,,,,,,,,,,,,,,,,,,0.0,0.0,0.0,0.0,1.0,0.2903645833333333,right_only,SHAP_only,,cc(c)-c1=c-s-c=c-1
cc(c)-c1=n-[nH]-n=n-1,,,,,,,,,,,,,,,,,,0.0,0.0,0.0,2.0,4.0,0.2903645833333333,right_only,SHAP_only,,cc(c)-c1=n-[nH]-n=n-1
cc(c)-c1=n-n=c-[nH]-1,,,,,,,,,,,,,,,,,,0.0,0.0,0.0,6.0,16.0,0.2903645833333333,right_only,SHAP_only,,cc(c)-c1=n-n=c-[nH]-1
cc(c)-c1=n-n=c-n-1C,,,,,,,,,,,,,,,,,,0.0,0.0,0.0,3.0,0.0,0.2903645833333333,right_only,SHAP_only,,cc(c)-c1=n-n=c-n-1C
cc(c)-c1=n-n=c-n-1N,,,,,,,,,,,,,,,,,,0.000815,1.0,1.0,0.0,0.0,0.66796875,right_only,SHAP_only,,cc(c)-c1=n-n=c-n-1N
cc(c)-c1=n-n=c-o-1,,,,,,,,,,,,,,,,,,0.0,0.0,0.0,4.0,0.0,0.2903645833333333,right_only,SHAP_only,,cc(c)-c1=n-n=c-o-1
cc(c)-c1=n-n=c-s-1,,,,,,,,,,,,,,,,,,0.0,0.0,0.0,2.0,8.0,0.2903645833333333,right_only,SHAP_only,,cc(c)-c1=n-n=c-s-1
cc(c)-c1=n-n=n-[nH]-1,,,,,,,,,,,,,,,,,,0.0,0.0,0.0,4.0,0.0,0.2903645833333333,right_only,SHAP_only,,cc(c)-c1=n-n=n-[nH]-1
cc(c)-c1=n-n=n-n-1C,,,,,,,,,,,,,,,,,,0.001962,1.0,1.0,0.0,0.0,0.7092013888888888,right_only,SHAP_only,,cc(c)-c1=n-n=n-n-1C
cc(c)-c1[nH]c[nH]n1,,,,,,,,,,,,,,,,,,0.001359,0.26,1.0,1.0,0.0,0.6892361111111112,right_only,SHAP_only,,cc(c)-c1[nH]c[nH]n1
cc(c)-c1c(C)cnc1-c,,,,,,,,,,,,,,,,,,0.0,0.0,0.0,0.0,1.0,0.2903645833333333,right_only,SHAP_only,,cc(c)-c1c(C)cnc1-c
cc(c)-c1c(C)ncc1c,,,,,,,,,,,,,,,,,,0.0,0.0,0.0,0.0,1.0,0.2903645833333333,right_only,SHAP_only,,cc(c)-c1c(C)ncc1c
cc(c)-c1ccnc1C,,,,,,,,,,,,,,,,,,0.0,0.0,0.0,0.0,7.0,0.2903645833333333,right_only,SHAP_only,,cc(c)-c1ccnc1C
cc(c)-c1ccnn1,,,,,,,,,,,,,,,,,,0.0,0.0,0.0,1.0,0.0,0.2903645833333333,right_only,SHAP_only,,cc(c)-c1ccnn1
cc(c)-c1cncn1,,,,,,,,,,,,,,,,,,0.0,0.0,0.0,1.0,0.0,0.2903645833333333,right_only,SHAP_only,,cc(c)-c1cncn1
cc(c)-c1cnnn1,,,,,,,,,,,,,,,,,,0.0,0.0,0.0,5.0,0.0,0.2903645833333333,right_only,SHAP_only,,cc(c)-c1cnnn1
cc(c)-c1n[nH]cn1C,,,,,,,,,,,,,,,,,,0.059675,0.9553,27.0,0.0,3.0,0.9071180555555556,right_only,SHAP_only,,cc(c)-c1n[nH]cn1C
cc(c)-c1n[nH]cn1N,,,,,,,,,,,,,,,,,,9e-06,0.0028,1.0,11.0,9.0,0.5868055555555556,right_only,SHAP_only,,cc(c)-c1n[nH]cn1N
cc(c)-c1nncc1C,,,,,,,,,,,,,,,,,,0.0,0.0,0.0,3.0,0.0,0.2903645833333333,right_only,SHAP_only,,cc(c)-c1nncc1C
cc(c)-c1nnnn1,,,,,,,,,,,,,,,,,,0.00097,0.461,1.0,3.0,0.0,0.6766493055555556,right_only,SHAP_only,,cc(c)-c1nnnn1
cc(c)-n1-c(C)=c-c=c-1C,,,,,,,,,,,,,,,,,,0.0,0.0,0.0,1.0,0.0,0.2903645833333333,right_only,SHAP_only,,cc(c)-n1-c(C)=c-c=c-1C
cc(c)-n1-c=c-c=n-1,,,,,,,,,,,,,,,,,,0.0,0.0,0.0,1.0,1.0,0.2903645833333333,right_only,SHAP_only,,cc(c)-n1-c=c-c=n-1
cc(c)-n1-c=c-n=n-1,,,,,,,,,,,,,,,,,,0.0,0.0,0.0,26.0,0.0,0.2903645833333333,right_only,SHAP_only,,cc(c)-n1-c=c-n=n-1
cc(c)-n1-c=n-[nH]-c-1=O,,,,,,,,,,,,,,,,,,0.0,0.0,0.0,0.0,1.0,0.2903645833333333,right_only,SHAP_only,,cc(c)-n1-c=n-[nH]-c-1=O
cc(c)-n1-n=c-c=c-1-c,,,,,,,,,,,,,,,,,,0.0,0.0,0.0,1.0,0.0,0.2903645833333333,right_only,SHAP_only,,cc(c)-n1-n=c-c=c-1-c
cc(c)-n1-s-c=c-c-1=O,,,,,,,,,,,,,,,,,,0.0,0.0,0.0,0.0,1.0,0.2903645833333333,right_only,SHAP_only,,cc(c)-n1-s-c=c-c-1=O
cc(c)/C(=N/N)C(N)=O,cc(c)/C(=N/N)C(N)=O,0.0,0.1380694176393101,0.1803078066922682,0.7439854694507722,0.0,0.0,0.0,13.0,6.0,1.0,Neutral_Balanced,False,0.18254603682946358,0.6613290632506005,0.18254603682946358,0.34214037896984256,,,,,,,left_only,STATS_only,,cc(c)/C(=N/N)C(N)=O
cc(c)/C(C)=N/N,,,,,,,,,,,,,,,,,,0.0,0.0,0.0,0.0,1.0,0.2903645833333333,right_only,SHAP_only,,cc(c)/C(C)=N/N
cc(c)/C=N\N,,,,,,,,,,,,,,,,,,0.000251,0.1317,1.0,1.0,0.0,0.6341145833333334,right_only,SHAP_only,,cc(c)/C=N\N
cc(c)/N=C/c,,,,,,,,,,,,,,,,,,0.0,0.0,0.0,1.0,0.0,0.2903645833333333,right_only,SHAP_only,,cc(c)/N=C/c
cc(c)B(O)OC,cc(c)B(O)OC,0.0,0.1251146119863299,0.184503748866948,0.7339948051380467,0.0,0.0,0.0,7.0,14.0,0.0,Neutral_Balanced,False,0.18254603682946358,0.6509207365892714,0.18254603682946358,0.3386709367493996,,,,,,,left_only,STATS_only,,cc(c)B(O)OC
cc(c)C(=CC)CC,,,,,,,,,,,,,,,,,,0.0,0.0,0.0,0.0,1.0,0.2903645833333333,right_only,SHAP_only,,cc(c)C(=CC)CC
cc(c)C(=O)C(C)O,,,,,,,,,,,,,,,,,,0.0,0.0,0.0,1.0,0.0,0.2903645833333333,right_only,SHAP_only,,cc(c)C(=O)C(C)O
cc(c)C(=O)CO,,,,,,,,,,,,,,,,,,0.003696,1.0,1.0,0.0,0.0,0.7643229166666666,right_only,SHAP_only,,cc(c)C(=O)CO
cc(c)C(=O)Nn,,,,,,,,,,,,,,,,,,0.0,0.0,0.0,1.0,0.0,0.2903645833333333,right_only,SHAP_only,,cc(c)C(=O)Nn
cc(c)C(C#N)=CN,,,,,,,,,,,,,,,,,,0.0,0.0,0.0,0.0,1.0,0.2903645833333333,right_only,SHAP_only,,cc(c)C(C#N)=CN
cc(c)C(C(=O)O)C(=O)O,,,,,,,,,,,,,,,,,,0.003686,1.0,1.0,0.0,0.0,0.7630208333333334,right_only,SHAP_only,,cc(c)C(C(=O)O)C(=O)O
cc(c)C(C(=O)O)n(c)n,,,,,,,,,,,,,,,,,,0.0,0.0,0.0,1.0,0.0,0.2903645833333333,right_only,SHAP_only,,cc(c)C(C(=O)O)n(c)n
cc(c)C(C(N)=O)S(c)(=O)=O,,,,,,,,,,,,,,,,,,0.0,0.0,0.0,0.0,1.0,0.2903645833333333,right_only,SHAP_only,,cc(c)C(C(N)=O)S(c)(=O)=O
cc(c)C(C)(C)CC,,,,,,,,,,,,,,,,,,0.0011,1.0,1.0,0.0,0.0,0.6796875,right_only,SHAP_only,,cc(c)C(C)(C)CC
cc(c)C(C)Cn,,,,,,,,,,,,,,,,,,0.0,0.0,0.0,2.0,0.0,0.2903645833333333,right_only,SHAP_only,,cc(c)C(C)Cn
cc(c)C(C)n(c)c,,,,,,,,,,,,,,,,,,0.0,0.0,0.0,1.0,0.0,0.2903645833333333,right_only,SHAP_only,,cc(c)C(C)n(c)c
cc(c)C(CC)(CC)CC,,,,,,,,,,,,,,,,,,0.0,0.0,0.0,0.0,1.0,0.2903645833333333,right_only,SHAP_only,,cc(c)C(CC)(CC)CC
cc(c)C(CC)c(c)c,,,,,,,,,,,,,,,,,,0.0,0.0,0.0,1.0,0.0,0.2903645833333333,right_only,SHAP_only,,cc(c)C(CC)c(c)c
cc(c)C(CC)n(c)c,,,,,,,,,,,,,,,,,,0.0,0.0,0.0,0.0,1.0,0.2903645833333333,right_only,SHAP_only,,cc(c)C(CC)n(c)c
cc(c)C(CS)C(=O)O,,,,,,,,,,,,,,,,,,0.005205,1.0,2.0,0.0,0.0,0.7951388888888888,right_only,SHAP_only,,cc(c)C(CS)C(=O)O
cc(c)C(Cn)OC,COC(Cn)c(c)c,0.0,0.3182936256940052,0.7802674544627747,0.1077565074532979,0.0,0.0,0.0,1.0,7.0,0.0,Neutral_Balanced,False,0.18254603682946358,0.2790232185748599,0.18254603682946358,0.21470509741126234,,,,,,,left_only,STATS_only,,COC(Cn)c(c)c
cc(c)C(N)=O,,,,,,,,,,,,,,,,,,0.0,0.0,0.0,0.0,1.0,0.2903645833333333,right_only,SHAP_only,,cc(c)C(N)=O
cc(c)C(O)(CC)CC,,,,,,,,,,,,,,,,,,0.00427,1.0,2.0,0.0,0.0,0.7751736111111112,right_only,SHAP_only,,cc(c)C(O)(CC)CC
cc(c)C(S)C(=O)O,,,,,,,,,,,,,,,,,,0.0,0.0,0.0,1.0,0.0,0.2903645833333333,right_only,SHAP_only,,cc(c)C(S)C(=O)O
cc(c)C(SC)C(=O)O,,,,,,,,,,,,,,,,,,0.096205,1.0,2.0,0.0,0.0,0.91796875,right_only,SHAP_only,,cc(c)C(SC)C(=O)O
cc(c)C(c(c)c)c(n)n,,,,,,,,,,,,,,,,,,0.0,0.0,0.0,0.0,1.0,0.2903645833333333,right_only,SHAP_only,,cc(c)C(c(c)c)c(n)n
cc(c)C1=C(C)N=CS1,,,,,,,,,,,,,,,,,,0.0,0.0,0.0,1.0,0.0,0.2903645833333333,right_only,SHAP_only,,cc(c)C1=C(C)N=CS1
cc(c)C1=C(c)CNC1=O,,,,,,,,,,,,,,,,,,0.006311,1.0,1.0,0.0,0.0,0.8090277777777778,right_only,SHAP_only,,cc(c)C1=C(c)CNC1=O
cc(c)C1=NNCC1,,,,,,,,,,,,,,,,,,0.0,0.0,0.0,2.0,0.0,0.2903645833333333,right_only,SHAP_only,,cc(c)C1=NNCC1
cc(c)C1CCC[C@H]1C,,,,,,,,,,,,,,,,,,0.0,0.0,0.0,1.0,0.0,0.2903645833333333,right_only,SHAP_only,,cc(c)C1CCC[C@H]1C
cc(c)C1OBc=c1-c,,,,,,,,,,,,,,,,,,8e-06,0.0035,1.0,0.0,9.0,0.5861545138888888,right_only,SHAP_only,,cc(c)C1OBc=c1-c
cc(c)C=C(C)C,,,,,,,,,,,,,,,,,,0.0,0.0,0.0,0.0,1.0,0.2903645833333333,right_only,SHAP_only,,cc(c)C=C(C)C
cc(c)C=C(C)N,,,,,,,,,,,,,,,,,,0.0,0.0,0.0,1.0,0.0,0.2903645833333333,right_only,SHAP_only,,cc(c)C=C(C)N
cc(c)C=O,,,,,,,,,,,,,,,,,,0.0,0.0,0.0,0.0,1.0,0.2903645833333333,right_only,SHAP_only,,cc(c)C=O
cc(c)CC,cc(c)CC,3.753987240829346,7.514083729150558,0.0048352989012055,2.3155766741907224,0.5833333333333334,0.0026022304832713,7.0,2.0,3.0,2.0,Medium_StrongEnriched,True,0.9295436349079264,0.8214571657325861,0.9295436349079264,0.8935148118494797,,,,,,,left_only,STATS_only,,cc(c)CC
cc(c)CC(=O)O,,,,,,,,,,,,,,,,,,0.000836,0.312,1.0,0.0,1.0,0.6692708333333334,right_only,SHAP_only,,cc(c)CC(=O)O
cc(c)CC(C)=O,,,,,,,,,,,,,,,,,,0.0,0.0,0.0,1.0,0.0,0.2903645833333333,right_only,SHAP_only,,cc(c)CC(C)=O
cc(c)CC(C)P,cc(c)CC(C)P,0.0,0.4925600086890409,1.0,-0.0,0.0,0.0,0.0,0.0,5.0,0.0,Negative_InactiveOnly,False,0.18254603682946358,0.07606084867894315,0.18254603682946358,0.14705097411262344,,,,,,,left_only,STATS_only,,cc(c)CC(C)P
cc(c)CCO,,,,,,,,,,,,,,,,,,0.0,0.0,0.0,1.0,0.0,0.2903645833333333,right_only,SHAP_only,,cc(c)CCO
cc(c)CCS,,,,,,,,,,,,,,,,,,0.0,0.0,0.0,0.0,1.0,0.2903645833333333,right_only,SHAP_only,,cc(c)CCS
cc(c)CN(C)c,,,,,,,,,,,,,,,,,,0.0,0.0,0.0,0.0,1.0,0.2903645833333333,right_only,SHAP_only,,cc(c)CN(C)c
cc(c)CN(c)C,,,,,,,,,,,,,,,,,,0.02076,1.0,3.0,0.0,0.0,0.875,right_only,SHAP_only,,cc(c)CN(c)C
cc(c)CNN,,,,,,,,,,,,,,,,,,0.0,0.0,0.0,1.0,0.0,0.2903645833333333,right_only,SHAP_only,,cc(c)CNN
cc(c)CNS,,,,,,,,,,,,,,,,,,0.0,0.0,0.0,0.0,1.0,0.2903645833333333,right_only,SHAP_only,,cc(c)CNS
cc(c)CO,cc(c)CO,5.362838915470494,20.142281338170093,0.002934704902543,2.532435562436969,0.8333333333333334,0.0018587360594795,5.0,1.0,0.0,2.0,Second_StrongWeak_NoInactive,True,0.9799839871897518,0.8306645316253003,0.9799839871897518,0.9302108353349346,,,,,,,left_only,STATS_only,,cc(c)CO
cc(c)COC,COCc(c)c,1.0725677830940987,1.2933744926542046,1.0,-0.0,0.1666666666666666,0.0007434944237918,2.0,6.0,4.0,1.0,Neutral_Balanced,False,0.6461168935148118,0.07606084867894315,0.6461168935148118,0.4560982119028556,,,,,,,left_only,STATS_only,,COCc(c)c
cc(c)COP,,,,,,,,,,,,,,,,,,0.0,0.0,0.0,1.0,0.0,0.2903645833333333,right_only,SHAP_only,,cc(c)COP
cc(c)CSc,,,,,,,,,,,,,,,,,,0.009442,1.0,1.0,0.0,0.0,0.8389756944444444,right_only,SHAP_only,,cc(c)CSc
cc(c)Cc(c)c,,,,,,,,,,,,,,,,,,0.0,0.0,0.0,1.0,0.0,0.2903645833333333,right_only,SHAP_only,,cc(c)Cc(c)c
cc(c)Cc(c)o,,,,,,,,,,,,,,,,,,0.0,0.0,0.0,1.0,0.0,0.2903645833333333,right_only,SHAP_only,,cc(c)Cc(c)o
cc(c)Cc(c)s,cc(c)Cc(c)s,1.8683438802284305,2.320417853751187,0.1531322322501646,0.8149333866037777,0.2903225806451613,0.0033457249070631,9.0,14.0,8.0,1.0,Medium_StrongEnriched,False,0.77662129703763,0.6865492393915132,0.77662129703763,0.7465972778222577,,,,,,,left_only,STATS_only,,cc(c)Cc(c)s
cc(c)Cc(n)o,,,,,,,,,,,,,,,,,,0.026774,1.0,4.0,0.0,0.0,0.8836805555555556,right_only,SHAP_only,,cc(c)Cc(n)o
cc(c)Cn(c)s,,,,,,,,,,,,,,,,,,0.0,0.0,0.0,1.0,0.0,0.2903645833333333,right_only,SHAP_only,,cc(c)Cn(c)s
cc(c)N(C(C)=O)C(=O)S,CC(=O)N(C(=O)S)c(c)c,0.4950312845049687,0.6497245508982036,0.8574350879598587,0.0667987482623484,0.0769230769230769,0.0003717472118959,1.0,10.0,2.0,1.0,Neutral_Balanced,False,0.45716573258606885,0.18815052041633307,0.45716573258606885,0.36749399519615694,,,,,,,left_only,STATS_only,,CC(=O)N(C(=O)S)c(c)c
cc(c)N(C)C(C)=O,,,,,,,,,,,,,,,,,,0.0,0.0,0.0,0.0,1.0,0.2903645833333333,right_only,SHAP_only,,cc(c)N(C)C(C)=O
cc(c)N(CC)C(C)=O,cc(c)N(CC)C(C)=O,2.145135566188197,3.025877017473656,0.4513455900264954,0.3454907965553292,0.3333333333333333,0.0007434944237918,2.0,3.0,1.0,1.0,Medium_StrongEnriched,False,0.8090472377902321,0.48478783026421135,0.8090472377902321,0.7009607686148919,,,,,,,left_only,STATS_only,,cc(c)N(CC)C(C)=O
cc(c)N(CC)c(n)n,,,,,,,,,,,,,,,,,,0.00628,1.0,1.0,0.0,0.0,0.80859375,right_only,SHAP_only,,cc(c)N(CC)c(n)n
cc(c)N1C(=N)CC1c,cC1C/C(=N)N1c(c)c,3.2177033492822966,5.652446675031368,4.100904670771402e-06,5.387120326162196,0.5,0.0074349442379182,20.0,18.0,2.0,2.0,Medium_StrongEnriched,True,0.8967173738991193,0.9255404323458767,0.8967173738991193,0.9063250600480385,,,,,,,left_only,STATS_only,,cC1C/C(=N)N1c(c)c
cc(c)N1CCCC1,,,,,,,,,,,,,,,,,,0.0,0.0,0.0,0.0,1.0,0.2903645833333333,right_only,SHAP_only,,cc(c)N1CCCC1
cc(c)N1CCCC1=O,,,,,,,,,,,,,,,,,,0.0,0.0,0.0,0.0,1.0,0.2903645833333333,right_only,SHAP_only,,cc(c)N1CCCC1=O
cc(c)N1Cc=cC1,,,,,,,,,,,,,,,,,,0.0,0.0,0.0,1.0,0.0,0.2903645833333333,right_only,SHAP_only,,cc(c)N1Cc=cC1
cc(c)N1N=CC=C1C,,,,,,,,,,,,,,,,,,0.0,0.0,0.0,1.0,0.0,0.2903645833333333,right_only,SHAP_only,,cc(c)N1N=CC=C1C
cc(c)NC,,,,,,,,,,,,,,,,,,0.0,0.0,0.0,3.0,0.0,0.2903645833333333,right_only,SHAP_only,,cc(c)NC
cc(c)NC(=O)O,,,,,,,,,,,,,,,,,,0.0,0.0,0.0,1.0,0.0,0.2903645833333333,right_only,SHAP_only,,cc(c)NC(=O)O
cc(c)NC(C)(C)N,,,,,,,,,,,,,,,,,,0.0,0.0,0.0,1.0,0.0,0.2903645833333333,right_only,SHAP_only,,cc(c)NC(C)(C)N
cc(c)NC(N)=S,cc(c)NC(N)=S,1.7697368421052633,2.14622023500052,0.1531322322501646,0.8149333866037777,0.275,0.004089219330855,11.0,22.0,7.0,1.0,Medium_StrongEnriched,False,0.7578062449959968,0.6865492393915132,0.7578062449959968,0.7340539097945022,,,,,,,left_only,STATS_only,,cc(c)NC(N)=S
cc(c)Nc(c)c,,,,,,,,,,,,,,,,,,0.0,0.0,0.0,1.0,0.0,0.2903645833333333,right_only,SHAP_only,,cc(c)Nc(c)c
cc(c)OC(=O)O,,,,,,,,,,,,,,,,,,0.0,0.0,0.0,0.0,1.0,0.2903645833333333,right_only,SHAP_only,,cc(c)OC(=O)O
cc(c)OC(C)C,,,,,,,,,,,,,,,,,,0.000112,0.0455,1.0,1.0,2.0,0.6163194444444444,right_only,SHAP_only,,cc(c)OC(C)C
cc(c)OCO,cc(c)OCO,0.0,0.0798694698550259,0.0292631602381094,1.5336787745927831,0.0,0.0,0.0,11.0,22.0,0.0,Neutral_Balanced,True,0.18254603682946358,0.7730184147317855,0.18254603682946358,0.37937016279690416,,,,,,,left_only,STATS_only,,cc(c)OCO
cc(c)Oc(c)n,,,,,,,,,,,,,,,,,,0.000755,0.1365,1.0,1.0,0.0,0.6653645833333334,right_only,SHAP_only,,cc(c)Oc(c)n
cc(c)S(=O)(=O)CC,,,,,,,,,,,,,,,,,,0.0,0.0,0.0,2.0,0.0,0.2903645833333333,right_only,SHAP_only,,cc(c)S(=O)(=O)CC
cc(c)S(=O)(=O)c(c)c,,,,,,,,,,,,,,,,,,0.0,0.0,0.0,1.0,0.0,0.2903645833333333,right_only,SHAP_only,,cc(c)S(=O)(=O)c(c)c
cc(c)S(=O)C(C)c,,,,,,,,,,,,,,,,,,0.0,0.0,0.0,0.0,1.0,0.2903645833333333,right_only,SHAP_only,,cc(c)S(=O)C(C)c
cc(c)S(C)(=O)=O,,,,,,,,,,,,,,,,,,0.0,0.0,0.0,0.0,1.0,0.2903645833333333,right_only,SHAP_only,,cc(c)S(C)(=O)=O
cc(c)SC,cc(c)SC,1.4300903774587983,1.81312525010004,0.7990001367713122,0.0974531463443051,0.2222222222222222,0.0007434944237918,2.0,1.0,6.0,0.0,Neutral_Balanced,False,0.7229783827061649,0.20616493194555643,0.7229783827061649,0.5507072324526288,,,,,,,left_only,STATS_only,,cc(c)SC
cc(c)[C@@H](NC)C(=O)O,,,,,,,,,,,,,,,,,,0.0,0.0,0.0,0.0,3.0,0.2903645833333333,right_only,SHAP_only,,cc(c)[C@@H](NC)C(=O)O
cc(c)[C@@H](NP)C(=O)O,,,,,,,,,,,,,,,,,,0.0,0.0,0.0,1.0,0.0,0.2903645833333333,right_only,SHAP_only,,cc(c)[C@@H](NP)C(=O)O
cc(c)[C@@H](O)[C@H](C)N,,,,,,,,,,,,,,,,,,0.0,0.0,0.0,1.0,0.0,0.2903645833333333,right_only,SHAP_only,,cc(c)[C@@H](O)[C@H](C)N
cc(c)[C@@H]1C[C@H]1n,,,,,,,,,,,,,,,,,,0.002064,1.0,1.0,0.0,0.0,0.7144097222222222,right_only,SHAP_only,,cc(c)[C@@H]1C[C@H]1n
cc(c)[C@H](N)C(N)=O,,,,,,,,,,,,,,,,,,0.0,0.0,0.0,0.0,1.0,0.2903645833333333,right_only,SHAP_only,,cc(c)[C@H](N)C(N)=O
cc(c)[C@H](NC)C(=O)O,,,,,,,,,,,,,,,,,,0.0,0.0,0.0,0.0,3.0,0.2903645833333333,right_only,SHAP_only,,cc(c)[C@H](NC)C(=O)O
cc(c)[C@H]1C[C@H]1n,,,,,,,,,,,,,,,,,,0.002342,1.0,1.0,0.0,0.0,0.7217881944444444,right_only,SHAP_only,,cc(c)[C@H]1C[C@H]1n
cc(c)[Se]CC,,,,,,,,,,,,,,,,,,0.0,0.0,0.0,1.0,0.0,0.2903645833333333,right_only,SHAP_only,,cc(c)[Se]CC
cc(c)[n+],,,,,,,,,,,,,,,,,,0.0,0.0,0.0,0.0,1.0,0.2903645833333333,right_only,SHAP_only,,cc(c)[n+]
cc(c)[nH]c(n)N,cc(c)[nH]c(n)N,0.919343814080656,1.026539174553615,1.0,-0.0,0.1428571428571428,0.0011152416356877,3.0,6.0,12.0,0.0,Neutral_Balanced,False,0.588470776621297,0.07606084867894315,0.588470776621297,0.417667467307179,,,,,,,left_only,STATS_only,,cc(c)[nH]c(n)N
cc(c)[se]n(c)-c,c-n(c)[se]c(c)c,1.0725677830940987,1.4812193794229722,1.0,-0.0,0.1666666666666666,0.0003717472118959,1.0,4.0,1.0,1.0,Neutral_Balanced,False,0.6461168935148118,0.07606084867894315,0.6461168935148118,0.4560982119028556,,,,,,,left_only,STATS_only,,c-n(c)[se]c(c)c
cc(c)[se]n(c)C,cc(c)[se]n(c)C,4.290271132376395,9.859831121833537,0.0293572089951024,1.5322852353922911,0.6666666666666666,0.0014869888475836,4.0,2.0,0.0,2.0,Second_StrongWeak_NoInactive,True,0.9471577261809447,0.765812650120096,0.9471577261809447,0.8867093674939953,,,,,,,left_only,STATS_only,,cc(c)[se]n(c)C
cc(c)c(=O)n(-c)[se],c-n([se])c(=O)c(c)c,1.0725677830940987,1.4812193794229722,1.0,-0.0,0.1666666666666666,0.0003717472118959,1.0,4.0,1.0,1.0,Neutral_Balanced,False,0.6461168935148118,0.07606084867894315,0.6461168935148118,0.4560982119028556,,,,,,,left_only,STATS_only,,c-n([se])c(=O)c(c)c
cc(c)c(=O)n(-c)s,c-n(s)c(=O)c(c)c,6.435406698564593,60.453446191052,0.000648035994037,3.1884008713245597,1.0,0.0018587360594795,5.0,0.0,0.0,2.0,Highest_StrongOnly,True,0.9951961569255404,0.8542834267413931,0.9951961569255404,0.948225246864158,,,,,,,left_only,STATS_only,,c-n(s)c(=O)c(c)c
cc(c)c(=O)n(C)[se],cc(c)c(=O)n(C)[se],4.290271132376395,9.859831121833537,0.0293572089951024,1.5322852353922911,0.6666666666666666,0.0014869888475836,4.0,2.0,0.0,2.0,Second_StrongWeak_NoInactive,True,0.9471577261809447,0.765812650120096,0.9471577261809447,0.8867093674939953,,,,,,,left_only,STATS_only,,cc(c)c(=O)n(C)[se]
cc(c)c(=O)n(C)s,cc(c)c(=O)n(C)s,2.574162679425837,3.785561844669203,0.1756609509123386,0.7553247705941162,0.4,0.0014869888475836,4.0,4.0,2.0,1.0,Medium_StrongEnriched,False,0.8518815052041633,0.6697357886309048,0.8518815052041633,0.7911662663464104,,,,,,,left_only,STATS_only,,cc(c)c(=O)n(C)s
cc(c)c(=O)n(c)C,,,,,,,,,,,,,,,,,,0.0,0.0,0.0,1.0,0.0,0.2903645833333333,right_only,SHAP_only,,cc(c)c(=O)n(c)C
cc(c)c(=O)n(c)O,,,,,,,,,,,,,,,,,,0.0,0.0,0.0,0.0,1.0,0.2903645833333333,right_only,SHAP_only,,cc(c)c(=O)n(c)O
cc(c)c(C)c(c)[nH],,,,,,,,,,,,,,,,,,0.000767,0.218,1.0,0.0,1.0,0.6662326388888888,right_only,SHAP_only,,cc(c)c(C)c(c)[nH]
cc(c)c(c[nH])C(c)O,cC(O)c(c[nH])c(c)c,0.0,0.3182936256940052,0.7802674544627747,0.1077565074532979,0.0,0.0,0.0,1.0,7.0,0.0,Neutral_Balanced,False,0.18254603682946358,0.2790232185748599,0.18254603682946358,0.21470509741126234,,,,,,,left_only,STATS_only,,cC(O)c(c[nH])c(c)c
cc(c)c(c[nH])CC,cc(c)c(c[nH])CC,0.5362838915470494,0.6003734827264239,0.7802674544627747,0.1077565074532979,0.0833333333333333,0.0007434944237918,2.0,1.0,21.0,0.0,Neutral_Balanced,False,0.4747798238590873,0.2790232185748599,0.4747798238590873,0.4095276220976782,,,,,,,left_only,STATS_only,,cc(c)c(c[nH])CC
cc(c)cc(-c)[nH],c-c([nH])cc(c)c,0.0,0.3182936256940052,0.7802674544627747,0.1077565074532979,0.0,0.0,0.0,1.0,7.0,0.0,Neutral_Balanced,False,0.18254603682946358,0.2790232185748599,0.18254603682946358,0.21470509741126234,,,,,,,left_only,STATS_only,,c-c([nH])cc(c)c
cc(c)cc[nH],cc(c)cc[nH],5.148325358851674,16.440289505428225,0.0136220949899673,1.865756095608627,0.8,0.0014869888475836,4.0,1.0,0.0,2.0,Second_StrongWeak_NoInactive,True,0.9743795036028823,0.8030424339471577,0.9743795036028823,0.917267147050974,,,,,,,left_only,STATS_only,,cc(c)cc[nH]
cc(c)nc(C)[nH],,,,,,,,,,,,,,,,,,0.0,0.0,0.0,0.0,1.0,0.2903645833333333,right_only,SHAP_only,,cc(c)nc(C)[nH]
cc(c)nc(N)o,cc(c)nc(N)o,0.0,0.3608920748705695,0.7802674544627747,0.1077565074532979,0.0,0.0,0.0,0.0,7.0,0.0,Negative_InactiveOnly,False,0.18254603682946358,0.2790232185748599,0.18254603682946358,0.21470509741126234,,,,,,,left_only,STATS_only,,cc(c)nc(N)o
cc(c)nc(N)s,cc(c)nc(N)s,0.5850369725967812,0.7741659538066724,1.0,-0.0,0.0909090909090909,0.0003717472118959,1.0,5.0,5.0,0.0,Neutral_Balanced,False,0.489191353082466,0.07606084867894315,0.489191353082466,0.3514811849479584,,,,,,,left_only,STATS_only,,cc(c)nc(N)s
cc(c)nc([nH])N,cc(c)nc(N)[nH],0.919343814080656,1.026539174553615,1.0,-0.0,0.1428571428571428,0.0011152416356877,3.0,6.0,12.0,0.0,Neutral_Balanced,False,0.588470776621297,0.07606084867894315,0.588470776621297,0.417667467307179,,,,,,,left_only,STATS_only,,cc(c)nc(N)[nH]
cc(c)nc(n)-n,,,,,,,,,,,,,,,,,,0.0,0.0,0.0,0.0,1.0,0.2903645833333333,right_only,SHAP_only,,cc(c)nc(n)-n
cc(c)oc(n)N,cc(c)oc(n)N,0.0,0.3608920748705695,0.7802674544627747,0.1077565074532979,0.0,0.0,0.0,0.0,7.0,0.0,Negative_InactiveOnly,False,0.18254603682946358,0.2790232185748599,0.18254603682946358,0.21470509741126234,,,,,,,left_only,STATS_only,,cc(c)oc(n)N
cc(c)sc(n)N,cc(c)sc(n)N,0.5850369725967812,0.7741659538066724,1.0,-0.0,0.0909090909090909,0.0003717472118959,1.0,5.0,5.0,0.0,Neutral_Balanced,False,0.489191353082466,0.07606084867894315,0.489191353082466,0.3514811849479584,,,,,,,left_only,STATS_only,,cc(c)sc(n)N
cc(c)sn(c)-c,c-n(c)sc(c)c,6.435406698564593,60.453446191052,0.000648035994037,3.1884008713245597,1.0,0.0018587360594795,5.0,0.0,0.0,2.0,Highest_StrongOnly,True,0.9951961569255404,0.8542834267413931,0.9951961569255404,0.948225246864158,,,,,,,left_only,STATS_only,,c-n(c)sc(c)c
cc(c)sn(c)C,cc(c)sn(c)C,2.574162679425837,3.785561844669203,0.1756609509123386,0.7553247705941162,0.4,0.0014869888475836,4.0,4.0,2.0,1.0,Medium_StrongEnriched,False,0.8518815052041633,0.6697357886309048,0.8518815052041633,0.7911662663464104,,,,,,,left_only,STATS_only,,cc(c)sn(c)C
cc(n)-c(c(c)C)c(c)C,,,,,,,,,,,,,,,,,,0.0,0.0,0.0,0.0,1.0,0.2903645833333333,right_only,SHAP_only,,cc(n)-c(c(c)C)c(c)C
cc(n)-c(c(c)C)c(c)c,,,,,,,,,,,,,,,,,,0.0,0.0,0.0,2.0,0.0,0.2903645833333333,right_only,SHAP_only,,cc(n)-c(c(c)C)c(c)c
cc(n)-c(n[nH])n(c)C,cc(n)-c(n[nH])n(c)C,0.0,0.4165977391783843,0.7802674544627747,0.1077565074532979,0.0,0.0,0.0,0.0,6.0,0.0,Negative_InactiveOnly,False,0.18254603682946358,0.2790232185748599,0.18254603682946358,0.21470509741126234,,,,,,,left_only,STATS_only,,cc(n)-c(n[nH])n(c)C
cc(n)-c1=c-c=c-n-1C,,,,,,,,,,,,,,,,,,0.0,0.0,0.0,1.0,0.0,0.2903645833333333,right_only,SHAP_only,,cc(n)-c1=c-c=c-n-1C
cc(n)-c1=n-n=n-[nH]-1,,,,,,,,,,,,,,,,,,0.0,0.0,0.0,1.0,0.0,0.2903645833333333,right_only,SHAP_only,,cc(n)-c1=n-n=n-[nH]-1
cc(n)-c1cncc1c,,,,,,,,,,,,,,,,,,0.0,0.0,0.0,1.0,0.0,0.2903645833333333,right_only,SHAP_only,,cc(n)-c1cncc1c
cc(n)-c1n[nH]cn1N,,,,,,,,,,,,,,,,,,0.0,0.0,0.0,2.0,0.0,0.2903645833333333,right_only,SHAP_only,,cc(n)-c1n[nH]cn1N
cc(n)-n1-[se]-c=c-c-1=O,,,,,,,,,,,,,,,,,,0.0,0.0,0.0,1.0,0.0,0.2903645833333333,right_only,SHAP_only,,cc(n)-n1-[se]-c=c-c-1=O
cc(n)-n1-n=n-c=c-1-c,,,,,,,,,,,,,,,,,,0.0,0.0,0.0,0.0,1.0,0.2903645833333333,right_only,SHAP_only,,cc(n)-n1-n=n-c=c-1-c
cc(n)/C=N/n,,,,,,,,,,,,,,,,,,0.0,0.0,0.0,1.0,0.0,0.2903645833333333,right_only,SHAP_only,,cc(n)/C=N/n
cc(n)/N=C/c,c/C=N/c(c)n,0.0,0.2846632710809281,0.624428810259094,0.2045170674163206,0.0,0.0,0.0,4.0,5.0,0.0,Neutral_Balanced,False,0.18254603682946358,0.40392313851080863,0.18254603682946358,0.2563384040565786,,,,,,,left_only,STATS_only,,c/C=N/c(c)n
cc(n)=S,,,,,,,,,,,,,,,,,,0.0,0.0,0.0,0.0,1.0,0.2903645833333333,right_only,SHAP_only,,cc(n)=S
cc(n)C(=O)N(C)C,,,,,,,,,,,,,,,,,,0.0,0.0,0.0,2.0,0.0,0.2903645833333333,right_only,SHAP_only,,cc(n)C(=O)N(C)C
cc(n)C(=O)NN,,,,,,,,,,,,,,,,,,0.0,0.0,0.0,4.0,0.0,0.2903645833333333,right_only,SHAP_only,,cc(n)C(=O)NN
cc(n)C(=O)NO,cc(n)C(=O)NO,0.0,0.2574386982989133,0.624428810259094,0.2045170674163206,0.0,0.0,0.0,4.0,6.0,0.0,Neutral_Balanced,False,0.18254603682946358,0.40392313851080863,0.18254603682946358,0.2563384040565786,,,,,,,left_only,STATS_only,,cc(n)C(=O)NO
cc(n)C(=O)Nc,cNC(=O)c(c)n,0.0,0.4165977391783843,0.7802674544627747,0.1077565074532979,0.0,0.0,0.0,0.0,6.0,0.0,Negative_InactiveOnly,False,0.18254603682946358,0.2790232185748599,0.18254603682946358,0.21470509741126234,,,,,,,left_only,STATS_only,,cNC(=O)c(c)n
cc(n)C(=O)OC,,,,,,,,,,,,,,,,,,0.0,0.0,0.0,2.0,0.0,0.2903645833333333,right_only,SHAP_only,,cc(n)C(=O)OC
cc(n)C(=S)NN,,,,,,,,,,,,,,,,,,0.0,0.0,0.0,2.0,0.0,0.2903645833333333,right_only,SHAP_only,,cc(n)C(=S)NN
cc(n)C(C)(C)C,,,,,,,,,,,,,,,,,,0.001842,1.0,1.0,0.0,0.0,0.7052951388888888,right_only,SHAP_only,,cc(n)C(C)(C)C
cc(n)C(CC)Cn,,,,,,,,,,,,,,,,,,0.006256,1.0,1.0,0.0,0.0,0.8081597222222222,right_only,SHAP_only,,cc(n)C(CC)Cn
cc(n)C(F)(F)F,,,,,,,,,,,,,,,,,,0.0,0.0,0.0,0.0,1.0,0.2903645833333333,right_only,SHAP_only,,cc(n)C(F)(F)F
cc(n)C1C=CC=C1c,,,,,,,,,,,,,,,,,,0.0,0.0,0.0,1.0,0.0,0.2903645833333333,right_only,SHAP_only,,cc(n)C1C=CC=C1c
cc(n)CC,,,,,,,,,,,,,,,,,,0.0,0.0,0.0,0.0,1.0,0.2903645833333333,right_only,SHAP_only,,cc(n)CC
cc(n)CC(=O)O,,,,,,,,,,,,,,,,,,0.0,0.0,0.0,0.0,1.0,0.2903645833333333,right_only,SHAP_only,,cc(n)CC(=O)O
cc(n)CC(C)C,,,,,,,,,,,,,,,,,,0.0,0.0,0.0,1.0,0.0,0.2903645833333333,right_only,SHAP_only,,cc(n)CC(C)C
cc(n)CCC,cc(n)CCC,0.0,0.4925600086890409,1.0,-0.0,0.0,0.0,0.0,0.0,5.0,0.0,Negative_InactiveOnly,False,0.18254603682946358,0.07606084867894315,0.18254603682946358,0.14705097411262344,,,,,,,left_only,STATS_only,,cc(n)CCC
cc(n)CCS,,,,,,,,,,,,,,,,,,0.004543,1.0,1.0,0.0,0.0,0.7821180555555556,right_only,SHAP_only,,cc(n)CCS
cc(n)CN,,,,,,,,,,,,,,,,,,0.0,0.0,0.0,0.0,2.0,0.2903645833333333,right_only,SHAP_only,,cc(n)CN
cc(n)CN(C)S,,,,,,,,,,,,,,,,,,0.0,0.0,0.0,1.0,0.0,0.2903645833333333,right_only,SHAP_only,,cc(n)CN(C)S
cc(n)CNc,cNCc(c)n,0.0,0.4165977391783843,0.7802674544627747,0.1077565074532979,0.0,0.0,0.0,2.0,4.0,0.0,Neutral_Balanced,False,0.18254603682946358,0.2790232185748599,0.18254603682946358,0.21470509741126234,,,,,,,left_only,STATS_only,,cNCc(c)n
cc(n)CS,,,,,,,,,,,,,,,,,,0.0,0.0,0.0,0.0,1.0,0.2903645833333333,right_only,SHAP_only,,cc(n)CS
cc(n)CS(C)(=O)=O,,,,,,,,,,,,,,,,,,0.0,0.0,0.0,1.0,0.0,0.2903645833333333,right_only,SHAP_only,,cc(n)CS(C)(=O)=O
cc(n)CSC,,,,,,,,,,,,,,,,,,0.0,0.0,0.0,2.0,0.0,0.2903645833333333,right_only,SHAP_only,,cc(n)CSC
cc(n)N(CC)CC,,,,,,,,,,,,,,,,,,0.0,0.0,0.0,0.0,1.0,0.2903645833333333,right_only,SHAP_only,,cc(n)N(CC)CC
cc(n)NC(c)c,,,,,,,,,,,,,,,,,,0.0,0.0,0.0,0.0,1.0,0.2903645833333333,right_only,SHAP_only,,cc(n)NC(c)c
cc(n)NS(C)(=O)=O,,,,,,,,,,,,,,,,,,0.0,0.0,0.0,1.0,0.0,0.2903645833333333,right_only,SHAP_only,,cc(n)NS(C)(=O)=O
cc(n)OC,,,,,,,,,,,,,,,,,,0.0,0.0,0.0,0.0,1.0,0.2903645833333333,right_only,SHAP_only,,cc(n)OC
cc(n)P,,,,,,,,,,,,,,,,,,0.0,0.0,0.0,1.0,0.0,0.2903645833333333,right_only,SHAP_only,,cc(n)P
cc(n)P(=O)(O)O,,,,,,,,,,,,,,,,,,0.0,0.0,0.0,1.0,0.0,0.2903645833333333,right_only,SHAP_only,,cc(n)P(=O)(O)O
cc(n)S(=O)(=O)Nc,cNS(=O)(=O)c(c)n,5.720361509835193,31.356475842468534,2.6021057628289724e-05,4.584675055476377,0.8888888888888888,0.0029739776951672,8.0,1.0,0.0,2.0,Second_StrongWeak_NoInactive,True,0.9859887910328262,0.8979183346677342,0.9859887910328262,0.9566319722444622,,,,,,,left_only,STATS_only,,cNS(=O)(=O)c(c)n
cc(n)SCc,,,,,,,,,,,,,,,,,,0.00467,1.0,1.0,0.0,0.0,0.7855902777777778,right_only,SHAP_only,,cc(n)SCc
cc(n)Sc(n)n,,,,,,,,,,,,,,,,,,0.0,0.0,0.0,1.0,0.0,0.2903645833333333,right_only,SHAP_only,,cc(n)Sc(n)n
cc(n)[nH],,,,,,,,,,,,,,,,,,0.0,0.0,0.0,0.0,4.0,0.2903645833333333,right_only,SHAP_only,,cc(n)[nH]
cc(n)n(C)c(n)=O,,,,,,,,,,,,,,,,,,0.0,0.0,0.0,0.0,1.0,0.2903645833333333,right_only,SHAP_only,,cc(n)n(C)c(n)=O
cc(n)s,,,,,,,,,,,,,,,,,,0.0,0.0,0.0,1.0,0.0,0.2903645833333333,right_only,SHAP_only,,cc(n)s
cc(o)-c(c(n)=O)[n+](c)[O-],,,,,,,,,,,,,,,,,,0.0,0.0,0.0,0.0,1.0,0.2903645833333333,right_only,SHAP_only,,cc(o)-c(c(n)=O)[n+](c)[O-]
cc(o)-c1=n-c=c-o-1,,,,,,,,,,,,,,,,,,0.002736,1.0,1.0,0.0,0.0,0.7317708333333334,right_only,SHAP_only,,cc(o)-c1=n-c=c-o-1
cc(o)-c1=n-n=c-o-1,,,,,,,,,,,,,,,,,,0.0,0.0,0.0,0.0,1.0,0.2903645833333333,right_only,SHAP_only,,cc(o)-c1=n-n=c-o-1
cc(o)/C=N/N,cc(o)/C=N/N,0.0,0.4165977391783843,0.7802674544627747,0.1077565074532979,0.0,0.0,0.0,3.0,3.0,0.0,Neutral_Balanced,False,0.18254603682946358,0.2790232185748599,0.18254603682946358,0.21470509741126234,,,,,,,left_only,STATS_only,,cc(o)/C=N/N
cc(o)/C=N/n,,,,,,,,,,,,,,,,,,0.002396,1.0,1.0,0.0,0.0,0.7235243055555556,right_only,SHAP_only,,cc(o)/C=N/n
cc(o)C(=O)NC,,,,,,,,,,,,,,,,,,0.004804,1.0,1.0,0.0,0.0,0.7868923611111112,right_only,SHAP_only,,cc(o)C(=O)NC
cc(o)C(=S)NN,,,,,,,,,,,,,,,,,,0.0,0.0,0.0,2.0,0.0,0.2903645833333333,right_only,SHAP_only,,cc(o)C(=S)NN
cc(o)CCc,,,,,,,,,,,,,,,,,,0.278145,1.0,1.0,0.0,0.0,0.9618055555555556,right_only,SHAP_only,,cc(o)CCc
cc(o)CN(C)C,,,,,,,,,,,,,,,,,,0.0,0.0,0.0,3.0,0.0,0.2903645833333333,right_only,SHAP_only,,cc(o)CN(C)C
cc(o)CNc,cNCc(c)o,0.0,0.3182936256940052,0.7802674544627747,0.1077565074532979,0.0,0.0,0.0,4.0,4.0,0.0,Neutral_Balanced,False,0.18254603682946358,0.2790232185748599,0.18254603682946358,0.21470509741126234,,,,,,,left_only,STATS_only,,cNCc(c)o
cc(o)CO,,,,,,,,,,,,,,,,,,0.0,0.0,0.0,0.0,3.0,0.2903645833333333,right_only,SHAP_only,,cc(o)CO
cc(o)Cn(c)c,,,,,,,,,,,,,,,,,,0.0,0.0,0.0,0.0,1.0,0.2903645833333333,right_only,SHAP_only,,cc(o)Cn(c)c
cc(s)-c(c(n)=O)[n+](c)[O-],,,,,,,,,,,,,,,,,,0.0,0.0,0.0,0.0,1.0,0.2903645833333333,right_only,SHAP_only,,cc(s)-c(c(n)=O)[n+](c)[O-]
cc(s)-c(n[nH])n(c)C,cc(s)-c(n[nH])n(c)C,0.0,0.4165977391783843,0.7802674544627747,0.1077565074532979,0.0,0.0,0.0,0.0,6.0,0.0,Negative_InactiveOnly,False,0.18254603682946358,0.2790232185748599,0.18254603682946358,0.21470509741126234,,,,,,,left_only,STATS_only,,cc(s)-c(n[nH])n(c)C
cc(s)Br,,,,,,,,,,,,,,,,,,0.0,0.0,0.0,3.0,0.0,0.2903645833333333,right_only,SHAP_only,,cc(s)Br
cc(s)C(=O)N(C)C,,,,,,,,,,,,,,,,,,0.0,0.0,0.0,1.0,0.0,0.2903645833333333,right_only,SHAP_only,,cc(s)C(=O)N(C)C
cc(s)C(=O)NN,,,,,,,,,,,,,,,,,,0.002232,0.318,1.0,1.0,0.0,0.71875,right_only,SHAP_only,,cc(s)C(=O)NN
cc(s)C(=O)NO,,,,,,,,,,,,,,,,,,0.0,0.0,0.0,1.0,0.0,0.2903645833333333,right_only,SHAP_only,,cc(s)C(=O)NO
cc(s)C(=O)OC,,,,,,,,,,,,,,,,,,0.0,0.0,0.0,0.0,3.0,0.2903645833333333,right_only,SHAP_only,,cc(s)C(=O)OC
cc(s)C(C)C,,,,,,,,,,,,,,,,,,0.0,0.0,0.0,0.0,1.0,0.2903645833333333,right_only,SHAP_only,,cc(s)C(C)C
cc(s)C(C)CC,,,,,,,,,,,,,,,,,,0.000935,1.0,1.0,0.0,0.0,0.6736111111111112,right_only,SHAP_only,,cc(s)C(C)CC
cc(s)C1OBc=c1-c,,,,,,,,,,,,,,,,,,0.0,0.0,0.0,0.0,1.0,0.2903645833333333,right_only,SHAP_only,,cc(s)C1OBc=c1-c
cc(s)CC(N)=O,cc(s)CC(N)=O,0.0,0.1251146119863299,0.184503748866948,0.7339948051380467,0.0,0.0,0.0,2.0,19.0,0.0,VeryNegative_InactiveEnriched,False,0.18254603682946358,0.6509207365892714,0.18254603682946358,0.3386709367493996,,,,,,,left_only,STATS_only,,cc(s)CC(N)=O
cc(s)CCN,,,,,,,,,,,,,,,,,,0.0,0.0,0.0,1.0,0.0,0.2903645833333333,right_only,SHAP_only,,cc(s)CCN
cc(s)CNc,,,,,,,,,,,,,,,,,,0.0,0.0,0.0,1.0,0.0,0.2903645833333333,right_only,SHAP_only,,cc(s)CNc
cc(s)Cc(n)[nH],,,,,,,,,,,,,,,,,,0.0,0.0,0.0,1.0,0.0,0.2903645833333333,right_only,SHAP_only,,cc(s)Cc(n)[nH]
cc(s)NS(c)(=O)=O,cS(=O)(=O)Nc(c)s,5.197828487302171,24.32334155441725,6.682013740209224e-24,12.0,0.8076923076923077,0.0156133828996282,42.0,10.0,0.0,2.0,Second_StrongWeak_NoInactive,True,0.9767814251401121,0.9875900720576462,0.9767814251401121,0.980384307445957,,,,,,,left_only,STATS_only,,cS(=O)(=O)Nc(c)s
cc-c1=c(-c)-[nH]-c=c-1,,,,,,,,,,,,,,,,,,0.005995,1.0,3.0,0.0,0.0,0.8046875,right_only,SHAP_only,,cc-c1=c(-c)-[nH]-c=c-1
cc-c1=c(-c)-[nH]-c=c-1-c,,,,,,,,,,,,,,,,,,0.125951,0.5873,4.0,1.0,2.0,0.9379340277777778,right_only,SHAP_only,,cc-c1=c(-c)-[nH]-c=c-1-c
cc-c1=c(-c)-[nH]-c=c-1C,,,,,,,,,,,,,,,,,,0.0,0.0,0.0,7.0,0.0,0.2903645833333333,right_only,SHAP_only,,cc-c1=c(-c)-[nH]-c=c-1C
cc-c1=c(-c)-[nH]-c=c-1S,,,,,,,,,,,,,,,,,,0.0,0.0,0.0,0.0,1.0,0.2903645833333333,right_only,SHAP_only,,cc-c1=c(-c)-[nH]-c=c-1S
cc-c1=c(-c)-[nH]-c=n-1,,,,,,,,,,,,,,,,,,0.0,0.0,0.0,1.0,0.0,0.2903645833333333,right_only,SHAP_only,,cc-c1=c(-c)-[nH]-c=n-1
cc-c1=c(-c)-c=c-[nH]-1,,,,,,,,,,,,,,,,,,0.0,0.0,0.0,26.0,5.0,0.2903645833333333,right_only,SHAP_only,,cc-c1=c(-c)-c=c-[nH]-1
cc-c1=c(-c)-c=c-n-1-c,,,,,,,,,,,,,,,,,,0.007904,1.0,2.0,0.0,0.0,0.8237847222222222,right_only,SHAP_only,,cc-c1=c(-c)-c=c-n-1-c
cc-c1=c(-c)-c=c-n-1C,,,,,,,,,,,,,,,,,,0.0,0.0,0.0,0.0,13.0,0.2903645833333333,right_only,SHAP_only,,cc-c1=c(-c)-c=c-n-1C
cc-c1=c(-c)-c=c-o-1,,,,,,,,,,,,,,,,,,1e-05,0.0073,1.0,0.0,4.0,0.5876736111111112,right_only,SHAP_only,,cc-c1=c(-c)-c=c-o-1
cc-c1=c(-c)-c=c-s-1,,,,,,,,,,,,,,,,,,0.0,0.0,0.0,0.0,8.0,0.2903645833333333,right_only,SHAP_only,,cc-c1=c(-c)-c=c-s-1
cc-c1=c(-c)-c=cC1,,,,,,,,,,,,,,,,,,0.002937,1.0,1.0,0.0,0.0,0.7389322916666666,right_only,SHAP_only,,cc-c1=c(-c)-c=cC1
cc-c1=c(-c)-c=n-[se]-1,,,,,,,,,,,,,,,,,,0.0,0.0,0.0,0.0,3.0,0.2903645833333333,right_only,SHAP_only,,cc-c1=c(-c)-c=n-[se]-1
cc-c1=c(-c)-c=n-s-1,,,,,,,,,,,,,,,,,,0.773035,0.9993,10.0,1.0,0.0,0.9822048611111112,right_only,SHAP_only,,cc-c1=c(-c)-c=n-s-1
cc-c1=c(-c)-n=c-[nH]-1,,,,,,,,,,,,,,,,,,0.0,0.0,0.0,15.0,0.0,0.2903645833333333,right_only,SHAP_only,,cc-c1=c(-c)-n=c-[nH]-1
cc-c1=c(-c)-n=c-o-1,,,,,,,,,,,,,,,,,,0.003185,1.0,1.0,0.0,0.0,0.7456597222222222,right_only,SHAP_only,,cc-c1=c(-c)-n=c-o-1
cc-c1=c(-c)-n=c-s-1,,,,,,,,,,,,,,,,,,0.0,0.0,0.0,4.0,1.0,0.2903645833333333,right_only,SHAP_only,,cc-c1=c(-c)-n=c-s-1
cc-c1=c(-c)-o-c=c-1-c,,,,,,,,,,,,,,,,,,0.0,0.0,0.0,0.0,1.0,0.2903645833333333,right_only,SHAP_only,,cc-c1=c(-c)-o-c=c-1-c
cc-c1=c(-c)-o-n=c-1C,,,,,,,,,,,,,,,,,,0.0,0.0,0.0,1.0,0.0,0.2903645833333333,right_only,SHAP_only,,cc-c1=c(-c)-o-n=c-1C
cc-c1=c(-c)-s-[nH]-c-1=O,,,,,,,,,,,,,,,,,,0.0,0.0,0.0,1.0,0.0,0.2903645833333333,right_only,SHAP_only,,cc-c1=c(-c)-s-[nH]-c-1=O
cc-c1=c(-c)-s-c=c-1,,,,,,,,,,,,,,,,,,0.0,0.0,0.0,0.0,4.0,0.2903645833333333,right_only,SHAP_only,,cc-c1=c(-c)-s-c=c-1
cc-c1=c(-c)-s-c=c-1-c,,,,,,,,,,,,,,,,,,0.0,0.0,0.0,0.0,5.0,0.2903645833333333,right_only,SHAP_only,,cc-c1=c(-c)-s-c=c-1-c
cc-c1=c(-c)-s-c=c-1C,,,,,,,,,,,,,,,,,,0.008283,1.0,2.0,0.0,0.0,0.8276909722222222,right_only,SHAP_only,,cc-c1=c(-c)-s-c=c-1C
cc-c1=c(-c)BOC1c,,,,,,,,,,,,,,,,,,0.0,0.0,0.0,10.0,0.0,0.2903645833333333,right_only,SHAP_only,,cc-c1=c(-c)BOC1c
cc-c1=c(-c)CCC1,,,,,,,,,,,,,,,,,,0.002184,1.0,1.0,0.0,0.0,0.7170138888888888,right_only,SHAP_only,,cc-c1=c(-c)CCC1
cc-c1=c(-c)CCN1,,,,,,,,,,,,,,,,,,0.000976,0.061,4.0,5.0,0.0,0.6770833333333334,right_only,SHAP_only,,cc-c1=c(-c)CCN1
cc-c1=c(-c)CCN1C,,,,,,,,,,,,,,,,,,0.001401,1.0,1.0,0.0,0.0,0.69140625,right_only,SHAP_only,,cc-c1=c(-c)CCN1C
cc-c1=c(-c)CCO1,,,,,,,,,,,,,,,,,,0.034276,0.866,16.0,1.0,0.0,0.8932291666666666,right_only,SHAP_only,,cc-c1=c(-c)CCO1
cc-c1=c(-c)CNC1=O,,,,,,,,,,,,,,,,,,0.364255,1.0,14.0,0.0,0.0,0.9691840277777778,right_only,SHAP_only,,cc-c1=c(-c)CNC1=O
cc-c1=c(-c)COB1O,,,,,,,,,,,,,,,,,,0.015987,0.7994,3.0,1.0,0.0,0.8667534722222222,right_only,SHAP_only,,cc-c1=c(-c)COB1O
cc-c1=c(-c)Cc=c-1-[nH],,,,,,,,,,,,,,,,,,0.0,0.0,0.0,0.0,1.0,0.2903645833333333,right_only,SHAP_only,,cc-c1=c(-c)Cc=c-1-[nH]
cc-c1=c(-c)NCC1=N,,,,,,,,,,,,,,,,,,0.0,0.0,0.0,5.0,7.0,0.2903645833333333,right_only,SHAP_only,,cc-c1=c(-c)NCC1=N
cc-c1=c(-c)NCC1=O,,,,,,,,,,,,,,,,,,0.0,0.0,0.0,1.0,0.0,0.2903645833333333,right_only,SHAP_only,,cc-c1=c(-c)NCC1=O
cc-c1=c(-c)NCN1,,,,,,,,,,,,,,,,,,0.093741,1.0,1.0,0.0,0.0,0.9162326388888888,right_only,SHAP_only,,cc-c1=c(-c)NCN1
cc-c1=c(-c)NCN1C,,,,,,,,,,,,,,,,,,0.0,0.0,0.0,0.0,1.0,0.2903645833333333,right_only,SHAP_only,,cc-c1=c(-c)NCN1C
cc-c1=c(-c)NCS1,,,,,,,,,,,,,,,,,,0.103931,1.0,1.0,0.0,0.0,0.9236111111111112,right_only,SHAP_only,,cc-c1=c(-c)NCS1
cc-c1=c(-c)OCC1,,,,,,,,,,,,,,,,,,0.0,0.0,0.0,0.0,1.0,0.2903645833333333,right_only,SHAP_only,,cc-c1=c(-c)OCC1
cc-c1=c(-c)OCC1=O,,,,,,,,,,,,,,,,,,0.022213,1.0,9.0,0.0,0.0,0.8797743055555556,right_only,SHAP_only,,cc-c1=c(-c)OCC1=O
cc-c1=c(-c)OCO1,,,,,,,,,,,,,,,,,,0.0,0.0,0.0,0.0,2.0,0.2903645833333333,right_only,SHAP_only,,cc-c1=c(-c)OCO1
cc-c1=c(-c)SCN1C,,,,,,,,,,,,,,,,,,0.0,0.0,0.0,1.0,1.0,0.2903645833333333,right_only,SHAP_only,,cc-c1=c(-c)SCN1C
cc-n1-n=c-n=c-1-c,,,,,,,,,,,,,,,,,,0.0,0.0,0.0,2.0,0.0,0.2903645833333333,right_only,SHAP_only,,cc-n1-n=c-n=c-1-c
cc1cc[nH]s1,,,,,,,,,,,,,,,,,,0.008705,1.0,1.0,0.0,0.0,0.8315972222222222,right_only,SHAP_only,,cc1cc[nH]s1
cc1cnc(=O)o1,,,,,,,,,,,,,,,,,,0.0,0.0,0.0,1.0,0.0,0.2903645833333333,right_only,SHAP_only,,cc1cnc(=O)o1
cc1cnc(S)n1,,,,,,,,,,,,,,,,,,0.000109,0.0336,1.0,1.0,0.0,0.6154513888888888,right_only,SHAP_only,,cc1cnc(S)n1
cc1cnnn1,,,,,,,,,,,,,,,,,,0.0,0.0,0.0,1.0,0.0,0.2903645833333333,right_only,SHAP_only,,cc1cnnn1
cc1nnc(N)n1,,,,,,,,,,,,,,,,,,0.0,0.0,0.0,1.0,0.0,0.2903645833333333,right_only,SHAP_only,,cc1nnc(N)n1
cc[n+],,,,,,,,,,,,,,,,,,0.0,0.0,0.0,1.0,0.0,0.2903645833333333,right_only,SHAP_only,,cc[n+]
cc[n+]([O-])c(c)c,,,,,,,,,,,,,,,,,,0.0,0.0,0.0,1.0,0.0,0.2903645833333333,right_only,SHAP_only,,cc[n+]([O-])c(c)c
cc[nH]c(c)c,cc[nH]c(c)c,0.8580542264752791,0.8910011507479861,0.9835235789507354,0.0072152238631566,0.1333333333333333,0.0022304832713754,6.0,3.0,36.0,0.0,Neutral_Balanced,False,0.5636509207365893,0.15292233787029624,0.5636509207365893,0.4267413931144916,,,,,,,left_only,STATS_only,,cc[nH]c(c)c
cc[nH]cn,cc[nH]cn,3.113906467047384,5.253388907664001,0.000141689041267,3.848663738328962,0.4838709677419355,0.0055762081784386,15.0,8.0,8.0,2.0,Medium_StrongEnriched,True,0.88871096877502,0.8799039231385108,0.88871096877502,0.8857752868961836,,,,,,,left_only,STATS_only,,cc[nH]cn
ccc(-c(c)c)c(c)Cl,,,,,,,,,,,,,,,,,,0.0,0.0,0.0,2.0,2.0,0.2903645833333333,right_only,SHAP_only,,ccc(-c(c)c)c(c)Cl
ccc(-c(c)c)c(c)N,,,,,,,,,,,,,,,,,,0.0,0.0,0.0,1.0,0.0,0.2903645833333333,right_only,SHAP_only,,ccc(-c(c)c)c(c)N
ccc(-c(c)c)c(c)O,ccc(-c(c)c)c(c)O,4.290271132376395,10.217662337662338,0.0045234050121571,2.3445345250840166,0.6666666666666666,0.0022304832713754,6.0,2.0,1.0,2.0,Medium_StrongEnriched,True,0.9471577261809447,0.8230584467574059,0.9471577261809447,0.9057912997064319,,,,,,,left_only,STATS_only,,ccc(-c(c)c)c(c)O
ccc(-c(c)c)c(c)S,,,,,,,,,,,,,,,,,,0.130386,1.0,1.0,0.0,0.0,0.9396701388888888,right_only,SHAP_only,,ccc(-c(c)c)c(c)S
ccc(-c(c)c)c(c)[nH],,,,,,,,,,,,,,,,,,0.0,0.0,0.0,0.0,1.0,0.2903645833333333,right_only,SHAP_only,,ccc(-c(c)c)c(c)[nH]
ccc(-c(c)n)c(c)Br,,,,,,,,,,,,,,,,,,0.0,0.0,0.0,0.0,1.0,0.2903645833333333,right_only,SHAP_only,,ccc(-c(c)n)c(c)Br
ccc(-c(c)n)c(c)F,,,,,,,,,,,,,,,,,,0.001124,1.0,1.0,0.0,0.0,0.6805555555555556,right_only,SHAP_only,,ccc(-c(c)n)c(c)F
ccc(-c(c)s)c(c)S,,,,,,,,,,,,,,,,,,0.007895,1.0,1.0,0.0,0.0,0.8233506944444444,right_only,SHAP_only,,ccc(-c(c)s)c(c)S
ccc(-c(n)[nH])c(c)-c,,,,,,,,,,,,,,,,,,0.0,0.0,0.0,3.0,0.0,0.2903645833333333,right_only,SHAP_only,,ccc(-c(n)[nH])c(c)-c
ccc(-c(n)[nH])c(c)S,,,,,,,,,,,,,,,,,,0.0,0.0,0.0,0.0,1.0,0.2903645833333333,right_only,SHAP_only,,ccc(-c(n)[nH])c(c)S
ccc(-c(n)n)c(c)Br,,,,,,,,,,,,,,,,,,0.0,0.0,0.0,1.0,0.0,0.2903645833333333,right_only,SHAP_only,,ccc(-c(n)n)c(c)Br
ccc(-c(n)n)c(c)C,ccc(-c(n)n)c(c)C,0.0,0.07751978252212,0.0293572089951024,1.5322852353922911,0.0,0.0,0.0,2.0,32.0,0.0,VeryNegative_InactiveEnriched,True,0.18254603682946358,0.765812650120096,0.18254603682946358,0.3769682412596744,,,,,,,left_only,STATS_only,,ccc(-c(n)n)c(c)C
ccc(-c(n)o)c(c)N,,,,,,,,,,,,,,,,,,0.0,0.0,0.0,2.0,0.0,0.2903645833333333,right_only,SHAP_only,,ccc(-c(n)o)c(c)N
ccc(-c(n)o)c(c)O,,,,,,,,,,,,,,,,,,0.0,0.0,0.0,0.0,2.0,0.2903645833333333,right_only,SHAP_only,,ccc(-c(n)o)c(c)O
ccc(-c(n)s)c(c)O,ccc(-c(n)s)c(c)O,0.0,0.4925600086890409,1.0,-0.0,0.0,0.0,0.0,3.0,2.0,1.0,Neutral_Balanced,False,0.18254603682946358,0.07606084867894315,0.18254603682946358,0.14705097411262344,,,,,,,left_only,STATS_only,,ccc(-c(n)s)c(c)O
ccc(=O)[nH]c,,,,,,,,,,,,,,,,,,0.0,0.0,0.0,1.0,0.0,0.2903645833333333,right_only,SHAP_only,,ccc(=O)[nH]c
ccc(=O)c(c)c,,,,,,,,,,,,,,,,,,0.006144,1.0,1.0,0.0,0.0,0.8068576388888888,right_only,SHAP_only,,ccc(=O)c(c)c
ccc(=O)n(c)C,,,,,,,,,,,,,,,,,,0.003523,1.0,1.0,0.0,0.0,0.7578125,right_only,SHAP_only,,ccc(=O)n(c)C
ccc(B(O)O)c(c)C,ccc(B(O)O)c(c)C,0.0,0.1251146119863299,0.184503748866948,0.7339948051380467,0.0,0.0,0.0,7.0,14.0,0.0,Neutral_Balanced,False,0.18254603682946358,0.6509207365892714,0.18254603682946358,0.3386709367493996,,,,,,,left_only,STATS_only,,ccc(B(O)O)c(c)C
ccc(Br)c(c)C,,,,,,,,,,,,,,,,,,0.000597,0.1268,1.0,1.0,0.0,0.6575520833333334,right_only,SHAP_only,,ccc(Br)c(c)C
ccc(Br)c(c)N,,,,,,,,,,,,,,,,,,0.002431,1.0,2.0,0.0,0.0,0.7243923611111112,right_only,SHAP_only,,ccc(Br)c(c)N
ccc(Br)c(c)O,,,,,,,,,,,,,,,,,,0.045539,0.5334,1.0,0.0,1.0,0.8997395833333334,right_only,SHAP_only,,ccc(Br)c(c)O
ccc(Br)c(c)c,ccc(Br)c(c)c,0.919343814080656,1.25278673422386,1.0,-0.0,0.1428571428571428,0.0003717472118959,1.0,2.0,4.0,0.0,Neutral_Balanced,False,0.588470776621297,0.07606084867894315,0.588470776621297,0.417667467307179,,,,,,,left_only,STATS_only,,ccc(Br)c(c)c
ccc(C#N)c(c)C,,,,,,,,,,,,,,,,,,0.0,0.0,0.0,0.0,1.0,0.2903645833333333,right_only,SHAP_only,,ccc(C#N)c(c)C
ccc(C#N)c(c)N,,,,,,,,,,,,,,,,,,0.00013,0.0841,1.0,1.0,0.0,0.6200086805555556,right_only,SHAP_only,,ccc(C#N)c(c)N
ccc(C(=O)O)c(c)-c,,,,,,,,,,,,,,,,,,0.0,0.0,0.0,0.0,2.0,0.2903645833333333,right_only,SHAP_only,,ccc(C(=O)O)c(c)-c
ccc(C(=O)O)c(c)S,,,,,,,,,,,,,,,,,,0.0,0.0,0.0,2.0,0.0,0.2903645833333333,right_only,SHAP_only,,ccc(C(=O)O)c(c)S
ccc(C(=O)O)c(c)s,,,,,,,,,,,,,,,,,,0.004545,1.0,1.0,0.0,0.0,0.7825520833333334,right_only,SHAP_only,,ccc(C(=O)O)c(c)s
ccc(C(=O)O)c(n)O,,,,,,,,,,,,,,,,,,0.006595,0.4272,1.0,1.0,0.0,0.8120659722222222,right_only,SHAP_only,,ccc(C(=O)O)c(n)O
ccc(C(=O)O)n(c)O,,,,,,,,,,,,,,,,,,0.0,0.0,0.0,1.0,0.0,0.2903645833333333,right_only,SHAP_only,,ccc(C(=O)O)n(c)O
ccc(C(C)=N)c(c)N,C/C(=N)c(cc)c(c)N,0.0,0.1380694176393101,0.1803078066922682,0.7439854694507722,0.0,0.0,0.0,13.0,6.0,1.0,Neutral_Balanced,False,0.18254603682946358,0.6613290632506005,0.18254603682946358,0.34214037896984256,,,,,,,left_only,STATS_only,,C/C(=N)c(cc)c(c)N
ccc(C(N)=O)c(c)n,,,,,,,,,,,,,,,,,,0.0,0.0,0.0,0.0,1.0,0.2903645833333333,right_only,SHAP_only,,ccc(C(N)=O)c(c)n
ccc(C(N)=S)c(c)O,,,,,,,,,,,,,,,,,,0.012282,1.0,1.0,0.0,0.0,0.8567708333333334,right_only,SHAP_only,,ccc(C(N)=S)c(c)O
ccc(C(c)=O)c(c)-c,,,,,,,,,,,,,,,,,,0.0,0.0,0.0,0.0,1.0,0.2903645833333333,right_only,SHAP_only,,ccc(C(c)=O)c(c)-c
ccc(C(c)=O)c(c)O,,,,,,,,,,,,,,,,,,0.0,0.0,0.0,0.0,1.0,0.2903645833333333,right_only,SHAP_only,,ccc(C(c)=O)c(c)O
ccc(C)c(c)C,,,,,,,,,,,,,,,,,,0.000548,0.1411,1.0,1.0,0.0,0.6549479166666666,right_only,SHAP_only,,ccc(C)c(c)C
ccc(C=N)c(c)Br,,,,,,,,,,,,,,,,,,0.0,0.0,0.0,1.0,0.0,0.2903645833333333,right_only,SHAP_only,,ccc(C=N)c(c)Br
ccc(C=N)c(c)Cl,,,,,,,,,,,,,,,,,,0.0,0.0,0.0,1.0,0.0,0.2903645833333333,right_only,SHAP_only,,ccc(C=N)c(c)Cl
ccc(C=N)c(c)[N+],,,,,,,,,,,,,,,,,,0.000478,0.1029,2.0,1.0,0.0,0.6506076388888888,right_only,SHAP_only,,ccc(C=N)c(c)[N+]
ccc(C=N)cn,,,,,,,,,,,,,,,,,,0.0,0.0,0.0,3.0,0.0,0.2903645833333333,right_only,SHAP_only,,ccc(C=N)cn
ccc(C=N)oc,ccc(/C=N)oc,0.0,0.3182936256940052,0.7802674544627747,0.1077565074532979,0.0,0.0,0.0,3.0,5.0,0.0,Neutral_Balanced,False,0.18254603682946358,0.2790232185748599,0.18254603682946358,0.21470509741126234,,,,,,,left_only,STATS_only,,ccc(/C=N)oc
ccc(CC)c(c)F,,,,,,,,,,,,,,,,,,0.0,0.0,0.0,1.0,0.0,0.2903645833333333,right_only,SHAP_only,,ccc(CC)c(c)F
ccc(CC)c(c)c,ccc(CC)c(c)c,2.574162679425837,3.892128279883382,0.3802649752069439,0.4199136739963857,0.4,0.0007434944237918,2.0,1.0,2.0,0.0,Medium_StrongEnriched,False,0.8518815052041633,0.5320256204963971,0.8518815052041633,0.7452628769682411,,,,,,,left_only,STATS_only,,ccc(CC)c(c)c
ccc(CC)sc,ccc(CC)sc,1.2870813397129186,1.5991102323282254,0.8217616129942086,0.085254149827821,0.2,0.0007434944237918,2.0,1.0,7.0,0.0,Neutral_Balanced,False,0.6985588470776621,0.20056044835868694,0.6985588470776621,0.5325593808380037,,,,,,,left_only,STATS_only,,ccc(CC)sc
ccc(CN)c(c)F,,,,,,,,,,,,,,,,,,0.004511,1.0,1.0,0.0,0.0,0.7816840277777778,right_only,SHAP_only,,ccc(CN)c(c)F
ccc(CN)c(c)c,,,,,,,,,,,,,,,,,,0.0,0.0,0.0,0.0,1.0,0.2903645833333333,right_only,SHAP_only,,ccc(CN)c(c)c
ccc(CN)oc,ccc(CN)oc,0.2925184862983906,0.3762428631109873,0.4513455900264954,0.3454907965553292,0.0454545454545454,0.0003717472118959,1.0,8.0,13.0,0.0,Neutral_Balanced,False,0.4035228182546037,0.48478783026421135,0.4035228182546037,0.43061115559113955,,,,,,,left_only,STATS_only,,ccc(CN)oc
ccc(CN)sc,ccc(CN)sc,0.0,0.2160573476702509,0.4513455900264954,0.3454907965553292,0.0,0.0,0.0,2.0,10.0,0.0,Neutral_Balanced,False,0.18254603682946358,0.48478783026421135,0.18254603682946358,0.28329330130771285,,,,,,,left_only,STATS_only,,ccc(CN)sc
ccc(CO)oc,ccc(CO)oc,0.0,0.4925600086890409,1.0,-0.0,0.0,0.0,0.0,3.0,2.0,1.0,Neutral_Balanced,False,0.18254603682946358,0.07606084867894315,0.18254603682946358,0.14705097411262344,,,,,,,left_only,STATS_only,,ccc(CO)oc
ccc(CP)c(c)-n,ccc(CP)c(c)-n,0.0,0.3182936256940052,0.7802674544627747,0.1077565074532979,0.0,0.0,0.0,0.0,8.0,0.0,Negative_InactiveOnly,False,0.18254603682946358,0.2790232185748599,0.18254603682946358,0.21470509741126234,,,,,,,left_only,STATS_only,,ccc(CP)c(c)-n
ccc(CP)c(c)n,,,,,,,,,,,,,,,,,,0.029355,1.0,1.0,0.0,0.0,0.8888888888888888,right_only,SHAP_only,,ccc(CP)c(c)n
ccc(CS)c(c)C,Cc(c)c(cc)CS,2.145135566188197,2.8660678297921347,0.2045947035368645,0.6891056133144097,0.3333333333333333,0.0018587360594795,5.0,8.0,2.0,1.0,Medium_StrongEnriched,False,0.8090472377902321,0.644115292233787,0.8090472377902321,0.7540699226047504,,,,,,,left_only,STATS_only,,Cc(c)c(cc)CS
ccc(CS)c(c)Cl,ccc(CS)c(c)Cl,1.2870813397129186,1.8111776447105787,0.7802674544627747,0.1077565074532979,0.2,0.0003717472118959,1.0,2.0,2.0,0.0,Neutral_Balanced,False,0.6985588470776621,0.2790232185748599,0.6985588470776621,0.558713637576728,,,,,,,left_only,STATS_only,,ccc(CS)c(c)Cl
ccc(CS)c(c)O,,,,,,,,,,,,,,,,,,0.001942,1.0,1.0,0.0,0.0,0.7078993055555556,right_only,SHAP_only,,ccc(CS)c(c)O
ccc(CS)nc,,,,,,,,,,,,,,,,,,0.0,0.0,0.0,2.0,0.0,0.2903645833333333,right_only,SHAP_only,,ccc(CS)nc
ccc(Cc)c(c)C,,,,,,,,,,,,,,,,,,0.0,0.0,0.0,0.0,1.0,0.2903645833333333,right_only,SHAP_only,,ccc(Cc)c(c)C
ccc(Cc)sc,cCc(cc)sc,0.919343814080656,1.25278673422386,1.0,-0.0,0.1428571428571428,0.0003717472118959,1.0,1.0,5.0,0.0,Neutral_Balanced,False,0.588470776621297,0.07606084867894315,0.588470776621297,0.417667467307179,,,,,,,left_only,STATS_only,,cCc(cc)sc
ccc(Cl)c(c)-c,,,,,,,,,,,,,,,,,,0.000996,1.0,1.0,0.0,0.0,0.6775173611111112,right_only,SHAP_only,,ccc(Cl)c(c)-c
ccc(Cl)c(c)S,,,,,,,,,,,,,,,,,,0.0,0.0,0.0,0.0,1.0,0.2903645833333333,right_only,SHAP_only,,ccc(Cl)c(c)S
ccc(Cl)c(c)[nH],,,,,,,,,,,,,,,,,,0.103825,1.0,1.0,0.0,0.0,0.9231770833333334,right_only,SHAP_only,,ccc(Cl)c(c)[nH]
ccc(Cl)sc,ccc(Cl)sc,0.0,0.4925600086890409,1.0,-0.0,0.0,0.0,0.0,0.0,5.0,0.0,Negative_InactiveOnly,False,0.18254603682946358,0.07606084867894315,0.18254603682946358,0.14705097411262344,,,,,,,left_only,STATS_only,,ccc(Cl)sc
ccc(F)c(c)c,,,,,,,,,,,,,,,,,,0.0,0.0,0.0,2.0,0.0,0.2903645833333333,right_only,SHAP_only,,ccc(F)c(c)c
ccc(I)c(c)C,,,,,,,,,,,,,,,,,,0.0,0.0,0.0,1.0,0.0,0.2903645833333333,right_only,SHAP_only,,ccc(I)c(c)C
ccc(I)c(c)c,,,,,,,,,,,,,,,,,,0.0,0.0,0.0,1.0,3.0,0.2903645833333333,right_only,SHAP_only,,ccc(I)c(c)c
ccc(N)c(c)N,,,,,,,,,,,,,,,,,,0.0,0.0,0.0,1.0,0.0,0.2903645833333333,right_only,SHAP_only,,ccc(N)c(c)N
ccc(N)c(c)S,,,,,,,,,,,,,,,,,,0.008859,0.9263,1.0,0.0,1.0,0.8328993055555556,right_only,SHAP_only,,ccc(N)c(c)S
ccc(N)c(c)n,,,,,,,,,,,,,,,,,,0.0,0.0,0.0,1.0,0.0,0.2903645833333333,right_only,SHAP_only,,ccc(N)c(c)n
ccc(NC)c(c)Cl,CNc(cc)c(c)Cl,4.022129186602871,8.624805665918121,0.0168083685558581,1.7744744377546122,0.625,0.0018587360594795,5.0,1.0,2.0,2.0,Medium_StrongEnriched,True,0.9375500400320256,0.7918334667734187,0.9375500400320256,0.8889778489458232,,,,,,,left_only,STATS_only,,CNc(cc)c(c)Cl
ccc(NC)c(c)N,,,,,,,,,,,,,,,,,,0.0,0.0,0.0,1.0,2.0,0.2903645833333333,right_only,SHAP_only,,ccc(NC)c(c)N
ccc(NC)c(c)[N+],,,,,,,,,,,,,,,,,,0.0,0.0,0.0,1.0,1.0,0.2903645833333333,right_only,SHAP_only,,ccc(NC)c(c)[N+]
ccc(NC)c(c)c,,,,,,,,,,,,,,,,,,0.0,0.0,0.0,0.0,2.0,0.2903645833333333,right_only,SHAP_only,,ccc(NC)c(c)c
ccc(NC)c(c)n,,,,,,,,,,,,,,,,,,0.0,0.0,0.0,1.0,0.0,0.2903645833333333,right_only,SHAP_only,,ccc(NC)c(c)n
ccc(NS)c(c)N,,,,,,,,,,,,,,,,,,0.0,0.0,0.0,1.0,0.0,0.2903645833333333,right_only,SHAP_only,,ccc(NS)c(c)N
ccc(NS)c(c)c,,,,,,,,,,,,,,,,,,0.0,0.0,0.0,1.0,0.0,0.2903645833333333,right_only,SHAP_only,,ccc(NS)c(c)c
ccc(NS)c(c)n,ccc(NS)c(c)n,4.960625996810207,19.33016126275001,7.346044869001958e-20,12.0,0.7708333333333334,0.0137546468401487,37.0,11.0,0.0,2.0,Second_StrongWeak_NoInactive,True,0.9703763010408326,0.9875900720576462,0.9703763010408326,0.9761142247131037,,,,,,,left_only,STATS_only,,ccc(NS)c(c)n
ccc(O)c(C)n,,,,,,,,,,,,,,,,,,0.0,0.0,0.0,1.0,0.0,0.2903645833333333,right_only,SHAP_only,,ccc(O)c(C)n
ccc(O)c(c)I,,,,,,,,,,,,,,,,,,0.0,0.0,0.0,0.0,1.0,0.2903645833333333,right_only,SHAP_only,,ccc(O)c(c)I
ccc(O)c(c)[n+],,,,,,,,,,,,,,,,,,0.0,0.0,0.0,0.0,1.0,0.2903645833333333,right_only,SHAP_only,,ccc(O)c(c)[n+]
ccc(O)nc,,,,,,,,,,,,,,,,,,0.0,0.0,0.0,0.0,3.0,0.2903645833333333,right_only,SHAP_only,,ccc(O)nc
ccc(OC)c(c)S,,,,,,,,,,,,,,,,,,0.0,0.0,0.0,1.0,0.0,0.2903645833333333,right_only,SHAP_only,,ccc(OC)c(c)S
ccc(OC)c(c)[nH],,,,,,,,,,,,,,,,,,0.0,0.0,0.0,1.0,0.0,0.2903645833333333,right_only,SHAP_only,,ccc(OC)c(c)[nH]
ccc(OS)c(c)n,ccc(OS)c(c)n,0.0,0.1633901741428623,0.3515257467962129,0.4540428604534837,0.0,0.0,0.0,7.0,9.0,0.0,Neutral_Balanced,False,0.18254603682946358,0.5544435548438751,0.18254603682946358,0.3065118761676007,,,,,,,left_only,STATS_only,,ccc(OS)c(c)n
ccc(S)c(c)C,,,,,,,,,,,,,,,,,,0.0,0.0,0.0,2.0,0.0,0.2903645833333333,right_only,SHAP_only,,ccc(S)c(c)C
ccc([nH]c)-c(n)n,ccc([nH]c)-c(n)n,0.0,0.2574386982989133,0.624428810259094,0.2045170674163206,0.0,0.0,0.0,1.0,9.0,0.0,VeryNegative_InactiveEnriched,False,0.18254603682946358,0.40392313851080863,0.18254603682946358,0.2563384040565786,,,,,,,left_only,STATS_only,,ccc([nH]c)-c(n)n
ccc([nH]c)c(c)n,ccc([nH]c)c(c)n,0.8044258373205742,0.8821257660985643,1.0,-0.0,0.125,0.0011152416356877,3.0,7.0,14.0,0.0,Neutral_Balanced,False,0.5464371497197759,0.07606084867894315,0.5464371497197759,0.3896450493728316,,,,,,,left_only,STATS_only,,ccc([nH]c)c(c)n
ccc([se]n)c(c)c,ccc([se]n)c(c)c,2.681419457735247,4.017815397017332,0.1005644756555652,0.997555406471059,0.4166666666666667,0.0018587360594795,5.0,6.0,1.0,1.0,Medium_StrongEnriched,False,0.8654923939151321,0.7181745396317054,0.8654923939151321,0.8163864424873233,,,,,,,left_only,STATS_only,,ccc([se]n)c(c)c
ccc(c(c)-c)C(F)(F)F,,,,,,,,,,,,,,,,,,0.0,0.0,0.0,0.0,1.0,0.2903645833333333,right_only,SHAP_only,,ccc(c(c)-c)C(F)(F)F
ccc(c(c)-c)S(C)(=O)=O,,,,,,,,,,,,,,,,,,0.009266,1.0,1.0,0.0,0.0,0.8376736111111112,right_only,SHAP_only,,ccc(c(c)-c)S(C)(=O)=O
ccc(c(c)-c)c(c)[nH],c-c(c)c(cc)c(c)[nH],5.53444976076555,34.9930758988016,1.358337909473678e-26,12.0,0.86,0.0159851301115241,43.0,6.0,1.0,2.0,Medium_StrongEnriched,True,0.9831865492393915,0.9875900720576462,0.9831865492393915,0.9846543901788097,,,,,,,left_only,STATS_only,,c-c(c)c(cc)c(c)[nH]
ccc(c(c)-c)c(c)n,c-c(c)c(cc)c(c)n,4.8265550239234445,14.311030303030304,0.0019023359028001,2.7207127955729367,0.75,0.0022304832713754,6.0,1.0,1.0,2.0,Medium_StrongEnriched,True,0.9651721377101682,0.8390712570056045,0.9651721377101682,0.9231385108086468,,,,,,,left_only,STATS_only,,c-c(c)c(cc)c(c)n
ccc(c(c)-c)c(c)o,,,,,,,,,,,,,,,,,,0.0,0.0,0.0,0.0,1.0,0.2903645833333333,right_only,SHAP_only,,ccc(c(c)-c)c(c)o
ccc(c(c)=O)c(c)[nH],,,,,,,,,,,,,,,,,,0.004096,1.0,1.0,0.0,0.0,0.7734375,right_only,SHAP_only,,ccc(c(c)=O)c(c)[nH]
ccc(c(c)=O)c(c)o,,,,,,,,,,,,,,,,,,0.0,0.0,0.0,1.0,0.0,0.2903645833333333,right_only,SHAP_only,,ccc(c(c)=O)c(c)o
ccc(c(c)Br)N(C)S,,,,,,,,,,,,,,,,,,0.0,0.0,0.0,1.0,0.0,0.2903645833333333,right_only,SHAP_only,,ccc(c(c)Br)N(C)S
ccc(c(c)Br)c(c)n,,,,,,,,,,,,,,,,,,0.0,0.0,0.0,3.0,0.0,0.2903645833333333,right_only,SHAP_only,,ccc(c(c)Br)c(c)n
ccc(c(c)C)-n(c)n,ccc(c(c)C)-n(c)n,0.0,0.2574386982989133,0.624428810259094,0.2045170674163206,0.0,0.0,0.0,0.0,10.0,0.0,Negative_InactiveOnly,False,0.18254603682946358,0.40392313851080863,0.18254603682946358,0.2563384040565786,,,,,,,left_only,STATS_only,,ccc(c(c)C)-n(c)n
ccc(c(c)C)C(C)O,Cc(c)c(cc)C(C)O,0.0,0.3182936256940052,0.7802674544627747,0.1077565074532979,0.0,0.0,0.0,1.0,7.0,0.0,Neutral_Balanced,False,0.18254603682946358,0.2790232185748599,0.18254603682946358,0.21470509741126234,,,,,,,left_only,STATS_only,,Cc(c)c(cc)C(C)O
ccc(c(c)C)C(F)(F)F,,,,,,,,,,,,,,,,,,0.0,0.0,0.0,1.0,0.0,0.2903645833333333,right_only,SHAP_only,,ccc(c(c)C)C(F)(F)F
ccc(c(c)C)C(N)N,,,,,,,,,,,,,,,,,,0.0,0.0,0.0,0.0,1.0,0.2903645833333333,right_only,SHAP_only,,ccc(c(c)C)C(N)N
ccc(c(c)C)c(c)[nH],Cc(c)c(cc)c(c)[nH],1.2870813397129186,1.8111776447105787,0.7802674544627747,0.1077565074532979,0.2,0.0003717472118959,1.0,0.0,4.0,0.0,Neutral_Balanced,False,0.6985588470776621,0.2790232185748599,0.6985588470776621,0.558713637576728,,,,,,,left_only,STATS_only,,Cc(c)c(cc)c(c)[nH]
ccc(c(c)Cl)C(C)N,ccc(c(c)Cl)C(C)N,4.596719070403281,12.080048367593712,0.0080977227920021,2.091637094443924,0.7142857142857143,0.0018587360594795,5.0,2.0,0.0,2.0,Second_StrongWeak_NoInactive,True,0.955964771817454,0.8142514011208967,0.955964771817454,0.9087269815852682,,,,,,,left_only,STATS_only,,ccc(c(c)Cl)C(C)N
ccc(c(c)F)C(c)C,,,,,,,,,,,,,,,,,,0.0,0.0,0.0,0.0,1.0,0.2903645833333333,right_only,SHAP_only,,ccc(c(c)F)C(c)C
ccc(c(c)F)S(N)(=O)=O,,,,,,,,,,,,,,,,,,0.0,0.0,0.0,1.0,0.0,0.2903645833333333,right_only,SHAP_only,,ccc(c(c)F)S(N)(=O)=O
ccc(c(c)I)c(c)n,,,,,,,,,,,,,,,,,,0.0,0.0,0.0,0.0,2.0,0.2903645833333333,right_only,SHAP_only,,ccc(c(c)I)c(c)n
ccc(c(c)N)C(C)(C)C,,,,,,,,,,,,,,,,,,0.001061,1.0,1.0,0.0,0.0,0.6779513888888888,right_only,SHAP_only,,ccc(c(c)N)C(C)(C)C
ccc(c(c)N)S(N)(=O)=O,,,,,,,,,,,,,,,,,,0.0,0.0,0.0,0.0,1.0,0.2903645833333333,right_only,SHAP_only,,ccc(c(c)N)S(N)(=O)=O
ccc(c(c)O)N(C)C,,,,,,,,,,,,,,,,,,0.003003,1.0,1.0,0.0,0.0,0.7413194444444444,right_only,SHAP_only,,ccc(c(c)O)N(C)C
ccc(c(c)O)S(N)(=O)=O,,,,,,,,,,,,,,,,,,0.011041,1.0,1.0,0.0,0.0,0.8480902777777778,right_only,SHAP_only,,ccc(c(c)O)S(N)(=O)=O
ccc(c(c)O)c(c)n,,,,,,,,,,,,,,,,,,0.009252,1.0,1.0,0.0,0.0,0.8372395833333334,right_only,SHAP_only,,ccc(c(c)O)c(c)n
ccc(c(c)S)[N+](=O)[O-],ccc(c(c)S)[N+](=O)[O-],1.2870813397129186,1.8111776447105787,0.7802674544627747,0.1077565074532979,0.2,0.0003717472118959,1.0,0.0,4.0,0.0,Neutral_Balanced,False,0.6985588470776621,0.2790232185748599,0.6985588470776621,0.558713637576728,,,,,,,left_only,STATS_only,,ccc(c(c)S)[N+](=O)[O-]
ccc(c(c)S)c(c)n,,,,,,,,,,,,,,,,,,0.0,0.0,0.0,0.0,1.0,0.2903645833333333,right_only,SHAP_only,,ccc(c(c)S)c(c)n
ccc(c(c)[N+])S(N)(=O)=O,ccc(c(c)[N+])S(N)(=O)=O,1.2870813397129186,1.8111776447105787,0.7802674544627747,0.1077565074532979,0.2,0.0003717472118959,1.0,0.0,4.0,0.0,Neutral_Balanced,False,0.6985588470776621,0.2790232185748599,0.6985588470776621,0.558713637576728,,,,,,,left_only,STATS_only,,ccc(c(c)[N+])S(N)(=O)=O
ccc(c(c)[N+])c(c)c,,,,,,,,,,,,,,,,,,0.0,0.0,0.0,1.0,0.0,0.2903645833333333,right_only,SHAP_only,,ccc(c(c)[N+])c(c)c
ccc(c(c)c)C(C)C,,,,,,,,,,,,,,,,,,0.0,0.0,0.0,1.0,0.0,0.2903645833333333,right_only,SHAP_only,,ccc(c(c)c)C(C)C
ccc(c(c)c)C(P)P,,,,,,,,,,,,,,,,,,0.0,0.0,0.0,2.0,0.0,0.2903645833333333,right_only,SHAP_only,,ccc(c(c)c)C(P)P
ccc(c(c)c)S(=O)(=O)O,,,,,,,,,,,,,,,,,,0.0,0.0,0.0,1.0,0.0,0.2903645833333333,right_only,SHAP_only,,ccc(c(c)c)S(=O)(=O)O
ccc(c(c)c)n(c)C,ccc(c(c)c)n(c)C,0.2798002912419388,0.3593612774451097,0.4513455900264954,0.3454907965553292,0.0434782608695652,0.0003717472118959,1.0,4.0,18.0,0.0,Neutral_Balanced,False,0.39831865492393914,0.48478783026421135,0.39831865492393914,0.4271417133706965,,,,,,,left_only,STATS_only,,ccc(c(c)c)n(c)C
ccc(c(c)n)n(c)C,ccc(c(c)n)n(c)C,0.0,0.4165977391783843,0.7802674544627747,0.1077565074532979,0.0,0.0,0.0,0.0,6.0,0.0,Negative_InactiveOnly,False,0.18254603682946358,0.2790232185748599,0.18254603682946358,0.21470509741126234,,,,,,,left_only,STATS_only,,ccc(c(c)n)n(c)C
ccc(c(n)=O)c(c)[se],ccc(c(n)=O)c(c)[se],2.681419457735247,4.017815397017332,0.1005644756555652,0.997555406471059,0.4166666666666667,0.0018587360594795,5.0,6.0,1.0,1.0,Medium_StrongEnriched,False,0.8654923939151321,0.7181745396317054,0.8654923939151321,0.8163864424873233,,,,,,,left_only,STATS_only,,ccc(c(n)=O)c(c)[se]
ccc(c(n)=O)c(c)n,,,,,,,,,,,,,,,,,,0.0,0.0,0.0,1.0,0.0,0.2903645833333333,right_only,SHAP_only,,ccc(c(n)=O)c(c)n
ccc(c(n)=O)c(c)s,ccc(c(n)=O)c(c)s,4.290271132376395,10.722395685495316,1.4826080867367392e-05,4.828973635392232,0.6666666666666666,0.0044609665427509,12.0,4.0,2.0,2.0,Medium_StrongEnriched,True,0.9471577261809447,0.9071257005604484,0.9471577261809447,0.9338137176407791,,,,,,,left_only,STATS_only,,ccc(c(n)=O)c(c)s
ccc(cc)-c(c)[nH],,,,,,,,,,,,,,,,,,0.0,0.0,0.0,2.0,0.0,0.2903645833333333,right_only,SHAP_only,,ccc(cc)-c(c)[nH]
ccc(cc)-c(n)s,ccc(cc)-c(n)s,0.0,0.4165977391783843,0.7802674544627747,0.1077565074532979,0.0,0.0,0.0,4.0,2.0,1.0,Neutral_Balanced,False,0.18254603682946358,0.2790232185748599,0.18254603682946358,0.21470509741126234,,,,,,,left_only,STATS_only,,ccc(cc)-c(n)s
ccc(cc)-n(c)[se],,,,,,,,,,,,,,,,,,0.042752,0.5153,1.0,0.0,2.0,0.8971354166666666,right_only,SHAP_only,,ccc(cc)-n(c)[se]
ccc(cc)-n(c)s,,,,,,,,,,,,,,,,,,0.0,0.0,0.0,2.0,0.0,0.2903645833333333,right_only,SHAP_only,,ccc(cc)-n(c)s
ccc(cc)C(=O)S,ccc(cc)C(=O)S,1.9306220095693776,2.544484556758925,0.4127697585049684,0.3842921287149644,0.3,0.0011152416356877,3.0,5.0,2.0,1.0,Medium_StrongEnriched,False,0.7842273819055244,0.5208166533226581,0.7842273819055244,0.6964238057112357,,,,,,,left_only,STATS_only,,ccc(cc)C(=O)S
ccc(cc)C(C)=N,,,,,,,,,,,,,,,,,,0.001178,0.388,1.0,1.0,0.0,0.6831597222222222,right_only,SHAP_only,,ccc(cc)C(C)=N
ccc(cc)C(C)n,,,,,,,,,,,,,,,,,,6.8e-05,0.0421,1.0,1.0,0.0,0.6091579861111112,right_only,SHAP_only,,ccc(cc)C(C)n
ccc(cc)C(c)=O,,,,,,,,,,,,,,,,,,0.0,0.0,0.0,3.0,0.0,0.2903645833333333,right_only,SHAP_only,,ccc(cc)C(c)=O
ccc(cc)NN,,,,,,,,,,,,,,,,,,0.000889,1.0,1.0,0.0,0.0,0.6723090277777778,right_only,SHAP_only,,ccc(cc)NN
ccc(cc)Nc,,,,,,,,,,,,,,,,,,0.0,0.0,0.0,0.0,4.0,0.2903645833333333,right_only,SHAP_only,,ccc(cc)Nc
ccc(cc)OP,,,,,,,,,,,,,,,,,,0.0,0.0,0.0,1.0,0.0,0.2903645833333333,right_only,SHAP_only,,ccc(cc)OP
ccc(cc)Oc,,,,,,,,,,,,,,,,,,0.0,0.0,0.0,1.0,0.0,0.2903645833333333,right_only,SHAP_only,,ccc(cc)Oc
ccc(cc)[C@@H](C)O,,,,,,,,,,,,,,,,,,0.0,0.0,0.0,1.0,0.0,0.2903645833333333,right_only,SHAP_only,,ccc(cc)[C@@H](C)O
ccc(cc)[C@@H](c)N,,,,,,,,,,,,,,,,,,0.0,0.0,0.0,1.0,0.0,0.2903645833333333,right_only,SHAP_only,,ccc(cc)[C@@H](c)N
ccc(cc)c(c)[n+],,,,,,,,,,,,,,,,,,0.018926,1.0,1.0,0.0,0.0,0.8732638888888888,right_only,SHAP_only,,ccc(cc)c(c)[n+]
ccc(cc)c(c)[nH],ccc(cc)c(c)[nH],1.8386876281613125,2.339307254868172,0.4718634990647218,0.3261836161469435,0.2857142857142857,0.0014869888475836,4.0,2.0,8.0,0.0,Medium_StrongEnriched,False,0.7678142514011209,0.4511609287429944,0.7678142514011209,0.6622631438484121,,,,,,,left_only,STATS_only,,ccc(cc)c(c)[nH]
ccc(cc)c(c)s,ccc(cc)c(c)s,0.4950312845049687,0.6497245508982036,0.8574350879598587,0.0667987482623484,0.0769230769230769,0.0003717472118959,1.0,4.0,8.0,0.0,Neutral_Balanced,False,0.45716573258606885,0.18815052041633307,0.45716573258606885,0.36749399519615694,,,,,,,left_only,STATS_only,,ccc(cc)c(c)s
ccc(cn)-c(n)[nH],,,,,,,,,,,,,,,,,,0.0,0.0,0.0,0.0,2.0,0.2903645833333333,right_only,SHAP_only,,ccc(cn)-c(n)[nH]
ccc(cn)-c(n)n,,,,,,,,,,,,,,,,,,0.0,0.0,0.0,0.0,1.0,0.2903645833333333,right_only,SHAP_only,,ccc(cn)-c(n)n
ccc(cn)-c(n)o,,,,,,,,,,,,,,,,,,0.0,0.0,0.0,1.0,0.0,0.2903645833333333,right_only,SHAP_only,,ccc(cn)-c(n)o
ccc(cn)-c(n)s,,,,,,,,,,,,,,,,,,0.0,0.0,0.0,2.0,0.0,0.2903645833333333,right_only,SHAP_only,,ccc(cn)-c(n)s
ccc(cn)C(C)N,,,,,,,,,,,,,,,,,,0.0,0.0,0.0,1.0,0.0,0.2903645833333333,right_only,SHAP_only,,ccc(cn)C(C)N
ccc(cn)CC,,,,,,,,,,,,,,,,,,0.0,0.0,0.0,1.0,0.0,0.2903645833333333,right_only,SHAP_only,,ccc(cn)CC
ccc(cn)CN,,,,,,,,,,,,,,,,,,0.0,0.0,0.0,0.0,2.0,0.2903645833333333,right_only,SHAP_only,,ccc(cn)CN
ccc(cn)Cn,,,,,,,,,,,,,,,,,,0.0,0.0,0.0,0.0,1.0,0.2903645833333333,right_only,SHAP_only,,ccc(cn)Cn
ccc(cn)NN,,,,,,,,,,,,,,,,,,0.009062,1.0,4.0,0.0,0.0,0.8346354166666666,right_only,SHAP_only,,ccc(cn)NN
ccc(cn)NS,,,,,,,,,,,,,,,,,,0.0,0.0,0.0,0.0,3.0,0.2903645833333333,right_only,SHAP_only,,ccc(cn)NS
ccc(cn)c(c)c,,,,,,,,,,,,,,,,,,0.0,0.0,0.0,1.0,0.0,0.2903645833333333,right_only,SHAP_only,,ccc(cn)c(c)c
ccc(nc)-c(c)n,,,,,,,,,,,,,,,,,,0.0,0.0,0.0,1.0,2.0,0.2903645833333333,right_only,SHAP_only,,ccc(nc)-c(c)n
ccc(nc)-c(n)n,,,,,,,,,,,,,,,,,,0.000182,0.0598,1.0,1.0,0.0,0.6276041666666666,right_only,SHAP_only,,ccc(nc)-c(n)n
ccc(nc)C(F)(F)F,,,,,,,,,,,,,,,,,,0.0,0.0,0.0,1.0,0.0,0.2903645833333333,right_only,SHAP_only,,ccc(nc)C(F)(F)F
ccc(nc)C1(C)CC1,,,,,,,,,,,,,,,,,,0.0,0.0,0.0,1.0,0.0,0.2903645833333333,right_only,SHAP_only,,ccc(nc)C1(C)CC1
ccc(nc)N(C)C,,,,,,,,,,,,,,,,,,0.0,0.0,0.0,3.0,0.0,0.2903645833333333,right_only,SHAP_only,,ccc(nc)N(C)C
ccc(nc)NS,,,,,,,,,,,,,,,,,,0.0,0.0,0.0,3.0,1.0,0.2903645833333333,right_only,SHAP_only,,ccc(nc)NS
ccc(nc)P(=O)(O)O,,,,,,,,,,,,,,,,,,0.0,0.0,0.0,0.0,1.0,0.2903645833333333,right_only,SHAP_only,,ccc(nc)P(=O)(O)O
ccc(nc)c(c)[nH],ccc(nc)c(c)[nH],0.8044258373205742,0.8821257660985643,1.0,-0.0,0.125,0.0011152416356877,3.0,7.0,14.0,0.0,Neutral_Balanced,False,0.5464371497197759,0.07606084867894315,0.5464371497197759,0.3896450493728316,,,,,,,left_only,STATS_only,,ccc(nc)c(c)[nH]
ccc(nc)c(c)o,ccc(nc)c(c)o,0.0,0.3608920748705695,0.7802674544627747,0.1077565074532979,0.0,0.0,0.0,0.0,7.0,0.0,Negative_InactiveOnly,False,0.18254603682946358,0.2790232185748599,0.18254603682946358,0.21470509741126234,,,,,,,left_only,STATS_only,,ccc(nc)c(c)o
ccc(nc)c(c)s,ccc(nc)c(c)s,1.2870813397129186,1.523321299638989,0.8678160617461381,0.0615723161068244,0.2,0.0011152416356877,3.0,6.0,6.0,0.0,Neutral_Balanced,False,0.6985588470776621,0.1753402722177742,0.6985588470776621,0.5241526554576995,,,,,,,left_only,STATS_only,,ccc(nc)c(c)s
ccc(oc)-c(c)c,ccc(oc)-c(c)c,0.5362838915470494,0.7065347565738089,0.8574350879598587,0.0667987482623484,0.0833333333333333,0.0003717472118959,1.0,6.0,5.0,1.0,Neutral_Balanced,False,0.4747798238590873,0.18815052041633307,0.4747798238590873,0.37923672271150255,,,,,,,left_only,STATS_only,,ccc(oc)-c(c)c
ccc(oc)C(N)=O,ccc(oc)C(N)=O,0.0,0.4925600086890409,1.0,-0.0,0.0,0.0,0.0,3.0,2.0,1.0,Neutral_Balanced,False,0.18254603682946358,0.07606084867894315,0.18254603682946358,0.14705097411262344,,,,,,,left_only,STATS_only,,ccc(oc)C(N)=O
ccc(oc)c(c)n,ccc(oc)c(c)n,0.0,0.3182936256940052,0.7802674544627747,0.1077565074532979,0.0,0.0,0.0,0.0,8.0,0.0,Negative_InactiveOnly,False,0.18254603682946358,0.2790232185748599,0.18254603682946358,0.21470509741126234,,,,,,,left_only,STATS_only,,ccc(oc)c(c)n
ccc(sc)B(O)O,ccc(sc)B(O)O,0.0,0.3608920748705695,0.7802674544627747,0.1077565074532979,0.0,0.0,0.0,4.0,3.0,1.0,Neutral_Balanced,False,0.18254603682946358,0.2790232185748599,0.18254603682946358,0.21470509741126234,,,,,,,left_only,STATS_only,,ccc(sc)B(O)O
ccc(sc)C(N)=O,ccc(sc)C(N)=O,0.4950312845049687,0.6497245508982036,0.8574350879598587,0.0667987482623484,0.0769230769230769,0.0003717472118959,1.0,2.0,10.0,0.0,Neutral_Balanced,False,0.45716573258606885,0.18815052041633307,0.45716573258606885,0.36749399519615694,,,,,,,left_only,STATS_only,,ccc(sc)C(N)=O
ccc(sc)c(c)c,ccc(sc)c(c)c,0.3387056157139259,0.4378378378378378,0.609462054508177,0.2150533286521846,0.0526315789473684,0.0003717472118959,1.0,7.0,11.0,0.0,Neutral_Balanced,False,0.4119295436349079,0.42954363490792635,0.4119295436349079,0.41780090739258074,,,,,,,left_only,STATS_only,,ccc(sc)c(c)c
ccc(sc)c(c)n,ccc(sc)c(c)n,1.135660005629046,1.312046142993485,0.8876565630033472,0.0517550315667137,0.1764705882352941,0.0011152416356877,3.0,6.0,8.0,0.0,Neutral_Balanced,False,0.6633306645316253,0.1701361088871097,0.6633306645316253,0.4989324793167868,,,,,,,left_only,STATS_only,,ccc(sc)c(c)n
ccc(sn)c(c)c,ccc(sn)c(c)c,4.290271132376395,10.722395685495316,1.4826080867367392e-05,4.828973635392232,0.6666666666666666,0.0044609665427509,12.0,4.0,2.0,2.0,Medium_StrongEnriched,True,0.9471577261809447,0.9071257005604484,0.9471577261809447,0.9338137176407791,,,,,,,left_only,STATS_only,,ccc(sn)c(c)c
ccc1c(-c)cnc1c,,,,,,,,,,,,,,,,,,0.0,0.0,0.0,1.0,0.0,0.2903645833333333,right_only,SHAP_only,,ccc1c(-c)cnc1c
ccc1c(=O)nsc1c,,,,,,,,,,,,,,,,,,1.681351,1.0,18.0,0.0,0.0,0.9917534722222222,right_only,SHAP_only,,ccc1c(=O)nsc1c
ccc1c(C)cnc1c,,,,,,,,,,,,,,,,,,0.001384,0.1812,3.0,1.0,0.0,0.6901041666666666,right_only,SHAP_only,,ccc1c(C)cnc1c
ccc1c(c)cnc1c,,,,,,,,,,,,,,,,,,0.0,0.0,0.0,1.0,0.0,0.2903645833333333,right_only,SHAP_only,,ccc1c(c)cnc1c
ccc1c(c)ocn1C,,,,,,,,,,,,,,,,,,0.0,0.0,0.0,0.0,1.0,0.2903645833333333,right_only,SHAP_only,,ccc1c(c)ocn1C
ccc1ccnc1c,,,,,,,,,,,,,,,,,,0.0,0.0,0.0,0.0,4.0,0.2903645833333333,right_only,SHAP_only,,ccc1ccnc1c
ccc1nnnc1c,,,,,,,,,,,,,,,,,,0.001508,1.0,1.0,0.0,0.0,0.6944444444444444,right_only,SHAP_only,,ccc1nnnc1c
ccc[nH]c,ccc[nH]c,2.8601807549175966,4.47581971707424,0.1333025834323242,0.8751614337854604,0.4444444444444444,0.0014869888475836,4.0,1.0,4.0,0.0,Medium_StrongEnriched,False,0.8767013610888711,0.7037630104083267,0.8767013610888711,0.8190552441953564,,,,,,,left_only,STATS_only,,ccc[nH]c
cccc(-c)o,c-c(o)ccc,0.0,0.1860915420425987,0.3510214393177255,0.4546663573431926,0.0,0.0,0.0,5.0,9.0,0.0,Neutral_Balanced,False,0.18254603682946358,0.578462770216173,0.18254603682946358,0.31451828129170006,,,,,,,left_only,STATS_only,,c-c(o)ccc
cccc(-c)s,c-c(s)ccc,0.0,0.2846632710809281,0.624428810259094,0.2045170674163206,0.0,0.0,0.0,1.0,8.0,0.0,VeryNegative_InactiveEnriched,False,0.18254603682946358,0.40392313851080863,0.18254603682946358,0.2563384040565786,,,,,,,left_only,STATS_only,,c-c(s)ccc
cccc(C)o,cccc(C)o,0.567830002814523,0.5994116860542853,0.617310947945091,0.2094960207973817,0.088235294117647,0.0011152416356877,3.0,11.0,20.0,0.0,Neutral_Balanced,False,0.4835868694955965,0.4267413931144916,0.4835868694955965,0.46463837736856156,,,,,,,left_only,STATS_only,,cccc(C)o
cccc(C)s,Cc(s)ccc,0.4950312845049687,0.6497245508982036,0.8574350879598587,0.0667987482623484,0.0769230769230769,0.0003717472118959,1.0,5.0,7.0,0.0,Neutral_Balanced,False,0.45716573258606885,0.18815052041633307,0.45716573258606885,0.36749399519615694,,,,,,,left_only,STATS_only,,Cc(s)ccc
cccc(n)=S,,,,,,,,,,,,,,,,,,0.003586,1.0,1.0,0.0,0.0,0.7612847222222222,right_only,SHAP_only,,cccc(n)=S
cccc(n)O,,,,,,,,,,,,,,,,,,4.3e-05,0.0254,1.0,2.0,0.0,0.6028645833333334,right_only,SHAP_only,,cccc(n)O
cccc[n+],,,,,,,,,,,,,,,,,,0.0,0.0,0.0,1.0,0.0,0.2903645833333333,right_only,SHAP_only,,cccc[n+]
cccco,cccco,0.5362838915470494,0.5631230130933779,0.6202659855326618,0.2074220342477497,0.0833333333333333,0.0011152416356877,3.0,12.0,21.0,0.0,Neutral_Balanced,False,0.4747798238590873,0.4235388310648519,0.4747798238590873,0.4576994929276755,,,,,,,left_only,STATS_only,,cccco
ccccs,ccccs,0.4362987592247181,0.4337691129005966,0.200720057689531,0.6974092268715975,0.0677966101694915,0.0014869888475836,4.0,10.0,45.0,0.0,Neutral_Balanced,False,0.4379503602882306,0.6461168935148118,0.4379503602882306,0.507339204697091,,,,,,,left_only,STATS_only,,ccccs
cccn(c)C,cccn(c)C,1.0725677830940987,1.4812193794229722,1.0,-0.0,0.1666666666666666,0.0003717472118959,1.0,1.0,4.0,0.0,Neutral_Balanced,False,0.6461168935148118,0.07606084867894315,0.6461168935148118,0.4560982119028556,,,,,,,left_only,STATS_only,,cccn(c)C
cccn(c)O,,,,,,,,,,,,,,,,,,0.002843,1.0,1.0,0.0,0.0,0.7356770833333334,right_only,SHAP_only,,cccn(c)O
cccn(c)S,cccn(c)S,6.435406698564593,94.11084043848965,4.297166474535827e-06,5.366817821188841,1.0,0.0029739776951672,8.0,0.0,0.0,2.0,Highest_StrongOnly,True,0.9951961569255404,0.9211369095276221,0.9951961569255404,0.9705097411262343,,,,,,,left_only,STATS_only,,cccn(c)S
cccoc,cccoc,0.4826555023923444,0.5021580425190534,0.4123918997771289,0.3846898737392584,0.075,0.0011152416356877,3.0,12.0,25.0,0.0,Neutral_Balanced,False,0.44835868694955966,0.5252201761409128,0.44835868694955966,0.4739791833466774,,,,,,,left_only,STATS_only,,cccoc
cccsc,cccsc,0.3575225943646996,0.3493876185360957,0.0539721355919934,1.2678303972494285,0.0555555555555555,0.0014869888475836,4.0,13.0,55.0,0.0,Neutral_Balanced,False,0.4159327461969576,0.743795036028823,0.4159327461969576,0.5252201761409127,,,,,,,left_only,STATS_only,,cccsc
ccn(C)c(c)c,ccn(C)c(c)c,0.919343814080656,1.25278673422386,1.0,-0.0,0.1428571428571428,0.0003717472118959,1.0,1.0,5.0,0.0,Neutral_Balanced,False,0.588470776621297,0.07606084867894315,0.588470776621297,0.417667467307179,,,,,,,left_only,STATS_only,,ccn(C)c(c)c
ccn(CC)c(C)n,Cc(n)n(cc)CC,0.0,0.0598311250721544,0.0062863823098616,2.201599210653081,0.0,0.0,0.0,1.0,43.0,0.0,VeryNegative_InactiveEnriched,True,0.18254603682946358,0.8158526821457166,0.18254603682946358,0.39364825193488123,,,,,,,left_only,STATS_only,,Cc(n)n(cc)CC
ccn(CC)c(c)c,ccn(CC)c(c)c,0.0,0.3608920748705695,0.7802674544627747,0.1077565074532979,0.0,0.0,0.0,1.0,6.0,0.0,Neutral_Balanced,False,0.18254603682946358,0.2790232185748599,0.18254603682946358,0.21470509741126234,,,,,,,left_only,STATS_only,,ccn(CC)c(c)c
ccn(Cc)c(C)n,cCn(cc)c(C)n,0.0,0.0878429990011164,0.0420183694749849,1.3765608044230675,0.0,0.0,0.0,1.0,29.0,0.0,VeryNegative_InactiveEnriched,True,0.18254603682946358,0.7542033626901521,0.18254603682946358,0.37309847878302643,,,,,,,left_only,STATS_only,,cCn(cc)c(C)n
ccn(Cc)c(c)c,cCn(cc)c(c)c,0.0,0.4165977391783843,0.7802674544627747,0.1077565074532979,0.0,0.0,0.0,2.0,4.0,0.0,Neutral_Balanced,False,0.18254603682946358,0.2790232185748599,0.18254603682946358,0.21470509741126234,,,,,,,left_only,STATS_only,,cCn(cc)c(c)c
ccn(OC)c(c)=O,,,,,,,,,,,,,,,,,,0.0,0.0,0.0,1.0,0.0,0.2903645833333333,right_only,SHAP_only,,ccn(OC)c(c)=O
ccn(c(C)n)C(C)C,Cc(n)n(cc)C(C)C,0.0,0.2846632710809281,0.624428810259094,0.2045170674163206,0.0,0.0,0.0,0.0,9.0,0.0,Negative_InactiveOnly,False,0.18254603682946358,0.40392313851080863,0.18254603682946358,0.2563384040565786,,,,,,,left_only,STATS_only,,Cc(n)n(cc)C(C)C
ccn(c(c)=O)c(c)n,,,,,,,,,,,,,,,,,,0.0,0.0,0.0,1.0,0.0,0.2903645833333333,right_only,SHAP_only,,ccn(c(c)=O)c(c)n
ccn(c(c)C)S(N)(=O)=O,Cc(c)n(cc)S(N)(=O)=O,6.435406698564593,94.11084043848965,4.297166474535827e-06,5.366817821188841,1.0,0.0029739776951672,8.0,0.0,0.0,2.0,Highest_StrongOnly,True,0.9951961569255404,0.9211369095276221,0.9951961569255404,0.9705097411262343,,,,,,,left_only,STATS_only,,Cc(c)n(cc)S(N)(=O)=O
ccn(nc)-c(c)c,ccn(nc)-c(c)c,0.0,0.1633901741428623,0.3515257467962129,0.4540428604534837,0.0,0.0,0.0,9.0,7.0,1.0,Neutral_Balanced,False,0.18254603682946358,0.5544435548438751,0.18254603682946358,0.3065118761676007,,,,,,,left_only,STATS_only,,ccn(nc)-c(c)c
ccn(nn)-c(c)c,ccn(nn)-c(c)c,0.7848056949469016,0.7801544760055713,0.7802674544627747,0.1077565074532979,0.1219512195121951,0.0037174721189591,10.0,14.0,58.0,0.0,Neutral_Balanced,False,0.5356285028022418,0.2790232185748599,0.5356285028022418,0.4500934080597812,,,,,,,left_only,STATS_only,,ccn(nn)-c(c)c
ccnc(c)Cl,,,,,,,,,,,,,,,,,,0.003806,1.0,1.0,0.0,0.0,0.7682291666666666,right_only,SHAP_only,,ccnc(c)Cl
ccnc(c)S,ccnc(c)S,5.362838915470494,23.344186046511627,4.7255717473480046e-06,5.325545638647554,0.8333333333333334,0.0037174721189591,10.0,1.0,1.0,2.0,Medium_StrongEnriched,True,0.9799839871897518,0.9175340272217775,0.9799839871897518,0.9591673338670935,,,,,,,left_only,STATS_only,,ccnc(c)S
ccnc(c)n,,,,,,,,,,,,,,,,,,0.011416,1.0,1.0,0.0,0.0,0.8502604166666666,right_only,SHAP_only,,ccnc(c)n
ccnn(c)C,ccnn(c)C,1.2870813397129186,1.8111776447105787,0.7802674544627747,0.1077565074532979,0.2,0.0003717472118959,1.0,1.0,3.0,0.0,Neutral_Balanced,False,0.6985588470776621,0.2790232185748599,0.6985588470776621,0.558713637576728,,,,,,,left_only,STATS_only,,ccnn(c)C
ccnnc,,,,,,,,,,,,,,,,,,0.002212,0.5069,1.0,1.0,0.0,0.7178819444444444,right_only,SHAP_only,,ccnnc
ccoc(c)-c,c-c(c)occ,0.0,0.4165977391783843,0.7802674544627747,0.1077565074532979,0.0,0.0,0.0,2.0,4.0,0.0,Neutral_Balanced,False,0.18254603682946358,0.2790232185748599,0.18254603682946358,0.21470509741126234,,,,,,,left_only,STATS_only,,c-c(c)occ
ccoc(c)C,ccoc(c)C,0.6435406698564593,0.73148178190195,0.901468961148524,0.0450492220574813,0.1,0.0007434944237918,2.0,6.0,12.0,0.0,Neutral_Balanced,False,0.5048038430744596,0.16373098478783027,0.5048038430744596,0.39111289031224983,,,,,,,left_only,STATS_only,,ccoc(c)C
ccoc(c)c,ccoc(c)c,0.0,0.4165977391783843,0.7802674544627747,0.1077565074532979,0.0,0.0,0.0,1.0,5.0,0.0,Neutral_Balanced,False,0.18254603682946358,0.2790232185748599,0.18254603682946358,0.21470509741126234,,,,,,,left_only,STATS_only,,ccoc(c)c
ccsc(c)-c,c-c(c)scc,0.0,0.4165977391783843,0.7802674544627747,0.1077565074532979,0.0,0.0,0.0,0.0,6.0,0.0,Negative_InactiveOnly,False,0.18254603682946358,0.2790232185748599,0.18254603682946358,0.21470509741126234,,,,,,,left_only,STATS_only,,c-c(c)scc
ccsc(c)C,Cc(c)scc,0.459671907040328,0.6013306719893546,0.859611940123381,0.0656975607309856,0.0714285714285714,0.0003717472118959,1.0,5.0,8.0,0.0,Neutral_Balanced,False,0.44275420336269017,0.17734187349879904,0.44275420336269017,0.35428342674139307,,,,,,,left_only,STATS_only,,Cc(c)scc
ccsc(n)N,ccsc(n)N,1.2870813397129186,1.8111776447105787,0.7802674544627747,0.1077565074532979,0.2,0.0003717472118959,1.0,1.0,3.0,0.0,Neutral_Balanced,False,0.6985588470776621,0.2790232185748599,0.6985588470776621,0.558713637576728,,,,,,,left_only,STATS_only,,ccsc(n)N
ccscc,ccscc,0.0,0.2160573476702509,0.4513455900264954,0.3454907965553292,0.0,0.0,0.0,2.0,10.0,0.0,Neutral_Balanced,False,0.18254603682946358,0.48478783026421135,0.18254603682946358,0.28329330130771285,,,,,,,left_only,STATS_only,,ccscc
cn(-c)[se],c-n(c)[se],1.0725677830940987,1.4812193794229722,1.0,-0.0,0.1666666666666666,0.0003717472118959,1.0,4.0,1.0,1.0,Neutral_Balanced,False,0.6461168935148118,0.07606084867894315,0.6461168935148118,0.4560982119028556,,,,,,,left_only,STATS_only,,c-n(c)[se]
cn(-c)nnn,c-n(c)nnn,0.0,0.4165977391783843,0.7802674544627747,0.1077565074532979,0.0,0.0,0.0,2.0,4.0,0.0,Neutral_Balanced,False,0.18254603682946358,0.2790232185748599,0.18254603682946358,0.21470509741126234,,,,,,,left_only,STATS_only,,c-n(c)nnn
cn(C)c(=O)c(n)=O,,,,,,,,,,,,,,,,,,0.0,0.0,0.0,0.0,1.0,0.2903645833333333,right_only,SHAP_only,,cn(C)c(=O)c(n)=O
cn(C)c(=O)cn,,,,,,,,,,,,,,,,,,0.0,0.0,0.0,0.0,1.0,0.2903645833333333,right_only,SHAP_only,,cn(C)c(=O)cn
cn(C)c(=S)[nH]n,cn(C)c(=S)[nH]n,0.448981862690553,0.3970711387578142,0.0008227327331021,3.084741223584949,0.0697674418604651,0.0055762081784386,15.0,18.0,182.0,0.0,Neutral_Balanced,True,0.43955164131305047,0.8470776621297038,0.43955164131305047,0.575393648251935,,,,,,,left_only,STATS_only,,cn(C)c(=S)[nH]n
cn(C)c(CC)n[nH],cn(C)c(CC)n[nH],0.0,0.4165977391783843,0.7802674544627747,0.1077565074532979,0.0,0.0,0.0,0.0,6.0,0.0,Negative_InactiveOnly,False,0.18254603682946358,0.2790232185748599,0.18254603682946358,0.21470509741126234,,,,,,,left_only,STATS_only,,cn(C)c(CC)n[nH]
cn(C)c(Cc)n[nH],cCc(n[nH])n(c)C,1.2870813397129186,1.5991102323282254,0.8217616129942086,0.085254149827821,0.2,0.0007434944237918,2.0,0.0,8.0,0.0,Neutral_Balanced,False,0.6985588470776621,0.20056044835868694,0.6985588470776621,0.5325593808380037,,,,,,,left_only,STATS_only,,cCc(n[nH])n(c)C
cn(C)c(nn)SC,cn(C)c(nn)SC,0.0,0.4925600086890409,1.0,-0.0,0.0,0.0,0.0,0.0,5.0,0.0,Negative_InactiveOnly,False,0.18254603682946358,0.07606084867894315,0.18254603682946358,0.14705097411262344,,,,,,,left_only,STATS_only,,cn(C)c(nn)SC
cn(C)c1ncnc1c,,,,,,,,,,,,,,,,,,0.005291,1.0,1.0,0.0,0.0,0.7964409722222222,right_only,SHAP_only,,cn(C)c1ncnc1c
cn(C)ccn,cn(C)ccn,0.0,0.0284845042468874,4.564166637786664e-06,5.340638507866861,0.0,0.0,0.0,3.0,88.0,0.0,VeryNegative_InactiveEnriched,True,0.18254603682946358,0.9183346677341874,0.18254603682946358,0.42780891379770486,,,,,,,left_only,STATS_only,,cn(C)ccn
cn(C)nnn,cn(C)nnn,0.8044258373205742,1.0852694610778444,1.0,-0.0,0.125,0.0003717472118959,1.0,1.0,6.0,0.0,Neutral_Balanced,False,0.5464371497197759,0.07606084867894315,0.5464371497197759,0.3896450493728316,,,,,,,left_only,STATS_only,,cn(C)nnn
cn(C)s,cn(C)s,2.574162679425837,3.785561844669203,0.1756609509123386,0.7553247705941162,0.4,0.0014869888475836,4.0,4.0,2.0,1.0,Medium_StrongEnriched,False,0.8518815052041633,0.6697357886309048,0.8518815052041633,0.7911662663464104,,,,,,,left_only,STATS_only,,cn(C)s
cn(N)c(=S)[nH]n,cn(N)c(=S)[nH]n,0.0,0.0147328295091042,6.338034144856318e-12,11.198045425467154,0.0,0.0,0.0,33.0,137.0,0.0,Neutral_Balanced,True,0.18254603682946358,0.9687750200160128,0.18254603682946358,0.44462236455831333,,,,,,,left_only,STATS_only,,cn(N)c(=S)[nH]n
cn(N)c(CC)n[nH],cn(N)c(CC)n[nH],0.0,0.1312760439432351,0.1803078066922682,0.7439854694507722,0.0,0.0,0.0,1.0,19.0,0.0,VeryNegative_InactiveEnriched,False,0.18254603682946358,0.6613290632506005,0.18254603682946358,0.34214037896984256,,,,,,,left_only,STATS_only,,cn(N)c(CC)n[nH]
cn(N)c(CO)n[nH],cn(N)c(CO)n[nH],0.0,0.4925600086890409,1.0,-0.0,0.0,0.0,0.0,1.0,4.0,0.0,Neutral_Balanced,False,0.18254603682946358,0.07606084867894315,0.18254603682946358,0.14705097411262344,,,,,,,left_only,STATS_only,,cn(N)c(CO)n[nH]
cn(N)c(Cc)n[nH],cCc(n[nH])n(c)N,0.0,0.1380694176393101,0.1803078066922682,0.7439854694507722,0.0,0.0,0.0,3.0,16.0,0.0,Neutral_Balanced,False,0.18254603682946358,0.6613290632506005,0.18254603682946358,0.34214037896984256,,,,,,,left_only,STATS_only,,cCc(n[nH])n(c)N
cn(N)c(Cc)nn,cCc(nn)n(c)N,0.919343814080656,1.25278673422386,1.0,-0.0,0.1428571428571428,0.0003717472118959,1.0,2.0,4.0,0.0,Neutral_Balanced,False,0.588470776621297,0.07606084867894315,0.588470776621297,0.417667467307179,,,,,,,left_only,STATS_only,,cCc(nn)n(c)N
cn(N)c(n[nH])C(F)(F)F,cn(N)c(n[nH])C(F)(F)F,0.0,0.4925600086890409,1.0,-0.0,0.0,0.0,0.0,0.0,5.0,0.0,Negative_InactiveOnly,False,0.18254603682946358,0.07606084867894315,0.18254603682946358,0.14705097411262344,,,,,,,left_only,STATS_only,,cn(N)c(n[nH])C(F)(F)F
cn(N)c(nn)SC,cn(N)c(nn)SC,0.919343814080656,1.25278673422386,1.0,-0.0,0.1428571428571428,0.0003717472118959,1.0,1.0,5.0,0.0,Neutral_Balanced,False,0.588470776621297,0.07606084867894315,0.588470776621297,0.417667467307179,,,,,,,left_only,STATS_only,,cn(N)c(nn)SC
cn(N)cn[nH],cn(N)cn[nH],0.0,0.3182936256940052,0.7802674544627747,0.1077565074532979,0.0,0.0,0.0,1.0,7.0,0.0,Neutral_Balanced,False,0.18254603682946358,0.2790232185748599,0.18254603682946358,0.21470509741126234,,,,,,,left_only,STATS_only,,cn(N)cn[nH]
cn([se])CCC,,,,,,,,,,,,,,,,,,0.0,0.0,0.0,1.0,0.0,0.2903645833333333,right_only,SHAP_only,,cn([se])CCC
cn(c)C(C)C,,,,,,,,,,,,,,,,,,0.00186,1.0,1.0,0.0,0.0,0.7061631944444444,right_only,SHAP_only,,cn(c)C(C)C
cn(c)C(C)C(=O)O,,,,,,,,,,,,,,,,,,0.00791,1.0,1.0,0.0,0.0,0.82421875,right_only,SHAP_only,,cn(c)C(C)C(=O)O
cn(c)C1CC1,,,,,,,,,,,,,,,,,,0.0,0.0,0.0,0.0,1.0,0.2903645833333333,right_only,SHAP_only,,cn(c)C1CC1
cn(c)C1CNC1,,,,,,,,,,,,,,,,,,0.003724,1.0,1.0,0.0,0.0,0.7669270833333334,right_only,SHAP_only,,cn(c)C1CNC1
cn(c)CC,,,,,,,,,,,,,,,,,,0.002904,1.0,1.0,0.0,0.0,0.7365451388888888,right_only,SHAP_only,,cn(c)CC
cn(c)CC(C)C,,,,,,,,,,,,,,,,,,0.0,0.0,0.0,2.0,0.0,0.2903645833333333,right_only,SHAP_only,,cn(c)CC(C)C
cn(c)CC(C)O,,,,,,,,,,,,,,,,,,0.0,0.0,0.0,1.0,0.0,0.2903645833333333,right_only,SHAP_only,,cn(c)CC(C)O
cn(c)CC(c)=O,,,,,,,,,,,,,,,,,,0.001765,0.5044,1.0,0.0,1.0,0.7009548611111112,right_only,SHAP_only,,cn(c)CC(c)=O
cn(c)CC(c)O,cC(O)Cn(c)c,0.0,0.3182936256940052,0.7802674544627747,0.1077565074532979,0.0,0.0,0.0,1.0,7.0,0.0,Neutral_Balanced,False,0.18254603682946358,0.2790232185748599,0.18254603682946358,0.21470509741126234,,,,,,,left_only,STATS_only,,cC(O)Cn(c)c
cn(c)CCn,,,,,,,,,,,,,,,,,,0.0,0.0,0.0,0.0,1.0,0.2903645833333333,right_only,SHAP_only,,cn(c)CCn
cn(c)C[C@@H](C)N,,,,,,,,,,,,,,,,,,0.0,0.0,0.0,0.0,1.0,0.2903645833333333,right_only,SHAP_only,,cn(c)C[C@@H](C)N
cn(c)N1C(=O)CCC1=O,,,,,,,,,,,,,,,,,,0.0,0.0,0.0,0.0,1.0,0.2903645833333333,right_only,SHAP_only,,cn(c)N1C(=O)CCC1=O
cn(c)N1C(=O)c=cC1=O,,,,,,,,,,,,,,,,,,0.0,0.0,0.0,3.0,0.0,0.2903645833333333,right_only,SHAP_only,,cn(c)N1C(=O)c=cC1=O
cn(c)NC(c)=O,,,,,,,,,,,,,,,,,,0.002945,1.0,2.0,0.0,0.0,0.7400173611111112,right_only,SHAP_only,,cn(c)NC(c)=O
cn(c)[C@@H]1C[C@H]1c,,,,,,,,,,,,,,,,,,0.0,0.0,0.0,1.0,0.0,0.2903645833333333,right_only,SHAP_only,,cn(c)[C@@H]1C[C@H]1c
cn(n)N,,,,,,,,,,,,,,,,,,0.004986,1.0,1.0,0.0,0.0,0.7903645833333334,right_only,SHAP_only,,cn(n)N
cn(n)O,,,,,,,,,,,,,,,,,,0.0,0.0,0.0,1.0,0.0,0.2903645833333333,right_only,SHAP_only,,cn(n)O
cn(n)S,,,,,,,,,,,,,,,,,,0.0,0.0,0.0,0.0,1.0,0.2903645833333333,right_only,SHAP_only,,cn(n)S
cn(s)C(=O)NC,,,,,,,,,,,,,,,,,,0.0,0.0,0.0,0.0,1.0,0.2903645833333333,right_only,SHAP_only,,cn(s)C(=O)NC
cn(s)CCC,,,,,,,,,,,,,,,,,,0.0,0.0,0.0,1.0,1.0,0.2903645833333333,right_only,SHAP_only,,cn(s)CCC
cn(s)CCO,,,,,,,,,,,,,,,,,,0.0,0.0,0.0,1.0,0.0,0.2903645833333333,right_only,SHAP_only,,cn(s)CCO
cn-c1=c(-c)-n=c-n-1C,,,,,,,,,,,,,,,,,,0.0,0.0,0.0,0.0,1.0,0.2903645833333333,right_only,SHAP_only,,cn-c1=c(-c)-n=c-n-1C
cn-c1=c(-n)NCN1S,,,,,,,,,,,,,,,,,,0.005213,1.0,1.0,0.0,0.0,0.7955729166666666,right_only,SHAP_only,,cn-c1=c(-n)NCN1S
cn-c1=c(-n)NCN1c,,,,,,,,,,,,,,,,,,0.0,0.0,0.0,1.0,0.0,0.2903645833333333,right_only,SHAP_only,,cn-c1=c(-n)NCN1c
cn1CCSc1,,,,,,,,,,,,,,,,,,0.003512,1.0,1.0,0.0,0.0,0.7569444444444444,right_only,SHAP_only,,cn1CCSc1
cn[nH]c([nH])=S,cn[nH]c([nH])=S,0.0,0.2349488338268142,0.4513455900264954,0.3454907965553292,0.0,0.0,0.0,1.0,10.0,0.0,VeryNegative_InactiveEnriched,False,0.18254603682946358,0.48478783026421135,0.18254603682946358,0.28329330130771285,,,,,,,left_only,STATS_only,,cn[nH]c([nH])=S
cn[nH]c(n)=S,cn[nH]c(n)=S,0.2507301311129062,0.1972534519981203,6.690057053070463e-13,12.0,0.0389610389610389,0.0055762081784386,15.0,51.0,319.0,0.0,Neutral_Balanced,True,0.389111289031225,0.9875900720576462,0.389111289031225,0.5886042167066987,,,,,,,left_only,STATS_only,,cn[nH]c(n)=S
cn[nH]nn,cn[nH]nn,0.7150451887293992,0.9571680169073618,1.0,-0.0,0.1111111111111111,0.0003717472118959,1.0,3.0,5.0,0.0,Neutral_Balanced,False,0.5232185748598879,0.07606084867894315,0.5232185748598879,0.37416599946623963,,,,,,,left_only,STATS_only,,cn[nH]nn
cnc(-c(c)c)c(c)S,,,,,,,,,,,,,,,,,,0.00731,1.0,1.0,0.0,0.0,0.8194444444444444,right_only,SHAP_only,,cnc(-c(c)c)c(c)S
cnc(C(=O)O)c(C)s,cnc(C(=O)O)c(C)s,1.989125706829056,2.5297181025699085,0.0192398952817158,1.7157972960558316,0.3090909090909091,0.0063197026022304,17.0,20.0,18.0,1.0,Medium_StrongEnriched,True,0.7926341072858286,0.7886309047237791,0.7926341072858286,0.7912997064318121,,,,,,,left_only,STATS_only,,cnc(C(=O)O)c(C)s
cnc(C(=O)O)c(N)s,cnc(C(=O)O)c(N)s,4.660122092064015,15.43744215058956,8.50736524831858e-21,12.0,0.7241379310344828,0.0156133828996282,42.0,16.0,0.0,2.0,Second_StrongWeak_NoInactive,True,0.9587670136108887,0.9875900720576462,0.9587670136108887,0.9683746997598078,,,,,,,left_only,STATS_only,,cnc(C(=O)O)c(N)s
cnc(C(=O)O)n(c)C,cnc(C(=O)O)n(c)C,0.0,0.0263753191540976,1.3839725906432494e-06,5.85887251092714,0.0,0.0,0.0,2.0,96.0,0.0,VeryNegative_InactiveEnriched,True,0.18254603682946358,0.9343474779823859,0.18254603682946358,0.433146517213771,,,,,,,left_only,STATS_only,,cnc(C(=O)O)n(c)C
cnc(C)c(c)C,,,,,,,,,,,,,,,,,,0.006702,1.0,1.0,0.0,0.0,0.8142361111111112,right_only,SHAP_only,,cnc(C)c(c)C
cnc(C)n(c)O,,,,,,,,,,,,,,,,,,0.006004,1.0,1.0,0.0,0.0,0.8051215277777778,right_only,SHAP_only,,cnc(C)n(c)O
cnc(C)nc,,,,,,,,,,,,,,,,,,0.0,0.0,0.0,2.0,0.0,0.2903645833333333,right_only,SHAP_only,,cnc(C)nc
cnc(CO)c(c)O,,,,,,,,,,,,,,,,,,0.0,0.0,0.0,1.0,0.0,0.2903645833333333,right_only,SHAP_only,,cnc(CO)c(c)O
cnc(N)nc,,,,,,,,,,,,,,,,,,0.0,0.0,0.0,0.0,2.0,0.2903645833333333,right_only,SHAP_only,,cnc(N)nc
cnc(N)sc,cnc(N)sc,2.544230555246467,3.6949881341196926,0.0007717142597721,3.1125434747621936,0.3953488372093023,0.0063197026022304,17.0,19.0,7.0,1.0,Medium_StrongEnriched,True,0.8426741393114492,0.8482786228983187,0.8426741393114492,0.8445423005070724,,,,,,,left_only,STATS_only,,cnc(N)sc
cnc(NC)[nH]c,CNc(nc)[nH]c,0.8775554588951717,0.973464161189793,1.0,-0.0,0.1363636363636363,0.0011152416356877,3.0,6.0,13.0,0.0,Neutral_Balanced,False,0.567654123298639,0.07606084867894315,0.567654123298639,0.403789698425407,,,,,,,left_only,STATS_only,,CNc(nc)[nH]c
cnc(NC)oc,CNc(nc)oc,0.0,0.3182936256940052,0.7802674544627747,0.1077565074532979,0.0,0.0,0.0,0.0,8.0,0.0,Negative_InactiveOnly,False,0.18254603682946358,0.2790232185748599,0.18254603682946358,0.21470509741126234,,,,,,,left_only,STATS_only,,CNc(nc)oc
cnc(NC)sc,CNc(nc)sc,0.4950312845049687,0.6497245508982036,0.8574350879598587,0.0667987482623484,0.0769230769230769,0.0003717472118959,1.0,5.0,7.0,0.0,Neutral_Balanced,False,0.45716573258606885,0.18815052041633307,0.45716573258606885,0.36749399519615694,,,,,,,left_only,STATS_only,,CNc(nc)sc
cnc(O)nc,,,,,,,,,,,,,,,,,,0.0,0.0,0.0,2.0,0.0,0.2903645833333333,right_only,SHAP_only,,cnc(O)nc
cnc(Oc)c(c)C,,,,,,,,,,,,,,,,,,0.0,0.0,0.0,1.0,0.0,0.2903645833333333,right_only,SHAP_only,,cnc(Oc)c(c)C
cnc(S)c(c)C,,,,,,,,,,,,,,,,,,0.0,0.0,0.0,1.0,0.0,0.2903645833333333,right_only,SHAP_only,,cnc(S)c(c)C
cnc([nH]c)C(N)=O,,,,,,,,,,,,,,,,,,0.0,0.0,0.0,0.0,1.0,0.2903645833333333,right_only,SHAP_only,,cnc([nH]c)C(N)=O
cnc([nH]c)SC,,,,,,,,,,,,,,,,,,0.0,0.0,0.0,2.0,0.0,0.2903645833333333,right_only,SHAP_only,,cnc([nH]c)SC
cnc(c(c)C)c(c)c,,,,,,,,,,,,,,,,,,5.1e-05,0.0189,1.0,2.0,0.0,0.6061197916666666,right_only,SHAP_only,,cnc(c(c)C)c(c)c
cnc(c(c)O)n(c)c,,,,,,,,,,,,,,,,,,0.0,0.0,0.0,0.0,1.0,0.2903645833333333,right_only,SHAP_only,,cnc(c(c)O)n(c)c
cnc(c(c)n)N(C)C,,,,,,,,,,,,,,,,,,0.0,0.0,0.0,0.0,1.0,0.2903645833333333,right_only,SHAP_only,,cnc(c(c)n)N(C)C
cnc(c[nH])CN,cnc(c[nH])CN,3.4652189915347806,6.482521631644005,6.117804431430636e-05,4.21340441027191,0.5384615384615384,0.0052044609665427,14.0,8.0,4.0,2.0,Medium_StrongEnriched,True,0.910728582866293,0.8911128903122498,0.910728582866293,0.904190018681612,,,,,,,left_only,STATS_only,,cnc(c[nH])CN
cnc(cn)CN,,,,,,,,,,,,,,,,,,0.0,0.0,0.0,0.0,1.0,0.2903645833333333,right_only,SHAP_only,,cnc(cn)CN
cnc(nc)SC,,,,,,,,,,,,,,,,,,0.0,0.0,0.0,1.0,0.0,0.2903645833333333,right_only,SHAP_only,,cnc(nc)SC
cnc[nH]c,cnc[nH]c,2.8601807549175966,4.504317527647326,0.0002672186582986,3.573133220922345,0.4444444444444444,0.0059479553903345,16.0,8.0,12.0,2.0,Medium_StrongEnriched,True,0.8767013610888711,0.8742994395516414,0.8767013610888711,0.8759007205764612,,,,,,,left_only,STATS_only,,cnc[nH]c
cncc(c)c,cncc(c)c,0.0,0.4165977391783843,0.7802674544627747,0.1077565074532979,0.0,0.0,0.0,3.0,3.0,0.0,Neutral_Balanced,False,0.18254603682946358,0.2790232185748599,0.18254603682946358,0.21470509741126234,,,,,,,left_only,STATS_only,,cncc(c)c
cncc(n)=O,,,,,,,,,,,,,,,,,,0.004064,1.0,1.0,0.0,0.0,0.7725694444444444,right_only,SHAP_only,,cncc(n)=O
cnccs,cnccs,1.2870813397129186,1.8111776447105787,0.7802674544627747,0.1077565074532979,0.2,0.0003717472118959,1.0,1.0,3.0,0.0,Neutral_Balanced,False,0.6985588470776621,0.2790232185748599,0.6985588470776621,0.558713637576728,,,,,,,left_only,STATS_only,,cnccs
cncn(c)C,cncn(c)C,0.0,0.3608920748705695,0.7802674544627747,0.1077565074532979,0.0,0.0,0.0,2.0,5.0,0.0,Neutral_Balanced,False,0.18254603682946358,0.2790232185748599,0.18254603682946358,0.21470509741126234,,,,,,,left_only,STATS_only,,cncn(c)C
cncnc,,,,,,,,,,,,,,,,,,0.0,0.0,0.0,1.0,0.0,0.2903645833333333,right_only,SHAP_only,,cncnc
cncsc,cncsc,3.641085368924704,7.744360752827077,3.0786437393131952e-15,12.0,0.5657894736842105,0.0159851301115241,43.0,17.0,16.0,2.0,Medium_StrongEnriched,True,0.9183346677341874,0.9875900720576462,0.9183346677341874,0.9414198025086736,,,,,,,left_only,STATS_only,,cncsc
cnn(CC)nn,cnn(CC)nn,0.919343814080656,1.25278673422386,1.0,-0.0,0.1428571428571428,0.0003717472118959,1.0,6.0,0.0,1.0,Second_StrongWeak_NoInactive,False,0.588470776621297,0.07606084867894315,0.588470776621297,0.417667467307179,,,,,,,left_only,STATS_only,,cnn(CC)nn
cnn[nH]c,cnn[nH]c,0.0,0.1740085559024164,0.3510214393177255,0.4546663573431926,0.0,0.0,0.0,0.0,15.0,0.0,Negative_InactiveOnly,False,0.18254603682946358,0.578462770216173,0.18254603682946358,0.31451828129170006,,,,,,,left_only,STATS_only,,cnn[nH]c
cnn[nH]n,cnn[nH]n,0.7150451887293992,0.9571680169073618,1.0,-0.0,0.1111111111111111,0.0003717472118959,1.0,3.0,5.0,0.0,Neutral_Balanced,False,0.5232185748598879,0.07606084867894315,0.5232185748598879,0.37416599946623963,,,,,,,left_only,STATS_only,,cnn[nH]n
cnnc(-c)[nH],c-c([nH])nnc,3.718234981392876,7.802417115792912,1.7270769758089004e-09,8.762688305499106,0.5777777777777777,0.0096654275092936,26.0,7.0,12.0,2.0,Medium_StrongEnriched,True,0.9283426741393115,0.9603682946357086,0.9283426741393115,0.9390178809714439,,,,,,,left_only,STATS_only,,c-c([nH])nnc
cnnc(-c)n,c-c(n)nnc,0.0,0.2160573476702509,0.4513455900264954,0.3454907965553292,0.0,0.0,0.0,5.0,7.0,0.0,Neutral_Balanced,False,0.18254603682946358,0.48478783026421135,0.18254603682946358,0.28329330130771285,,,,,,,left_only,STATS_only,,c-c(n)nnc
cnnc(-c)o,c-c(o)nnc,0.4290271132376395,0.5596118108610365,0.7672646258171788,0.1150548241719264,0.0666666666666666,0.0003717472118959,1.0,4.0,10.0,0.0,Neutral_Balanced,False,0.4355484387510008,0.3546837469975981,0.4355484387510008,0.40859354149986654,,,,,,,left_only,STATS_only,,c-c(o)nnc
cnnc(-c)s,c-c(s)nnc,0.0,0.1633901741428623,0.3515257467962129,0.4540428604534837,0.0,0.0,0.0,8.0,8.0,0.0,Neutral_Balanced,False,0.18254603682946358,0.5544435548438751,0.18254603682946358,0.3065118761676007,,,,,,,left_only,STATS_only,,c-c(s)nnc
cnnc(C)n,cnnc(C)n,0.5362838915470494,0.7065347565738089,0.8574350879598587,0.0667987482623484,0.0833333333333333,0.0003717472118959,1.0,3.0,8.0,0.0,Neutral_Balanced,False,0.4747798238590873,0.18815052041633307,0.4747798238590873,0.37923672271150255,,,,,,,left_only,STATS_only,,cnnc(C)n
cnnc(C)o,cnnc(C)o,0.919343814080656,1.25278673422386,1.0,-0.0,0.1428571428571428,0.0003717472118959,1.0,0.0,6.0,0.0,Neutral_Balanced,False,0.588470776621297,0.07606084867894315,0.588470776621297,0.417667467307179,,,,,,,left_only,STATS_only,,cnnc(C)o
cnnc(C)s,cnnc(C)s,0.919343814080656,1.25278673422386,1.0,-0.0,0.1428571428571428,0.0003717472118959,1.0,2.0,4.0,0.0,Neutral_Balanced,False,0.588470776621297,0.07606084867894315,0.588470776621297,0.417667467307179,,,,,,,left_only,STATS_only,,cnnc(C)s
cnnc([nH])S,cnnc([nH])S,3.656481078729883,7.488906265272212,6.264625393742992e-09,8.203104893431904,0.5681818181818182,0.0092936802973977,25.0,7.0,12.0,2.0,Medium_StrongEnriched,True,0.9199359487590072,0.9575660528422738,0.9199359487590072,0.9324793167867628,,,,,,,left_only,STATS_only,,cnnc([nH])S
cnnc(c)-c,,,,,,,,,,,,,,,,,,0.011064,1.0,1.0,0.0,0.0,0.8485243055555556,right_only,SHAP_only,,cnnc(c)-c
cnnc(n)S,cnnc(n)S,0.3064479380268853,0.3947714327442675,0.4513455900264954,0.3454907965553292,0.0476190476190476,0.0003717472118959,1.0,6.0,14.0,0.0,Neutral_Balanced,False,0.4067253803042434,0.48478783026421135,0.4067253803042434,0.43274619695756605,,,,,,,left_only,STATS_only,,cnnc(n)S
cnnc(o)S,cnnc(o)S,0.6774112314278519,0.773623735208369,0.9011994487548776,0.045179082597106,0.1052631578947368,0.0007434944237918,2.0,4.0,13.0,0.0,Neutral_Balanced,False,0.5132105684547638,0.16573258606885508,0.5132105684547638,0.39738457432612756,,,,,,,left_only,STATS_only,,cnnc(o)S
cnnc(s)S,cnnc(S)s,0.6657317274377165,0.7140975864496061,0.7802674544627747,0.1077565074532979,0.1034482758620689,0.0011152416356877,3.0,12.0,14.0,0.0,Neutral_Balanced,False,0.5088070456365092,0.2790232185748599,0.5088070456365092,0.4322124366159595,,,,,,,left_only,STATS_only,,cnnc(S)s
cnnn(C)n,cnnn(C)n,0.5362838915470494,0.7065347565738089,0.8574350879598587,0.0667987482623484,0.0833333333333333,0.0003717472118959,1.0,10.0,1.0,1.0,Neutral_Balanced,False,0.4747798238590873,0.18815052041633307,0.4747798238590873,0.37923672271150255,,,,,,,left_only,STATS_only,,cnnn(C)n
cnnn(c)-c,c-n(c)nnc,0.7753502046463365,0.7691904179052282,0.713224120361393,0.1467739779437932,0.1204819277108433,0.0037174721189591,10.0,14.0,59.0,0.0,Neutral_Balanced,False,0.5340272217774219,0.37069655724579664,0.5340272217774219,0.47958366693354676,,,,,,,left_only,STATS_only,,c-n(c)nnc
cnnn(c)C,cnnn(c)C,1.6088516746411483,2.0929910425708744,0.624428810259094,0.2045170674163206,0.25,0.0007434944237918,2.0,2.0,4.0,0.0,Medium_StrongEnriched,False,0.7397918334667735,0.40392313851080863,0.7397918334667735,0.6278356018147851,,,,,,,left_only,STATS_only,,cnnn(c)C
cnnn[nH],cnnn[nH],1.8628808864265929,2.3043614054657,0.1333025834323242,0.8751614337854604,0.2894736842105263,0.004089219330855,11.0,8.0,19.0,0.0,Medium_StrongEnriched,False,0.7746196957566053,0.7037630104083267,0.7746196957566053,0.7510008006405124,,,,,,,left_only,STATS_only,,cnnn[nH]
cnnnn,cnnnn,0.4022129186602871,0.5232760285879853,0.7672646258171788,0.1150548241719264,0.0625,0.0003717472118959,1.0,3.0,12.0,0.0,Neutral_Balanced,False,0.42634107285828665,0.3546837469975981,0.42634107285828665,0.4024552975713904,,,,,,,left_only,STATS_only,,cnnnn
coc(nn)-c(c)c,coc(nn)-c(c)c,0.459671907040328,0.6013306719893546,0.859611940123381,0.0656975607309856,0.0714285714285714,0.0003717472118959,1.0,4.0,9.0,0.0,Neutral_Balanced,False,0.44275420336269017,0.17734187349879904,0.44275420336269017,0.35428342674139307,,,,,,,left_only,STATS_only,,coc(nn)-c(c)c
coc(nn)SC,coc(nn)SC,0.9900625690099376,1.180385197557284,1.0,-0.0,0.1538461538461538,0.0007434944237918,2.0,3.0,8.0,0.0,Neutral_Balanced,False,0.6172938350680545,0.07606084867894315,0.6172938350680545,0.43688283960501734,,,,,,,left_only,STATS_only,,coc(nn)SC
cocc(c)C,cocc(c)C,0.0,0.4165977391783843,0.7802674544627747,0.1077565074532979,0.0,0.0,0.0,1.0,5.0,0.0,Neutral_Balanced,False,0.18254603682946358,0.2790232185748599,0.18254603682946358,0.21470509741126234,,,,,,,left_only,STATS_only,,cocc(c)C
cs[nH],,,,,,,,,,,,,,,,,,0.005563,1.0,1.0,0.0,0.0,0.7981770833333334,right_only,SHAP_only,,cs[nH]
csc(CC)c(C)n,Cc(n)c(CC)sc,2.145135566188197,2.8388569992039216,0.1227395633116125,0.9110154262019512,0.3333333333333333,0.0026022304832713,7.0,4.0,10.0,0.0,Medium_StrongEnriched,False,0.8090472377902321,0.7125700560448359,0.8090472377902321,0.7768881772084334,,,,,,,left_only,STATS_only,,Cc(n)c(CC)sc
csc(CC)c(c)C,csc(CC)c(c)C,0.0,0.4925600086890409,1.0,-0.0,0.0,0.0,0.0,0.0,5.0,0.0,Negative_InactiveOnly,False,0.18254603682946358,0.07606084867894315,0.18254603682946358,0.14705097411262344,,,,,,,left_only,STATS_only,,csc(CC)c(c)C
csc(Cc)c(C)n,cCc(sc)c(C)n,2.0110645933014357,2.5709506323949407,0.089355667089976,1.0488778985824323,0.3125,0.0037174721189591,10.0,14.0,8.0,1.0,Medium_StrongEnriched,False,0.7942353883106485,0.7245796637309848,0.7942353883106485,0.7710168134507606,,,,,,,left_only,STATS_only,,cCc(sc)c(C)n
csc(NS)c(C)n,Cc(n)c(NS)sc,4.660122092064015,15.43744215058956,8.50736524831858e-21,12.0,0.7241379310344828,0.0156133828996282,42.0,16.0,0.0,2.0,Second_StrongWeak_NoInactive,True,0.9587670136108887,0.9875900720576462,0.9587670136108887,0.9683746997598078,,,,,,,left_only,STATS_only,,Cc(n)c(NS)sc
csc(nn)-c(c)c,csc(nn)-c(c)c,0.0,0.1633901741428623,0.3515257467962129,0.4540428604534837,0.0,0.0,0.0,8.0,8.0,0.0,Neutral_Balanced,False,0.18254603682946358,0.5544435548438751,0.18254603682946358,0.3065118761676007,,,,,,,left_only,STATS_only,,csc(nn)-c(c)c
csc(nn)SC,csc(nn)SC,0.742546926757453,0.8063343318739279,0.9298121796888628,0.0316047692552978,0.1153846153846153,0.0011152416356877,3.0,10.0,13.0,0.0,Neutral_Balanced,False,0.5296236989591674,0.15692554043234588,0.5296236989591674,0.40539097945022684,,,,,,,left_only,STATS_only,,csc(nn)SC
cscc(c)C,Cc(c)csc,0.0,0.4165977391783843,0.7802674544627747,0.1077565074532979,0.0,0.0,0.0,0.0,6.0,0.0,Negative_InactiveOnly,False,0.18254603682946358,0.2790232185748599,0.18254603682946358,0.21470509741126234,,,,,,,left_only,STATS_only,,Cc(c)csc
csccn,csccn,1.2870813397129186,1.8111776447105787,0.7802674544627747,0.1077565074532979,0.2,0.0003717472118959,1.0,1.0,3.0,0.0,Neutral_Balanced,False,0.6985588470776621,0.2790232185748599,0.6985588470776621,0.558713637576728,,,,,,,left_only,STATS_only,,csccn
csn(-c(c)c)c(c)=O,csn(-c(c)c)c(c)=O,6.435406698564593,60.453446191052,0.000648035994037,3.1884008713245597,1.0,0.0018587360594795,5.0,0.0,0.0,2.0,Highest_StrongOnly,True,0.9951961569255404,0.8542834267413931,0.9951961569255404,0.948225246864158,,,,,,,left_only,STATS_only,,csn(-c(c)c)c(c)=O
csn(CC)c(c)=O,csn(CC)c(c)=O,2.145135566188197,3.025877017473656,0.4513455900264954,0.3454907965553292,0.3333333333333333,0.0007434944237918,2.0,3.0,1.0,1.0,Medium_StrongEnriched,False,0.8090472377902321,0.48478783026421135,0.8090472377902321,0.7009607686148919,,,,,,,left_only,STATS_only,,csn(CC)c(c)=O
n-c1=n-o-n=c-1N,,,,,,,,,,,,,,,,,,0.036019,1.0,1.0,0.0,0.0,0.8949652777777778,right_only,SHAP_only,,n-c1=n-o-n=c-1N
nC1CC1,,,,,,,,,,,,,,,,,,0.009559,0.8291,3.0,0.0,1.0,0.8402777777777778,right_only,SHAP_only,,nC1CC1
nC1CCC1,,,,,,,,,,,,,,,,,,0.0,0.0,0.0,0.0,1.0,0.2903645833333333,right_only,SHAP_only,,nC1CCC1
nCCC(N)=O,,,,,,,,,,,,,,,,,,0.0,0.0,0.0,1.0,0.0,0.2903645833333333,right_only,SHAP_only,,nCCC(N)=O
nCCNS,,,,,,,,,,,,,,,,,,0.0,0.0,0.0,3.0,0.0,0.2903645833333333,right_only,SHAP_only,,nCCNS
nCCO,,,,,,,,,,,,,,,,,,0.0,0.0,0.0,1.0,1.0,0.2903645833333333,right_only,SHAP_only,,nCCO
nCS,,,,,,,,,,,,,,,,,,0.003461,1.0,1.0,0.0,0.0,0.7547743055555556,right_only,SHAP_only,,nCS
nCc1=c-c=c-o-1,,,,,,,,,,,,,,,,,,0.001991,1.0,1.0,0.0,0.0,0.7105034722222222,right_only,SHAP_only,,nCc1=c-c=c-o-1
nCc1=c-c=c-s-1,,,,,,,,,,,,,,,,,,0.001165,0.4818,1.0,0.0,1.0,0.6827256944444444,right_only,SHAP_only,,nCc1=c-c=c-s-1
nCc1=c-o-c=c-1,,,,,,,,,,,,,,,,,,0.000409,0.2723,1.0,0.0,1.0,0.6451822916666666,right_only,SHAP_only,,nCc1=c-o-c=c-1
nCc1=c-s-c=c-1,,,,,,,,,,,,,,,,,,0.0,0.0,0.0,1.0,0.0,0.2903645833333333,right_only,SHAP_only,,nCc1=c-s-c=c-1
nS(N)(=O)=O,nS(N)(=O)=O,6.435406698564593,60.453446191052,0.000648035994037,3.1884008713245597,1.0,0.0018587360594795,5.0,0.0,0.0,2.0,Highest_StrongOnly,True,0.9951961569255404,0.8542834267413931,0.9951961569255404,0.948225246864158,,,,,,,left_only,STATS_only,,nS(N)(=O)=O
nc(=O)c1nnnc1n,,,,,,,,,,,,,,,,,,0.010094,1.0,1.0,0.0,0.0,0.8433159722222222,right_only,SHAP_only,,nc(=O)c1nnnc1n
nc(N)c1ncnc1n,,,,,,,,,,,,,,,,,,0.000795,0.153,1.0,1.0,0.0,0.6675347222222222,right_only,SHAP_only,,nc(N)c1ncnc1n
nc(N)o,nc(N)o,0.0,0.3182936256940052,0.7802674544627747,0.1077565074532979,0.0,0.0,0.0,0.0,8.0,0.0,Negative_InactiveOnly,False,0.18254603682946358,0.2790232185748599,0.18254603682946358,0.21470509741126234,,,,,,,left_only,STATS_only,,nc(N)o
nc(O)s,,,,,,,,,,,,,,,,,,0.0,0.0,0.0,0.0,1.0,0.2903645833333333,right_only,SHAP_only,,nc(O)s
nc(S)c1cnnc1n,,,,,,,,,,,,,,,,,,0.0,0.0,0.0,0.0,1.0,0.2903645833333333,right_only,SHAP_only,,nc(S)c1cnnc1n
nc([nH])-n1-n=c-c=c-1O,,,,,,,,,,,,,,,,,,0.0,0.0,0.0,0.0,1.0,0.2903645833333333,right_only,SHAP_only,,nc([nH])-n1-n=c-c=c-1O
nc([nH])C(=O)O,,,,,,,,,,,,,,,,,,0.0,0.0,0.0,1.0,0.0,0.2903645833333333,right_only,SHAP_only,,nc([nH])C(=O)O
nc([nH])N,nc(N)[nH],0.5850369725967812,0.619340711368882,0.7404966786927719,0.1304768850545035,0.0909090909090909,0.0011152416356877,3.0,6.0,24.0,0.0,Neutral_Balanced,False,0.489191353082466,0.3646917534027222,0.489191353082466,0.4476914865225514,,,,,,,left_only,STATS_only,,nc(N)[nH]
nc(n)-c1=c-c=c-[nH]-1,,,,,,,,,,,,,,,,,,0.0,0.0,0.0,0.0,8.0,0.2903645833333333,right_only,SHAP_only,,nc(n)-c1=c-c=c-[nH]-1
nc(n)-c1=c-c=c-s-1,,,,,,,,,,,,,,,,,,0.0,0.0,0.0,2.0,0.0,0.2903645833333333,right_only,SHAP_only,,nc(n)-c1=c-c=c-s-1
nc(n)-n,,,,,,,,,,,,,,,,,,0.0,0.0,0.0,1.0,0.0,0.2903645833333333,right_only,SHAP_only,,nc(n)-n
nc(n)=O,,,,,,,,,,,,,,,,,,0.0,0.0,0.0,1.0,0.0,0.2903645833333333,right_only,SHAP_only,,nc(n)=O
nc(n)C(=O)NO,,,,,,,,,,,,,,,,,,0.0,0.0,0.0,1.0,0.0,0.2903645833333333,right_only,SHAP_only,,nc(n)C(=O)NO
nc(n)C(F)(F)F,nc(n)C(F)(F)F,0.0,0.4925600086890409,1.0,-0.0,0.0,0.0,0.0,0.0,5.0,0.0,Negative_InactiveOnly,False,0.18254603682946358,0.07606084867894315,0.18254603682946358,0.14705097411262344,,,,,,,left_only,STATS_only,,nc(n)C(F)(F)F
nc(n)CS,,,,,,,,,,,,,,,,,,0.0,0.0,0.0,2.0,0.0,0.2903645833333333,right_only,SHAP_only,,nc(n)CS
nc(n)O,,,,,,,,,,,,,,,,,,0.0,0.0,0.0,0.0,1.0,0.2903645833333333,right_only,SHAP_only,,nc(n)O
nc(n)[N+](=O)[O-],,,,,,,,,,,,,,,,,,0.0,0.0,0.0,1.0,0.0,0.2903645833333333,right_only,SHAP_only,,nc(n)[N+](=O)[O-]
nc(s)Cl,,,,,,,,,,,,,,,,,,0.0,0.0,0.0,1.0,0.0,0.2903645833333333,right_only,SHAP_only,,nc(s)Cl
nc(s)N1CCCC1=O,,,,,,,,,,,,,,,,,,0.049041,1.0,2.0,0.0,0.0,0.9027777777777778,right_only,SHAP_only,,nc(s)N1CCCC1=O
nc(s)SC(N)=O,,,,,,,,,,,,,,,,,,0.0,0.0,0.0,3.0,0.0,0.2903645833333333,right_only,SHAP_only,,nc(s)SC(N)=O
ncc(C(=O)O)c(n)N,,,,,,,,,,,,,,,,,,0.0,0.0,0.0,0.0,1.0,0.2903645833333333,right_only,SHAP_only,,ncc(C(=O)O)c(n)N
ncc(C(=O)O)c(n)O,,,,,,,,,,,,,,,,,,0.001763,1.0,1.0,0.0,0.0,0.7005208333333334,right_only,SHAP_only,,ncc(C(=O)O)c(n)O
ncc(CN)nn,nnc(cn)CN,0.9900625690099376,1.180385197557284,1.0,-0.0,0.1538461538461538,0.0007434944237918,2.0,3.0,8.0,0.0,Neutral_Balanced,False,0.6172938350680545,0.07606084867894315,0.6172938350680545,0.43688283960501734,,,,,,,left_only,STATS_only,,nnc(cn)CN
nccc(n)O,,,,,,,,,,,,,,,,,,0.0,0.0,0.0,0.0,1.0,0.2903645833333333,right_only,SHAP_only,,nccc(n)O
ncccn,ncccn,1.0725677830940987,1.2933744926542046,1.0,-0.0,0.1666666666666666,0.0007434944237918,2.0,1.0,9.0,0.0,Neutral_Balanced,False,0.6461168935148118,0.07606084867894315,0.6461168935148118,0.4560982119028556,,,,,,,left_only,STATS_only,,ncccn
nco,,,,,,,,,,,,,,,,,,0.0,0.0,0.0,2.0,0.0,0.2903645833333333,right_only,SHAP_only,,nco
nn[nH]c(n)N,nn[nH]c(n)N,0.0,0.2574386982989133,0.624428810259094,0.2045170674163206,0.0,0.0,0.0,0.0,10.0,0.0,Negative_InactiveOnly,False,0.18254603682946358,0.40392313851080863,0.18254603682946358,0.2563384040565786,,,,,,,left_only,STATS_only,,nn[nH]c(n)N
nnnc([nH])N,nnnc(N)[nH],0.0,0.2574386982989133,0.624428810259094,0.2045170674163206,0.0,0.0,0.0,0.0,10.0,0.0,Negative_InactiveOnly,False,0.18254603682946358,0.40392313851080863,0.18254603682946358,0.2563384040565786,,,,,,,left_only,STATS_only,,nnnc(N)[nH]
nnnc(n)S,nnnc(n)S,1.0725677830940987,1.4812193794229722,1.0,-0.0,0.1666666666666666,0.0003717472118959,1.0,0.0,5.0,0.0,Neutral_Balanced,False,0.6461168935148118,0.07606084867894315,0.6461168935148118,0.4560982119028556,,,,,,,left_only,STATS_only,,nnnc(n)S
nns,,,,,,,,,,,,,,,,,,0.0,0.0,0.0,0.0,1.0,0.2903645833333333,right_only,SHAP_only,,nns
sc1ncnn1,,,,,,,,,,,,,,,,,,0.0,0.0,0.0,0.0,1.0,0.2903645833333333,right_only,SHAP_only,,sc1ncnn1
