{
  "loss": 0.5262837509314219,
  "auc": 0.8792060033890099,
  "acc": 0.8162393162393162,
  "f1": 0.7514450867052023,
  "sensitivity": 0.8024691358024691,
  "specificity": 0.8235294117647058
}